month,store_id,product_id,opening_stock,received_qty,sold_qty,damaged_qty,closing_stock
2025-01-01,S001,P001,32,87,84,3,32
2025-01-01,S001,P002,231,179,54,0,356
2025-01-01,S001,P003,141,168,8,2,299
2025-01-01,S001,P004,56,154,141,3,66
2025-01-01,S001,P005,171,128,298,1,0
2025-01-01,S001,P006,206,126,67,2,263
2025-01-01,S001,P007,157,116,187,1,85
2025-01-01,S001,P008,167,28,98,1,96
2025-01-01,S001,P009,98,116,63,1,150
2025-01-01,S001,P010,200,23,69,0,154
2025-01-01,S001,P011,166,161,186,1,140
2025-01-01,S001,P012,172,57,183,2,44
2025-01-01,S001,P013,167,75,59,0,183
2025-01-01,S001,P014,66,58,40,0,84
2025-01-01,S001,P015,164,142,306,3,0
2025-01-01,S001,P016,226,167,78,0,315
2025-01-01,S001,P017,179,113,203,2,87
2025-01-01,S001,P018,69,21,9,2,79
2025-01-01,S001,P019,86,82,57,0,111
2025-01-01,S001,P020,205,22,117,0,110
2025-01-01,S002,P001,181,0,116,0,65
2025-01-01,S002,P002,133,116,110,2,137
2025-01-01,S002,P003,146,152,298,3,0
2025-01-01,S002,P004,201,89,116,3,171
2025-01-01,S002,P005,54,19,68,2,3
2025-01-01,S002,P006,105,27,111,0,21
2025-01-01,S002,P007,175,115,16,2,272
2025-01-01,S002,P008,21,84,51,1,53
2025-01-01,S002,P009,176,0,33,0,143
2025-01-01,S002,P010,67,154,115,3,103
2025-01-01,S002,P011,159,104,177,2,84
2025-01-01,S002,P012,183,59,128,2,112
2025-01-01,S002,P013,112,175,42,0,245
2025-01-01,S002,P014,141,142,148,0,135
2025-01-01,S002,P015,127,4,4,3,124
2025-01-01,S002,P016,83,13,92,1,3
2025-01-01,S002,P017,183,24,126,-1,81
2025-01-01,S002,P018,132,37,133,0,36
2025-01-01,S002,P019,233,33,110,3,153
2025-01-01,S002,P020,33,56,75,0,14
2025-01-01,S003,P001,146,6,146,3,3
2025-01-01,S003,P002,110,83,73,2,118
2025-01-01,S003,P003,37,173,58,0,152
2025-01-01,S003,P004,137,85,209,0,13
2025-01-01,S003,P005,20,172,106,0,86
2025-01-01,S003,P006,104,49,15,3,135
2025-01-01,S003,P007,122,22,26,0,118
2025-01-01,S003,P008,98,39,9,0,128
2025-01-01,S003,P009,57,41,39,3,56
2025-01-01,S003,P010,50,163,67,0,146
2025-01-01,S003,P011,163,144,132,3,172
2025-01-01,S003,P012,90,125,9,1,205
2025-01-01,S003,P013,195,137,284,3,45
2025-01-01,S003,P014,241,178,252,0,167
2025-01-01,S003,P015,111,177,261,0,27
2025-01-01,S003,P016,221,43,31,1,232
2025-01-01,S003,P017,136,84,8,0,212
2025-01-01,S003,P018,245,62,216,2,89
2025-01-01,S003,P019,138,180,226,3,89
2025-01-01,S003,P020,98,159,37,0,220
2025-01-01,S004,P001,243,22,198,1,66
2025-01-01,S004,P002,88,178,238,1,27
2025-01-01,S004,P003,139,41,2,1,177
2025-01-01,S004,P004,56,145,175,0,26
2025-01-01,S004,P005,171,20,119,1,71
2025-01-01,S004,P006,40,56,17,1,78
2025-01-01,S004,P007,114,125,166,0,73
2025-01-01,S004,P008,227,44,226,1,44
2025-01-01,S004,P009,236,54,21,0,269
2025-01-01,S004,P010,93,124,55,0,162
2025-01-01,S004,P011,229,157,104,0,282
2025-01-01,S004,P012,44,178,67,0,155
2025-01-01,S004,P013,121,137,156,0,102
2025-01-01,S004,P014,91,148,183,2,54
2025-01-01,S004,P015,177,58,232,2,1
2025-01-01,S004,P016,236,134,124,2,244
2025-01-01,S004,P017,168,108,31,1,244
2025-01-01,S004,P018,43,157,84,2,-10
2025-01-01,S004,P019,67,69,15,0,121
2025-01-01,S004,P020,54,25,10,1,68
2025-01-01,S005,P001,234,142,210,0,166
2025-01-01,S005,P002,246,13,133,1,125
2025-01-01,S005,P003,134,59,158,1,34
2025-01-01,S005,P004,35,14,17,2,30
2025-01-01,S005,P005,225,141,50,1,315
2025-01-01,S005,P006,105,13,3,3,112
2025-01-01,S005,P007,205,19,192,0,32
2025-01-01,S005,P008,28,112,59,0,81
2025-01-01,S005,P009,168,35,0,3,200
2025-01-01,S005,P010,174,53,212,0,15
2025-01-01,S005,P011,189,63,110,0,142
2025-01-01,S005,P012,237,1,148,2,88
2025-01-01,S005,P013,190,7,45,0,152
2025-01-01,S005,P014,225,174,275,0,124
2025-01-01,S005,P015,209,145,188,0,166
2025-01-01,S005,P016,190,175,323,3,39
2025-01-01,S005,P017,73,16,26,1,62
2025-01-01,S005,P018,165,6,12,3,156
2025-01-01,S005,P019,246,113,101,3,255
2025-01-01,S005,P020,26,144,154,3,13
2025-01-01,S006,P001,84,63,67,1,79
2025-01-01,S006,P002,238,17,204,1,50
2025-01-01,S006,P003,128,83,168,2,41
2025-01-01,S006,P004,142,127,51,3,215
2025-01-01,S006,P005,38,27,25,3,37
2025-01-01,S006,P006,198,148,35,3,308
2025-01-01,S006,P007,199,43,120,2,120
2025-01-01,S006,P008,81,115,78,3,115
2025-01-01,S006,P009,92,44,35,2,99
2025-01-01,S006,P010,152,160,40,2,270
2025-01-01,S006,P011,185,135,73,1,246
2025-01-01,S006,P012,141,72,145,0,68
2025-01-01,S006,P013,68,75,32,0,111
2025-01-01,S006,P014,238,58,118,0,178
2025-01-01,S006,P015,216,139,344,3,8
2025-01-01,S006,P016,47,100,116,-1,28
2025-01-01,S006,P017,140,108,194,3,51
2025-01-01,S006,P018,231,52,113,1,169
2025-01-01,S006,P019,34,32,16,3,47
2025-01-01,S006,P020,68,28,24,2,70
2025-01-01,S007,P001,196,99,42,2,251
2025-01-01,S007,P002,97,154,103,3,145
2025-01-01,S007,P003,170,11,18,0,163
2025-01-01,S007,P004,83,25,100,0,8
2025-01-01,S007,P005,110,127,208,0,29
2025-01-01,S007,P006,157,131,60,3,225
2025-01-01,S007,P007,204,117,318,3,0
2025-01-01,S007,P008,126,145,103,0,168
2025-01-01,S007,P009,112,169,77,0,204
2025-01-01,S007,P010,221,140,297,0,64
2025-01-01,S007,P011,205,84,249,2,38
2025-01-01,S007,P012,160,1,126,1,34
2025-01-01,S007,P013,180,0,163,0,17
2025-01-01,S007,P014,238,124,186,2,174
2025-01-01,S007,P015,241,174,336,-1,79
2025-01-01,S007,P016,158,17,156,0,19
2025-01-01,S007,P017,221,176,91,0,306
2025-01-01,S007,P018,47,138,652,0,22
2025-01-01,S007,P019,173,83,248,3,5
2025-01-01,S007,P020,49,105,18,2,134
2025-01-01,S008,P001,33,86,59,2,58
2025-01-01,S008,P002,234,120,73,1,280
2025-01-01,S008,P003,239,145,314,0,70
2025-01-01,S008,P004,239,173,208,2,202
2025-01-01,S008,P005,210,144,107,1,246
2025-01-01,S008,P006,176,29,193,1,-10
2025-01-01,S008,P007,131,122,177,0,76
2025-01-01,S008,P008,98,12,49,3,58
2025-01-01,S008,P009,145,34,155,0,24
2025-01-01,S008,P010,138,41,57,0,122
2025-01-01,S008,P011,171,157,96,3,229
2025-01-01,S008,P012,154,75,61,0,168
2025-01-01,S008,P013,204,129,179,3,151
2025-01-01,S008,P014,230,45,53,2,220
2025-01-01,S008,P015,171,95,73,3,190
2025-01-01,S008,P016,184,89,223,-1,50
2025-01-01,S008,P017,57,81,102,2,34
2025-01-01,S008,P018,69,84,80,0,73
2025-01-01,S008,P019,114,149,258,0,5
2025-01-01,S008,P020,90,40,61,2,67
2025-01-01,S009,P001,213,90,276,3,24
2025-01-01,S009,P002,123,148,230,0,41
2025-01-01,S009,P003,81,3,37,2,45
2025-01-01,S009,P004,230,119,307,2,40
2025-01-01,S009,P005,82,87,141,1,27
2025-01-01,S009,P006,191,122,14,2,297
2025-01-01,S009,P007,174,102,1,0,275
2025-01-01,S009,P008,150,59,100,1,108
2025-01-01,S009,P009,244,79,224,1,98
2025-01-01,S009,P010,73,0,73,0,0
2025-01-01,S009,P011,114,136,6,0,244
2025-01-01,S009,P012,126,91,172,0,45
2025-01-01,S009,P013,150,1,62,1,88
2025-01-01,S009,P014,92,163,32,0,223
2025-01-01,S009,P015,188,177,186,2,177
2025-01-01,S009,P016,89,120,43,3,163
2025-01-01,S009,P017,86,177,15,1,247
2025-01-01,S009,P018,241,103,185,0,159
2025-01-01,S009,P019,45,55,1,0,99
2025-01-01,S009,P020,147,95,133,0,109
2025-01-01,S010,P001,62,172,93,3,138
2025-01-01,S010,P002,243,174,136,3,278
2025-01-01,S010,P003,128,3,83,0,48
2025-01-01,S010,P004,133,80,105,3,105
2025-01-01,S010,P005,165,95,160,0,100
2025-01-01,S010,P006,65,79,33,0,111
2025-01-01,S010,P007,116,141,66,0,191
2025-01-01,S010,P008,126,41,97,0,70
2025-01-01,S010,P009,148,121,78,2,189
2025-01-01,S010,P010,172,152,137,3,184
2025-01-01,S010,P011,190,160,210,3,137
2025-01-01,S010,P012,138,82,172,0,48
2025-01-01,S010,P013,209,42,96,0,155
2025-01-01,S010,P014,43,79,106,1,15
2025-01-01,S010,P015,197,153,305,2,43
2025-01-01,S010,P016,193,37,126,0,104
2025-01-01,S010,P017,43,174,71,1,145
2025-01-01,S010,P018,204,55,90,0,-10
2025-01-01,S010,P019,38,131,148,1,20
2025-01-01,S010,P020,237,26,154,2,107
2025-01-01,S011,P001,74,45,67,0,52
2025-01-01,S011,P002,136,40,112,0,-10
2025-01-01,S011,P003,84,82,79,0,87
2025-01-01,S011,P004,235,176,344,1,66
2025-01-01,S011,P005,64,137,12,2,187
2025-01-01,S011,P006,42,121,39,0,124
2025-01-01,S011,P007,129,81,173,0,37
2025-01-01,S011,P008,118,170,134,2,152
2025-01-01,S011,P009,117,155,86,0,186
2025-01-01,S011,P010,67,46,73,2,38
2025-01-01,S011,P011,72,126,93,0,105
2025-01-01,S011,P012,79,78,155,0,2
2025-01-01,S011,P013,144,63,153,1,53
2025-01-01,S011,P014,99,14,36,2,75
2025-01-01,S011,P015,147,67,115,0,99
2025-01-01,S011,P016,122,161,19,3,261
2025-01-01,S011,P017,185,55,5,2,233
2025-01-01,S011,P018,198,174,316,3,53
2025-01-01,S011,P019,173,48,3,3,215
2025-01-01,S011,P020,104,86,66,2,122
2025-01-01,S012,P001,246,123,345,0,24
2025-01-01,S012,P002,28,109,1,1,135
2025-01-01,S012,P003,223,44,79,0,188
2025-01-01,S012,P004,159,135,25,0,269
2025-01-01,S012,P005,219,81,17,2,281
2025-01-01,S012,P006,59,176,188,1,46
2025-01-01,S012,P007,217,66,249,3,31
2025-01-01,S012,P008,38,11,46,3,0
2025-01-01,S012,P009,187,91,278,2,0
2025-01-01,S012,P010,178,23,57,1,143
2025-01-01,S012,P011,96,26,98,0,24
2025-01-01,S012,P012,65,46,14,0,97
2025-01-01,S012,P013,98,83,87,2,92
2025-01-01,S012,P014,185,172,106,1,250
2025-01-01,S012,P015,95,41,77,1,58
2025-01-01,S012,P016,22,149,109,0,62
2025-01-01,S012,P017,246,16,235,1,26
2025-01-01,S012,P018,192,145,140,3,194
2025-01-01,S012,P019,73,145,101,2,115
2025-01-01,S012,P020,196,58,130,0,124
2025-01-01,S013,P001,59,151,119,3,88
2025-01-01,S013,P002,83,148,160,2,69
2025-01-01,S013,P003,246,157,251,0,152
2025-01-01,S013,P004,82,61,55,3,85
2025-01-01,S013,P005,112,104,22,2,192
2025-01-01,S013,P006,133,124,37,0,220
2025-01-01,S013,P007,165,16,5,1,175
2025-01-01,S013,P008,96,114,93,0,117
2025-01-01,S013,P009,181,160,204,0,137
2025-01-01,S013,P010,193,93,220,0,66
2025-01-01,S013,P011,228,55,121,0,162
2025-01-01,S013,P012,148,153,36,1,264
2025-01-01,S013,P013,122,51,93,0,80
2025-01-01,S013,P014,55,20,39,0,36
2025-01-01,S013,P015,206,137,62,2,279
2025-01-01,S013,P016,202,34,20,1,215
2025-01-01,S013,P017,64,44,27,1,80
2025-01-01,S013,P018,102,104,147,0,59
2025-01-01,S013,P019,172,87,63,2,194
2025-01-01,S013,P020,158,61,170,0,49
2025-01-01,S014,P001,29,138,108,0,59
2025-01-01,S014,P002,211,151,36,1,325
2025-01-01,S014,P003,217,76,156,0,137
2025-01-01,S014,P004,185,61,53,0,193
2025-01-01,S014,P005,33,83,101,3,12
2025-01-01,S014,P006,163,5,162,1,5
2025-01-01,S014,P007,175,105,37,2,241
2025-01-01,S014,P008,71,99,86,2,82
2025-01-01,S014,P009,235,88,260,2,61
2025-01-01,S014,P010,232,94,127,0,199
2025-01-01,S014,P011,85,165,182,3,65
2025-01-01,S014,P012,225,141,204,1,161
2025-01-01,S014,P013,197,144,186,1,154
2025-01-01,S014,P014,28,178,171,1,34
2025-01-01,S014,P015,84,142,130,1,95
2025-01-01,S014,P016,117,24,120,0,21
2025-01-01,S014,P017,250,63,198,1,114
2025-01-01,S014,P018,97,41,122,3,13
2025-01-01,S014,P019,87,87,119,2,53
2025-01-01,S014,P020,232,95,208,0,119
2025-01-01,S015,P001,143,91,12,1,221
2025-01-01,S015,P002,158,33,113,1,77
2025-01-01,S015,P003,65,36,32,2,67
2025-01-01,S015,P004,196,118,13,3,298
2025-01-01,S015,P005,229,130,243,2,114
2025-01-01,S015,P006,73,8,37,0,44
2025-01-01,S015,P007,49,26,74,0,1
2025-01-01,S015,P008,201,131,111,2,219
2025-01-01,S015,P009,111,19,105,3,22
2025-01-01,S015,P010,86,69,130,0,25
2025-01-01,S015,P011,98,62,49,2,109
2025-01-01,S015,P012,209,43,97,0,155
2025-01-01,S015,P013,235,160,194,0,201
2025-01-01,S015,P014,81,51,61,0,71
2025-01-01,S015,P015,61,0,39,1,21
2025-01-01,S015,P016,133,54,95,0,92
2025-01-01,S015,P017,241,123,82,0,282
2025-01-01,S015,P018,82,156,215,1,22
2025-01-01,S015,P019,21,176,175,1,21
2025-01-01,S015,P020,115,12,44,2,81
2025-01-01,S016,P001,143,107,20,0,230
2025-01-01,S016,P002,103,106,185,1,23
2025-01-01,S016,P003,113,22,65,2,68
2025-01-01,S016,P004,123,23,91,0,55
2025-01-01,S016,P005,213,94,45,3,259
2025-01-01,S016,P006,208,58,85,3,178
2025-01-01,S016,P007,119,134,73,0,180
2025-01-01,S016,P008,111,61,21,0,151
2025-01-01,S016,P009,22,100,47,0,75
2025-01-01,S016,P010,199,101,189,0,111
2025-01-01,S016,P011,110,90,83,1,116
2025-01-01,S016,P012,168,174,268,3,71
2025-01-01,S016,P013,210,161,33,0,338
2025-01-01,S016,P014,131,164,250,3,42
2025-01-01,S016,P015,230,167,73,0,324
2025-01-01,S016,P016,224,64,209,0,79
2025-01-01,S016,P017,216,116,12,0,320
2025-01-01,S016,P018,187,73,42,0,218
2025-01-01,S016,P019,240,34,236,3,35
2025-01-01,S016,P020,25,19,18,1,25
2025-01-01,S017,P001,239,36,17,2,256
2025-01-01,S017,P002,28,2,6,0,24
2025-01-01,S017,P003,232,20,45,0,207
2025-01-01,S017,P004,92,122,151,3,60
2025-01-01,S017,P005,215,55,163,3,104
2025-01-01,S017,P006,184,45,192,0,37
2025-01-01,S017,P007,211,134,330,2,13
2025-01-01,S017,P008,109,38,77,3,67
2025-01-01,S017,P009,57,164,0,1,220
2025-01-01,S017,P010,245,177,70,3,349
2025-01-01,S017,P011,247,16,37,1,225
2025-01-01,S017,P012,108,0,48,0,60
2025-01-01,S017,P013,38,60,89,0,9
2025-01-01,S017,P014,233,164,26,0,371
2025-01-01,S017,P015,247,47,139,0,155
2025-01-01,S017,P016,175,113,190,1,97
2025-01-01,S017,P017,45,120,145,0,20
2025-01-01,S017,P018,41,42,83,0,0
2025-01-01,S017,P019,202,157,24,0,335
2025-01-01,S017,P020,59,44,69,-1,31
2025-01-01,S018,P001,152,122,50,0,224
2025-01-01,S018,P002,204,19,119,0,104
2025-01-01,S018,P003,100,146,80,0,166
2025-01-01,S018,P004,192,30,131,2,89
2025-01-01,S018,P005,178,123,247,3,51
2025-01-01,S018,P006,65,115,40,3,137
2025-01-01,S018,P007,50,53,7,2,94
2025-01-01,S018,P008,229,130,269,0,90
2025-01-01,S018,P009,122,93,80,2,-10
2025-01-01,S018,P010,106,167,248,0,25
2025-01-01,S018,P011,22,131,133,3,17
2025-01-01,S018,P012,98,165,42,0,221
2025-01-01,S018,P013,66,145,119,3,89
2025-01-01,S018,P014,97,176,40,0,233
2025-01-01,S018,P015,119,10,50,1,78
2025-01-01,S018,P016,171,168,224,0,115
2025-01-01,S018,P017,39,124,48,3,148
2025-01-01,S018,P018,44,96,70,1,69
2025-01-01,S018,P019,247,106,337,1,15
2025-01-01,S018,P020,43,22,57,3,5
2025-01-01,S019,P001,204,44,9,2,237
2025-01-01,S019,P002,112,69,108,0,73
2025-01-01,S019,P003,201,61,115,0,147
2025-01-01,S019,P004,115,76,109,0,82
2025-01-01,S019,P005,80,6,51,3,32
2025-01-01,S019,P006,25,134,121,1,37
2025-01-01,S019,P007,95,131,190,0,36
2025-01-01,S019,P008,20,91,6,1,104
2025-01-01,S019,P009,83,112,138,1,56
2025-01-01,S019,P010,139,25,123,0,41
2025-01-01,S019,P011,88,146,85,3,146
2025-01-01,S019,P012,138,110,70,1,177
2025-01-01,S019,P013,43,158,103,3,95
2025-01-01,S019,P014,48,42,22,0,68
2025-01-01,S019,P015,201,92,153,0,140
2025-01-01,S019,P016,208,65,268,3,2
2025-01-01,S019,P017,212,102,95,3,216
2025-01-01,S019,P018,33,98,56,0,75
2025-01-01,S019,P019,250,112,19,2,341
2025-01-01,S019,P020,20,67,86,2,0
2025-01-01,S020,P001,89,34,27,0,96
2025-01-01,S020,P002,127,150,58,0,219
2025-01-01,S020,P003,198,145,74,2,267
2025-01-01,S020,P004,31,97,49,0,79
2025-01-01,S020,P005,134,109,72,0,171
2025-01-01,S020,P006,146,7,19,0,134
2025-01-01,S020,P007,157,158,88,2,225
2025-01-01,S020,P008,35,45,52,0,28
2025-01-01,S020,P009,35,22,4,0,53
2025-01-01,S020,P010,140,139,0,0,279
2025-01-01,S020,P011,235,173,219,2,187
2025-01-01,S020,P012,24,141,115,2,48
2025-01-01,S020,P013,97,114,33,3,175
2025-01-01,S020,P014,179,23,43,0,159
2025-01-01,S020,P015,248,70,58,2,258
2025-01-01,S020,P016,186,113,27,3,269
2025-01-01,S020,P017,229,120,177,3,169
2025-01-01,S020,P018,151,48,89,0,110
2025-01-01,S020,P019,246,173,44,0,375
2025-01-01,S020,P020,190,43,217,3,13
2025-01-01,S021,P001,222,58,121,0,159
2025-01-01,S021,P002,116,21,39,2,96
2025-01-01,S021,P003,114,10,47,0,77
2025-01-01,S021,P004,55,143,167,0,31
2025-01-01,S021,P005,161,78,211,2,26
2025-01-01,S021,P006,161,143,13,0,291
2025-01-01,S021,P007,130,179,66,3,240
2025-01-01,S021,P008,72,9,76,2,3
2025-01-01,S021,P009,24,139,49,1,113
2025-01-01,S021,P010,238,56,274,2,18
2025-01-01,S021,P011,189,167,116,0,240
2025-01-01,S021,P012,149,65,54,0,160
2025-01-01,S021,P013,143,139,171,1,110
2025-01-01,S021,P014,124,25,76,0,73
2025-01-01,S021,P015,247,9,56,1,199
2025-01-01,S021,P016,184,88,93,1,178
2025-01-01,S021,P017,53,92,98,0,47
2025-01-01,S021,P018,147,4,72,2,77
2025-01-01,S021,P019,84,130,54,0,160
2025-01-01,S021,P020,192,167,346,0,13
2025-01-01,S022,P001,123,94,161,0,56
2025-01-01,S022,P002,228,47,202,0,73
2025-01-01,S022,P003,96,10,76,2,28
2025-01-01,S022,P004,116,166,253,2,27
2025-01-01,S022,P005,53,74,76,1,50
2025-01-01,S022,P006,215,5,150,2,68
2025-01-01,S022,P007,149,76,44,2,179
2025-01-01,S022,P008,200,63,203,0,60
2025-01-01,S022,P009,149,36,106,1,78
2025-01-01,S022,P010,107,137,219,0,25
2025-01-01,S022,P011,168,143,53,3,255
2025-01-01,S022,P012,41,56,35,1,61
2025-01-01,S022,P013,174,102,212,0,64
2025-01-01,S022,P014,180,112,197,3,92
2025-01-01,S022,P015,108,173,152,3,126
2025-01-01,S022,P016,128,50,60,0,118
2025-01-01,S022,P017,24,167,186,3,2
2025-01-01,S022,P018,74,122,177,3,16
2025-01-01,S022,P019,225,108,134,0,199
2025-01-01,S022,P020,52,7,57,0,2
2025-01-01,S023,P001,40,105,12,0,133
2025-01-01,S023,P002,41,147,103,0,85
2025-01-01,S023,P003,230,67,160,2,135
2025-01-01,S023,P004,220,167,207,1,179
2025-01-01,S023,P005,240,13,56,0,197
2025-01-01,S023,P006,66,167,219,0,14
2025-01-01,S023,P007,37,55,17,2,73
2025-01-01,S023,P008,213,108,112,0,209
2025-01-01,S023,P009,151,43,191,2,1
2025-01-01,S023,P010,113,49,244,0,101
2025-01-01,S023,P011,207,138,200,0,145
2025-01-01,S023,P012,189,95,102,3,179
2025-01-01,S023,P013,222,107,7,0,322
2025-01-01,S023,P014,37,167,148,0,56
2025-01-01,S023,P015,102,84,78,1,107
2025-01-01,S023,P016,219,143,96,0,266
2025-01-01,S023,P017,48,137,107,3,75
2025-01-01,S023,P018,115,117,103,1,128
2025-01-01,S023,P019,76,31,92,0,15
2025-01-01,S023,P020,208,179,66,1,320
2025-01-01,S024,P001,130,98,198,0,30
2025-01-01,S024,P002,217,25,178,3,61
2025-01-01,S024,P003,213,161,256,0,118
2025-01-01,S024,P004,89,175,25,1,238
2025-01-01,S024,P005,137,176,278,3,32
2025-01-01,S024,P006,23,8,6,0,25
2025-01-01,S024,P007,35,94,20,0,109
2025-01-01,S024,P008,60,64,87,0,37
2025-01-01,S024,P009,193,21,28,2,184
2025-01-01,S024,P010,93,146,165,0,74
2025-01-01,S024,P011,35,107,117,0,25
2025-01-01,S024,P012,187,111,294,0,4
2025-01-01,S024,P013,73,58,121,0,10
2025-01-01,S024,P014,141,179,280,1,39
2025-01-01,S024,P015,108,74,95,0,87
2025-01-01,S024,P016,118,60,157,1,20
2025-01-01,S024,P017,35,105,69,1,70
2025-01-01,S024,P018,143,87,146,3,81
2025-01-01,S024,P019,246,167,238,1,174
2025-01-01,S024,P020,70,162,85,0,147
2025-01-01,S025,P001,121,45,77,0,89
2025-01-01,S025,P002,193,90,26,0,257
2025-01-01,S025,P003,75,0,70,0,5
2025-01-01,S025,P004,88,38,120,0,6
2025-01-01,S025,P005,101,173,263,0,11
2025-01-01,S025,P006,35,71,66,2,38
2025-01-01,S025,P007,139,138,240,1,36
2025-01-01,S025,P008,41,170,122,0,89
2025-01-01,S025,P009,199,118,75,3,239
2025-01-01,S025,P010,160,0,100,0,60
2025-01-01,S025,P011,59,30,140,1,53
2025-01-01,S025,P012,87,162,109,1,139
2025-01-01,S025,P013,121,7,40,0,88
2025-01-01,S025,P014,143,106,197,0,52
2025-01-01,S025,P015,242,115,68,0,289
2025-01-01,S025,P016,223,7,99,3,128
2025-01-01,S025,P017,250,111,137,2,222
2025-01-01,S025,P018,99,23,97,0,25
2025-01-01,S025,P019,84,15,54,0,45
2025-01-01,S025,P020,114,105,87,3,129
2025-01-01,S026,P001,111,156,131,2,134
2025-01-01,S026,P002,30,32,32,3,27
2025-01-01,S026,P003,55,9,11,0,53
2025-01-01,S026,P004,172,180,275,1,76
2025-01-01,S026,P005,114,159,174,1,98
2025-01-01,S026,P006,204,47,184,0,67
2025-01-01,S026,P007,201,133,227,1,106
2025-01-01,S026,P008,182,81,20,2,241
2025-01-01,S026,P009,191,129,141,0,179
2025-01-01,S026,P010,154,41,138,0,57
2025-01-01,S026,P011,186,19,155,3,47
2025-01-01,S026,P012,128,171,229,2,68
2025-01-01,S026,P013,197,143,47,0,293
2025-01-01,S026,P014,167,103,216,0,54
2025-01-01,S026,P015,173,32,41,1,163
2025-01-01,S026,P016,164,82,80,3,163
2025-01-01,S026,P017,82,168,85,0,165
2025-01-01,S026,P018,238,4,143,0,99
2025-01-01,S026,P019,112,8,102,0,18
2025-01-01,S026,P020,247,23,83,0,187
2025-01-01,S027,P001,122,164,258,1,27
2025-01-01,S027,P002,102,12,8,3,103
2025-01-01,S027,P003,100,124,97,0,127
2025-01-01,S027,P004,194,7,52,2,147
2025-01-01,S027,P005,196,171,179,0,188
2025-01-01,S027,P006,177,30,8,0,199
2025-01-01,S027,P007,213,172,28,3,354
2025-01-01,S027,P008,247,90,271,0,66
2025-01-01,S027,P009,185,89,83,2,189
2025-01-01,S027,P010,90,3,2,0,91
2025-01-01,S027,P011,132,96,134,0,94
2025-01-01,S027,P012,220,46,172,2,92
2025-01-01,S027,P013,96,7,74,0,29
2025-01-01,S027,P014,185,101,89,2,195
2025-01-01,S027,P015,107,161,186,0,82
2025-01-01,S027,P016,56,175,188,0,43
2025-01-01,S027,P017,198,111,48,3,258
2025-01-01,S027,P018,69,84,32,3,118
2025-01-01,S027,P019,121,162,173,2,108
2025-01-01,S027,P020,162,3,146,1,18
2025-01-01,S028,P001,62,155,179,2,36
2025-01-01,S028,P002,201,7,156,2,50
2025-01-01,S028,P003,55,28,35,0,48
2025-01-01,S028,P004,186,103,161,0,128
2025-01-01,S028,P005,162,43,104,2,99
2025-01-01,S028,P006,164,3,138,1,28
2025-01-01,S028,P007,52,8,9,0,51
2025-01-01,S028,P008,32,99,28,0,103
2025-01-01,S028,P009,246,165,296,0,115
2025-01-01,S028,P010,171,72,161,0,82
2025-01-01,S028,P011,247,76,197,0,126
2025-01-01,S028,P012,195,167,357,0,5
2025-01-01,S028,P013,157,125,227,0,55
2025-01-01,S028,P014,124,146,87,0,183
2025-01-01,S028,P015,190,45,62,0,173
2025-01-01,S028,P016,82,76,16,0,142
2025-01-01,S028,P017,161,161,121,3,198
2025-01-01,S028,P018,121,116,209,3,25
2025-01-01,S028,P019,157,27,53,3,128
2025-01-01,S028,P020,31,168,116,0,83
2025-01-01,S029,P001,55,75,100,0,30
2025-01-01,S029,P002,247,134,16,0,365
2025-01-01,S029,P003,26,162,76,3,109
2025-01-01,S029,P004,227,158,319,0,66
2025-01-01,S029,P005,233,48,224,0,57
2025-01-01,S029,P006,88,14,55,3,44
2025-01-01,S029,P007,192,137,205,0,124
2025-01-01,S029,P008,184,144,138,0,190
2025-01-01,S029,P009,152,20,14,1,157
2025-01-01,S029,P010,189,169,182,0,176
2025-01-01,S029,P011,97,53,102,2,46
2025-01-01,S029,P012,133,91,130,1,93
2025-01-01,S029,P013,119,11,13,0,117
2025-01-01,S029,P014,187,19,93,0,113
2025-01-01,S029,P015,21,87,34,1,73
2025-01-01,S029,P016,210,25,157,0,78
2025-01-01,S029,P017,231,106,123,0,214
2025-01-01,S029,P018,66,129,193,2,0
2025-01-01,S029,P019,20,66,17,0,69
2025-01-01,S029,P020,181,111,151,0,141
2025-01-01,S030,P001,62,93,102,0,53
2025-01-01,S030,P002,25,13,2,2,34
2025-01-01,S030,P003,91,8,60,0,39
2025-01-01,S030,P004,250,57,18,1,288
2025-01-01,S030,P005,141,155,252,0,44
2025-01-01,S030,P006,173,65,87,0,151
2025-01-01,S030,P007,152,44,67,0,129
2025-01-01,S030,P008,41,140,30,1,150
2025-01-01,S030,P009,244,56,252,1,47
2025-01-01,S030,P010,208,156,63,2,299
2025-01-01,S030,P011,173,39,122,1,89
2025-01-01,S030,P012,115,144,133,0,126
2025-01-01,S030,P013,130,24,142,0,12
2025-01-01,S030,P014,31,107,56,1,81
2025-01-01,S030,P015,47,13,35,3,22
2025-01-01,S030,P016,59,129,128,2,58
2025-01-01,S030,P017,246,126,164,3,205
2025-01-01,S030,P018,52,86,42,3,93
2025-01-01,S030,P019,231,76,208,0,99
2025-01-01,S030,P020,33,67,27,2,71
2025-01-01,S031,P001,62,17,3,3,73
2025-01-01,S031,P002,168,121,76,2,211
2025-01-01,S031,P003,56,33,4,0,85
2025-01-01,S031,P004,80,51,24,2,105
2025-01-01,S031,P005,76,8,35,0,49
2025-01-01,S031,P006,47,161,203,0,5
2025-01-01,S031,P007,187,173,134,1,225
2025-01-01,S031,P008,41,72,6,0,107
2025-01-01,S031,P009,201,109,74,2,234
2025-01-01,S031,P010,214,21,232,2,1
2025-01-01,S031,P011,211,102,108,2,203
2025-01-01,S031,P012,49,173,133,3,86
2025-01-01,S031,P013,169,163,269,1,62
2025-01-01,S031,P014,217,8,179,0,46
2025-01-01,S031,P015,241,133,363,0,11
2025-01-01,S031,P016,142,81,74,0,149
2025-01-01,S031,P017,243,33,217,0,59
2025-01-01,S031,P018,232,102,204,0,130
2025-01-01,S031,P019,245,29,203,0,71
2025-01-01,S031,P020,165,140,170,2,133
2025-01-01,S032,P001,60,139,149,3,47
2025-01-01,S032,P002,187,33,151,1,68
2025-01-01,S032,P003,250,162,337,0,75
2025-01-01,S032,P004,188,44,616,3,75
2025-01-01,S032,P005,181,170,220,0,131
2025-01-01,S032,P006,141,48,39,3,147
2025-01-01,S032,P007,180,4,152,0,32
2025-01-01,S032,P008,166,120,114,0,172
2025-01-01,S032,P009,32,132,112,3,49
2025-01-01,S032,P010,237,143,177,2,201
2025-01-01,S032,P011,207,52,61,0,198
2025-01-01,S032,P012,96,74,24,2,144
2025-01-01,S032,P013,70,15,20,0,65
2025-01-01,S032,P014,59,0,10,0,49
2025-01-01,S032,P015,151,88,198,2,39
2025-01-01,S032,P016,245,156,219,3,179
2025-01-01,S032,P017,94,100,148,2,44
2025-01-01,S032,P018,154,178,237,0,95
2025-01-01,S032,P019,209,9,19,0,199
2025-01-01,S032,P020,169,14,159,0,24
2025-01-01,S033,P001,197,28,146,2,77
2025-01-01,S033,P002,71,121,55,3,134
2025-01-01,S033,P003,139,133,196,0,76
2025-01-01,S033,P004,48,110,110,2,46
2025-01-01,S033,P005,192,116,148,0,160
2025-01-01,S033,P006,246,148,120,3,271
2025-01-01,S033,P007,73,30,14,1,88
2025-01-01,S033,P008,53,159,167,1,44
2025-01-01,S033,P009,64,62,14,0,112
2025-01-01,S033,P010,49,99,136,2,10
2025-01-01,S033,P011,53,109,129,0,33
2025-01-01,S033,P012,33,55,72,2,14
2025-01-01,S033,P013,178,79,157,1,99
2025-01-01,S033,P014,201,176,139,0,238
2025-01-01,S033,P015,62,90,119,0,33
2025-01-01,S033,P016,229,111,20,0,320
2025-01-01,S033,P017,154,170,61,0,263
2025-01-01,S033,P018,39,78,57,2,58
2025-01-01,S033,P019,43,154,149,0,48
2025-01-01,S033,P020,135,139,70,0,204
2025-01-01,S034,P001,189,172,257,0,104
2025-01-01,S034,P002,218,161,32,1,346
2025-01-01,S034,P003,69,162,165,2,64
2025-01-01,S034,P004,234,12,210,2,34
2025-01-01,S034,P005,131,135,242,2,22
2025-01-01,S034,P006,239,1,107,0,133
2025-01-01,S034,P007,229,167,14,0,382
2025-01-01,S034,P008,155,93,164,0,84
2025-01-01,S034,P009,184,39,78,0,145
2025-01-01,S034,P010,215,161,190,0,186
2025-01-01,S034,P011,169,60,19,2,208
2025-01-01,S034,P012,47,115,108,3,51
2025-01-01,S034,P013,77,47,54,1,69
2025-01-01,S034,P014,115,94,72,1,136
2025-01-01,S034,P015,211,3,26,0,188
2025-01-01,S034,P016,135,8,81,1,61
2025-01-01,S034,P017,206,97,176,1,126
2025-01-01,S034,P018,183,121,67,1,236
2025-01-01,S034,P019,97,13,94,0,16
2025-01-01,S034,P020,119,70,70,0,119
2025-01-01,S035,P001,242,140,47,2,333
2025-01-01,S035,P002,214,148,282,3,77
2025-01-01,S035,P003,125,9,102,3,29
2025-01-01,S035,P004,181,112,6,1,286
2025-01-01,S035,P005,136,22,75,0,83
2025-01-01,S035,P006,24,158,28,3,151
2025-01-01,S035,P007,99,42,3,3,135
2025-01-01,S035,P008,95,150,158,3,84
2025-01-01,S035,P009,91,55,107,0,39
2025-01-01,S035,P010,158,118,251,0,25
2025-01-01,S035,P011,58,53,0,2,109
2025-01-01,S035,P012,80,52,108,0,24
2025-01-01,S035,P013,46,15,55,2,-10
2025-01-01,S035,P014,187,150,98,2,237
2025-01-01,S035,P015,58,18,2,0,74
2025-01-01,S035,P016,37,94,84,0,47
2025-01-01,S035,P017,220,3,111,3,109
2025-01-01,S035,P018,210,132,16,3,323
2025-01-01,S035,P019,250,117,362,3,2
2025-01-01,S035,P020,56,76,93,2,37
2025-02-01,S001,P001,94,157,151,0,100
2025-02-01,S001,P002,94,26,3,0,117
2025-02-01,S001,P003,164,37,93,0,108
2025-02-01,S001,P004,119,123,232,0,10
2025-02-01,S001,P005,114,84,140,0,58
2025-02-01,S001,P006,218,134,294,2,56
2025-02-01,S001,P007,98,99,11,1,185
2025-02-01,S001,P008,88,178,265,0,1
2025-02-01,S001,P009,173,16,51,0,138
2025-02-01,S001,P010,111,61,148,2,22
2025-02-01,S001,P011,149,43,186,0,6
2025-02-01,S001,P012,189,170,65,3,291
2025-02-01,S001,P013,184,47,144,1,86
2025-02-01,S001,P014,186,122,47,2,259
2025-02-01,S001,P015,169,141,129,2,179
2025-02-01,S001,P016,152,120,229,0,43
2025-02-01,S001,P017,34,169,78,0,125
2025-02-01,S001,P018,171,89,147,3,110
2025-02-01,S001,P019,183,93,127,0,149
2025-02-01,S001,P020,168,148,151,3,162
2025-02-01,S002,P001,177,139,232,2,82
2025-02-01,S002,P002,131,4,104,2,29
2025-02-01,S002,P003,217,106,61,0,262
2025-02-01,S002,P004,48,48,51,0,45
2025-02-01,S002,P005,217,113,47,1,282
2025-02-01,S002,P006,219,102,274,0,47
2025-02-01,S002,P007,75,42,95,2,20
2025-02-01,S002,P008,61,3,49,0,15
2025-02-01,S002,P009,46,130,64,3,109
2025-02-01,S002,P010,181,104,122,0,163
2025-02-01,S002,P011,195,73,37,0,231
2025-02-01,S002,P012,231,40,44,1,226
2025-02-01,S002,P013,209,178,192,0,195
2025-02-01,S002,P014,106,114,32,0,188
2025-02-01,S002,P015,233,176,249,3,157
2025-02-01,S002,P016,85,69,12,3,139
2025-02-01,S002,P017,38,90,43,0,85
2025-02-01,S002,P018,144,1,168,3,100
2025-02-01,S002,P019,99,17,70,0,46
2025-02-01,S002,P020,131,55,113,0,73
2025-02-01,S003,P001,240,0,167,0,73
2025-02-01,S003,P002,175,99,181,0,93
2025-02-01,S003,P003,137,158,258,1,36
2025-02-01,S003,P004,92,90,24,0,158
2025-02-01,S003,P005,133,44,117,2,58
2025-02-01,S003,P006,129,19,31,0,117
2025-02-01,S003,P007,102,121,137,0,86
2025-02-01,S003,P008,83,80,40,0,123
2025-02-01,S003,P009,195,128,179,3,141
2025-02-01,S003,P010,27,128,32,2,121
2025-02-01,S003,P011,43,50,90,0,3
2025-02-01,S003,P012,198,165,211,0,152
2025-02-01,S003,P013,126,84,104,2,104
2025-02-01,S003,P014,58,89,62,2,83
2025-02-01,S003,P015,97,141,217,2,19
2025-02-01,S003,P016,95,71,143,0,23
2025-02-01,S003,P017,27,43,35,0,35
2025-02-01,S003,P018,171,84,21,3,231
2025-02-01,S003,P019,67,126,74,0,119
2025-02-01,S003,P020,28,94,39,1,82
2025-02-01,S004,P001,242,8,80,0,170
2025-02-01,S004,P002,112,100,165,0,47
2025-02-01,S004,P003,45,88,132,0,1
2025-02-01,S004,P004,76,83,129,1,29
2025-02-01,S004,P005,213,120,229,3,101
2025-02-01,S004,P006,96,12,73,3,32
2025-02-01,S004,P007,189,174,11,1,351
2025-02-01,S004,P008,75,96,106,0,65
2025-02-01,S004,P009,210,10,179,0,41
2025-02-01,S004,P010,242,154,212,1,183
2025-02-01,S004,P011,39,34,45,0,28
2025-02-01,S004,P012,59,148,78,2,127
2025-02-01,S004,P013,183,118,105,0,196
2025-02-01,S004,P014,50,156,122,3,81
2025-02-01,S004,P015,93,98,125,0,66
2025-02-01,S004,P016,35,47,64,2,16
2025-02-01,S004,P017,175,66,26,1,214
2025-02-01,S004,P018,114,138,152,0,100
2025-02-01,S004,P019,241,65,46,3,257
2025-02-01,S004,P020,104,50,112,1,41
2025-02-01,S005,P001,30,37,50,2,15
2025-02-01,S005,P002,163,33,122,1,73
2025-02-01,S005,P003,166,96,91,0,171
2025-02-01,S005,P004,196,23,105,3,111
2025-02-01,S005,P005,196,99,184,3,108
2025-02-01,S005,P006,168,172,104,1,235
2025-02-01,S005,P007,234,104,166,0,172
2025-02-01,S005,P008,106,109,185,3,27
2025-02-01,S005,P009,145,28,105,0,68
2025-02-01,S005,P010,186,113,178,0,121
2025-02-01,S005,P011,84,145,140,3,86
2025-02-01,S005,P012,148,176,248,1,75
2025-02-01,S005,P013,186,20,187,0,19
2025-02-01,S005,P014,44,15,29,1,29
2025-02-01,S005,P015,166,101,66,3,198
2025-02-01,S005,P016,205,121,53,3,270
2025-02-01,S005,P017,75,78,28,1,124
2025-02-01,S005,P018,101,9,76,2,32
2025-02-01,S005,P019,157,106,161,0,102
2025-02-01,S005,P020,95,116,178,0,33
2025-02-01,S006,P001,233,84,302,0,15
2025-02-01,S006,P002,80,111,168,0,23
2025-02-01,S006,P003,197,107,289,-1,13
2025-02-01,S006,P004,90,44,75,0,59
2025-02-01,S006,P005,186,31,8,0,209
2025-02-01,S006,P006,204,92,292,0,4
2025-02-01,S006,P007,105,36,28,0,113
2025-02-01,S006,P008,45,17,38,2,22
2025-02-01,S006,P009,141,11,62,0,90
2025-02-01,S006,P010,177,56,15,0,218
2025-02-01,S006,P011,133,26,11,2,146
2025-02-01,S006,P012,75,0,53,0,22
2025-02-01,S006,P013,139,173,265,1,46
2025-02-01,S006,P014,181,93,132,0,142
2025-02-01,S006,P015,136,139,65,0,210
2025-02-01,S006,P016,162,174,201,0,135
2025-02-01,S006,P017,168,123,191,2,98
2025-02-01,S006,P018,157,33,38,0,152
2025-02-01,S006,P019,26,157,165,2,16
2025-02-01,S006,P020,121,97,197,0,21
2025-02-01,S007,P001,147,11,141,0,17
2025-02-01,S007,P002,26,70,41,3,52
2025-02-01,S007,P003,229,70,277,2,20
2025-02-01,S007,P004,183,21,16,0,188
2025-02-01,S007,P005,73,52,69,0,56
2025-02-01,S007,P006,173,106,222,1,56
2025-02-01,S007,P007,116,82,126,0,72
2025-02-01,S007,P008,211,139,191,0,159
2025-02-01,S007,P009,110,141,55,0,196
2025-02-01,S007,P010,102,83,156,0,29
2025-02-01,S007,P011,216,106,279,0,43
2025-02-01,S007,P012,40,15,8,2,45
2025-02-01,S007,P013,90,104,4,0,190
2025-02-01,S007,P014,101,79,146,0,34
2025-02-01,S007,P015,163,91,158,1,95
2025-02-01,S007,P016,26,170,47,2,147
2025-02-01,S007,P017,165,145,202,2,106
2025-02-01,S007,P018,127,120,6,2,239
2025-02-01,S007,P019,51,26,30,0,47
2025-02-01,S007,P020,155,166,196,0,125
2025-02-01,S008,P001,181,6,153,0,34
2025-02-01,S008,P002,150,51,165,0,36
2025-02-01,S008,P003,49,167,164,0,52
2025-02-01,S008,P004,154,145,107,2,-10
2025-02-01,S008,P005,186,62,4,0,244
2025-02-01,S008,P006,62,45,16,0,91
2025-02-01,S008,P007,126,86,183,0,-10
2025-02-01,S008,P008,242,73,23,2,290
2025-02-01,S008,P009,71,75,86,3,57
2025-02-01,S008,P010,239,111,216,0,134
2025-02-01,S008,P011,179,40,202,3,14
2025-02-01,S008,P012,148,100,122,2,124
2025-02-01,S008,P013,68,46,42,0,72
2025-02-01,S008,P014,118,42,146,3,11
2025-02-01,S008,P015,186,125,166,0,145
2025-02-01,S008,P016,115,113,25,0,203
2025-02-01,S008,P017,82,133,202,0,13
2025-02-01,S008,P018,204,46,185,0,65
2025-02-01,S008,P019,29,168,82,0,115
2025-02-01,S008,P020,113,133,124,0,122
2025-02-01,S009,P001,122,11,111,1,21
2025-02-01,S009,P002,65,164,90,0,139
2025-02-01,S009,P003,129,123,231,0,21
2025-02-01,S009,P004,189,66,243,0,12
2025-02-01,S009,P005,149,40,96,3,90
2025-02-01,S009,P006,174,51,86,2,137
2025-02-01,S009,P007,99,144,157,2,84
2025-02-01,S009,P008,107,162,228,2,39
2025-02-01,S009,P009,228,119,179,0,168
2025-02-01,S009,P010,153,86,56,0,183
2025-02-01,S009,P011,91,22,47,0,66
2025-02-01,S009,P012,123,74,28,3,166
2025-02-01,S009,P013,225,98,48,0,275
2025-02-01,S009,P014,200,127,69,1,257
2025-02-01,S009,P015,221,46,116,0,151
2025-02-01,S009,P016,205,20,98,1,126
2025-02-01,S009,P017,68,65,39,0,94
2025-02-01,S009,P018,177,77,108,1,145
2025-02-01,S009,P019,44,43,62,0,25
2025-02-01,S009,P020,33,69,57,0,45
2025-02-01,S010,P001,22,161,56,1,126
2025-02-01,S010,P002,134,40,155,1,18
2025-02-01,S010,P003,93,11,96,3,5
2025-02-01,S010,P004,193,39,220,0,-10
2025-02-01,S010,P005,229,99,104,1,223
2025-02-01,S010,P006,70,72,87,3,52
2025-02-01,S010,P007,185,14,4,3,192
2025-02-01,S010,P008,110,25,94,1,40
2025-02-01,S010,P009,113,101,51,0,163
2025-02-01,S010,P010,137,29,2,3,161
2025-02-01,S010,P011,135,97,19,1,212
2025-02-01,S010,P012,184,91,167,0,108
2025-02-01,S010,P013,28,77,93,0,12
2025-02-01,S010,P014,240,38,152,0,126
2025-02-01,S010,P015,210,122,110,0,222
2025-02-01,S010,P016,114,14,73,0,55
2025-02-01,S010,P017,150,14,104,0,60
2025-02-01,S010,P018,49,107,151,2,3
2025-02-01,S010,P019,210,106,235,0,81
2025-02-01,S010,P020,194,88,219,0,63
2025-02-01,S011,P001,191,66,242,0,15
2025-02-01,S011,P002,38,108,47,0,99
2025-02-01,S011,P003,57,62,117,1,1
2025-02-01,S011,P004,225,7,197,1,34
2025-02-01,S011,P005,117,56,49,1,123
2025-02-01,S011,P006,97,179,228,3,45
2025-02-01,S011,P007,213,89,14,2,286
2025-02-01,S011,P008,66,161,2,1,224
2025-02-01,S011,P009,63,76,4,1,134
2025-02-01,S011,P010,39,41,72,0,8
2025-02-01,S011,P011,99,168,89,1,177
2025-02-01,S011,P012,138,67,200,1,4
2025-02-01,S011,P013,211,27,209,1,28
2025-02-01,S011,P014,234,36,17,2,251
2025-02-01,S011,P015,40,167,198,3,6
2025-02-01,S011,P016,127,21,127,3,18
2025-02-01,S011,P017,187,17,17,1,186
2025-02-01,S011,P018,156,138,54,0,240
2025-02-01,S011,P019,63,177,51,2,187
2025-02-01,S011,P020,78,26,97,2,5
2025-02-01,S012,P001,182,10,74,0,118
2025-02-01,S012,P002,53,160,125,1,87
2025-02-01,S012,P003,166,55,102,1,118
2025-02-01,S012,P004,218,162,340,1,39
2025-02-01,S012,P005,163,44,67,0,140
2025-02-01,S012,P006,137,161,162,3,133
2025-02-01,S012,P007,224,84,212,2,94
2025-02-01,S012,P008,21,96,93,1,23
2025-02-01,S012,P009,184,174,228,3,127
2025-02-01,S012,P010,119,179,146,1,151
2025-02-01,S012,P011,120,2,83,2,37
2025-02-01,S012,P012,69,141,155,2,53
2025-02-01,S012,P013,181,0,155,0,26
2025-02-01,S012,P014,210,83,13,3,277
2025-02-01,S012,P015,190,169,213,0,146
2025-02-01,S012,P016,98,36,11,2,121
2025-02-01,S012,P017,102,80,98,0,84
2025-02-01,S012,P018,167,107,112,0,162
2025-02-01,S012,P019,231,25,143,0,113
2025-02-01,S012,P020,177,150,241,0,86
2025-02-01,S013,P001,75,46,45,0,76
2025-02-01,S013,P002,46,103,105,3,41
2025-02-01,S013,P003,83,132,163,3,49
2025-02-01,S013,P004,21,24,32,2,11
2025-02-01,S013,P005,47,47,84,1,9
2025-02-01,S013,P006,153,82,3,0,232
2025-02-01,S013,P007,189,57,55,1,190
2025-02-01,S013,P008,229,141,61,1,308
2025-02-01,S013,P009,174,55,2,3,224
2025-02-01,S013,P010,243,129,264,2,106
2025-02-01,S013,P011,68,78,40,0,106
2025-02-01,S013,P012,114,87,98,0,103
2025-02-01,S013,P013,73,27,31,0,69
2025-02-01,S013,P014,181,52,121,0,112
2025-02-01,S013,P015,120,139,119,0,140
2025-02-01,S013,P016,194,111,236,0,69
2025-02-01,S013,P017,241,126,247,0,120
2025-02-01,S013,P018,190,20,123,0,87
2025-02-01,S013,P019,138,63,137,0,64
2025-02-01,S013,P020,167,57,187,1,36
2025-02-01,S014,P001,243,18,142,0,119
2025-02-01,S014,P002,134,95,128,0,101
2025-02-01,S014,P003,139,67,144,3,59
2025-02-01,S014,P004,241,50,281,0,10
2025-02-01,S014,P005,220,45,55,0,210
2025-02-01,S014,P006,186,93,196,1,-10
2025-02-01,S014,P007,63,84,85,2,60
2025-02-01,S014,P008,71,10,6,2,73
2025-02-01,S014,P009,225,16,226,3,12
2025-02-01,S014,P010,93,69,73,2,87
2025-02-01,S014,P011,178,67,276,1,175
2025-02-01,S014,P012,223,69,118,3,171
2025-02-01,S014,P013,33,130,116,1,46
2025-02-01,S014,P014,250,84,278,1,55
2025-02-01,S014,P015,196,13,70,3,136
2025-02-01,S014,P016,42,93,129,1,5
2025-02-01,S014,P017,69,147,136,1,79
2025-02-01,S014,P018,153,62,6,1,208
2025-02-01,S014,P019,66,30,62,3,31
2025-02-01,S014,P020,86,78,612,1,10
2025-02-01,S015,P001,121,12,77,0,56
2025-02-01,S015,P002,230,113,74,3,266
2025-02-01,S015,P003,43,72,30,0,85
2025-02-01,S015,P004,115,114,144,1,84
2025-02-01,S015,P005,32,161,117,0,76
2025-02-01,S015,P006,199,57,212,1,43
2025-02-01,S015,P007,207,148,278,1,76
2025-02-01,S015,P008,184,143,125,2,200
2025-02-01,S015,P009,121,89,34,0,176
2025-02-01,S015,P010,31,101,39,2,91
2025-02-01,S015,P011,208,105,271,0,42
2025-02-01,S015,P012,196,18,119,0,95
2025-02-01,S015,P013,148,82,13,3,214
2025-02-01,S015,P014,106,7,68,1,44
2025-02-01,S015,P015,97,150,211,2,34
2025-02-01,S015,P016,129,130,216,0,43
2025-02-01,S015,P017,74,147,177,0,44
2025-02-01,S015,P018,102,171,188,1,84
2025-02-01,S015,P019,222,131,81,0,272
2025-02-01,S015,P020,35,148,152,0,31
2025-02-01,S016,P001,139,132,12,0,259
2025-02-01,S016,P002,169,165,2,2,330
2025-02-01,S016,P003,131,167,23,0,275
2025-02-01,S016,P004,181,165,1,0,345
2025-02-01,S016,P005,124,90,49,3,162
2025-02-01,S016,P006,230,36,218,3,45
2025-02-01,S016,P007,218,136,134,0,220
2025-02-01,S016,P008,116,4,70,0,50
2025-02-01,S016,P009,69,119,48,0,140
2025-02-01,S016,P010,242,15,56,0,201
2025-02-01,S016,P011,134,98,106,3,123
2025-02-01,S016,P012,60,18,22,2,54
2025-02-01,S016,P013,127,173,191,0,109
2025-02-01,S016,P014,99,117,56,0,202
2025-02-01,S016,P015,238,125,363,1,0
2025-02-01,S016,P016,206,155,355,3,3
2025-02-01,S016,P017,131,25,102,1,53
2025-02-01,S016,P018,169,19,102,2,84
2025-02-01,S016,P019,53,42,77,1,17
2025-02-01,S016,P020,208,30,152,1,85
2025-02-01,S017,P001,225,152,333,0,44
2025-02-01,S017,P002,120,157,161,1,115
2025-02-01,S017,P003,138,29,136,0,31
2025-02-01,S017,P004,239,167,353,2,51
2025-02-01,S017,P005,85,14,75,1,23
2025-02-01,S017,P006,115,148,115,0,148
2025-02-01,S017,P007,130,84,52,1,161
2025-02-01,S017,P008,131,157,29,3,256
2025-02-01,S017,P009,222,60,154,0,128
2025-02-01,S017,P010,247,108,234,2,119
2025-02-01,S017,P011,205,46,103,0,148
2025-02-01,S017,P012,136,72,452,3,92
2025-02-01,S017,P013,199,24,141,2,80
2025-02-01,S017,P014,61,50,9,0,102
2025-02-01,S017,P015,207,11,22,0,196
2025-02-01,S017,P016,58,155,117,0,96
2025-02-01,S017,P017,165,62,31,1,195
2025-02-01,S017,P018,161,73,99,3,132
2025-02-01,S017,P019,80,48,33,0,95
2025-02-01,S017,P020,159,78,144,0,93
2025-02-01,S018,P001,52,63,16,3,96
2025-02-01,S018,P002,197,53,51,0,199
2025-02-01,S018,P003,139,119,187,3,68
2025-02-01,S018,P004,92,80,26,0,146
2025-02-01,S018,P005,32,103,5,0,130
2025-02-01,S018,P006,29,76,19,0,86
2025-02-01,S018,P007,125,81,61,2,143
2025-02-01,S018,P008,142,0,64,0,78
2025-02-01,S018,P009,136,103,43,2,194
2025-02-01,S018,P010,238,90,188,0,140
2025-02-01,S018,P011,42,145,95,2,90
2025-02-01,S018,P012,131,155,14,0,272
2025-02-01,S018,P013,222,89,261,2,48
2025-02-01,S018,P014,126,99,183,0,42
2025-02-01,S018,P015,200,177,219,0,158
2025-02-01,S018,P016,182,6,136,3,49
2025-02-01,S018,P017,52,18,56,0,14
2025-02-01,S018,P018,32,99,61,0,70
2025-02-01,S018,P019,196,77,248,0,25
2025-02-01,S018,P020,76,169,131,0,114
2025-02-01,S019,P001,224,84,151,0,157
2025-02-01,S019,P002,111,16,39,0,88
2025-02-01,S019,P003,200,40,74,0,166
2025-02-01,S019,P004,151,161,151,2,159
2025-02-01,S019,P005,201,111,149,2,161
2025-02-01,S019,P006,99,37,36,2,98
2025-02-01,S019,P007,113,89,97,1,104
2025-02-01,S019,P008,226,87,58,1,254
2025-02-01,S019,P009,96,9,94,0,11
2025-02-01,S019,P010,88,133,84,0,137
2025-02-01,S019,P011,202,67,13,0,256
2025-02-01,S019,P012,159,141,275,0,25
2025-02-01,S019,P013,68,48,78,0,38
2025-02-01,S019,P014,222,74,194,1,101
2025-02-01,S019,P015,62,175,178,0,59
2025-02-01,S019,P016,224,24,226,3,19
2025-02-01,S019,P017,127,51,132,0,46
2025-02-01,S019,P018,174,84,184,3,71
2025-02-01,S019,P019,162,9,64,0,107
2025-02-01,S019,P020,50,88,104,0,34
2025-02-01,S020,P001,189,54,70,0,173
2025-02-01,S020,P002,83,41,108,0,16
2025-02-01,S020,P003,122,83,106,0,99
2025-02-01,S020,P004,223,171,325,2,67
2025-02-01,S020,P005,221,163,72,0,312
2025-02-01,S020,P006,97,112,91,3,115
2025-02-01,S020,P007,166,142,41,0,267
2025-02-01,S020,P008,222,91,101,1,211
2025-02-01,S020,P009,132,167,122,0,177
2025-02-01,S020,P010,59,108,162,1,4
2025-02-01,S020,P011,214,118,92,3,237
2025-02-01,S020,P012,172,113,52,3,230
2025-02-01,S020,P013,28,105,80,3,50
2025-02-01,S020,P014,50,50,13,3,84
2025-02-01,S020,P015,110,138,224,1,23
2025-02-01,S020,P016,175,91,152,1,227
2025-02-01,S020,P017,234,169,239,3,161
2025-02-01,S020,P018,41,148,40,2,147
2025-02-01,S020,P019,129,42,39,0,132
2025-02-01,S020,P020,202,44,63,2,181
2025-02-01,S021,P001,120,20,121,0,19
2025-02-01,S021,P002,237,39,4,3,269
2025-02-01,S021,P003,223,129,38,0,314
2025-02-01,S021,P004,96,125,199,0,22
2025-02-01,S021,P005,195,89,244,2,38
2025-02-01,S021,P006,170,29,165,0,34
2025-02-01,S021,P007,154,12,157,1,8
2025-02-01,S021,P008,220,31,218,2,31
2025-02-01,S021,P009,98,117,214,3,0
2025-02-01,S021,P010,177,68,221,0,24
2025-02-01,S021,P011,197,34,100,0,131
2025-02-01,S021,P012,47,88,80,1,54
2025-02-01,S021,P013,132,118,62,0,188
2025-02-01,S021,P014,156,133,29,1,259
2025-02-01,S021,P015,193,41,160,0,74
2025-02-01,S021,P016,168,10,162,0,16
2025-02-01,S021,P017,56,99,83,0,72
2025-02-01,S021,P018,146,42,29,1,158
2025-02-01,S021,P019,123,88,125,0,86
2025-02-01,S021,P020,164,108,213,3,56
2025-02-01,S022,P001,53,178,82,0,149
2025-02-01,S022,P002,151,5,122,1,33
2025-02-01,S022,P003,183,8,12,1,178
2025-02-01,S022,P004,167,99,197,0,69
2025-02-01,S022,P005,54,19,54,0,19
2025-02-01,S022,P006,132,11,20,3,120
2025-02-01,S022,P007,124,164,94,1,193
2025-02-01,S022,P008,54,18,4,0,68
2025-02-01,S022,P009,51,98,133,0,16
2025-02-01,S022,P010,45,27,31,0,41
2025-02-01,S022,P011,203,22,68,0,157
2025-02-01,S022,P012,181,47,97,3,128
2025-02-01,S022,P013,121,59,140,2,38
2025-02-01,S022,P014,72,54,93,1,32
2025-02-01,S022,P015,238,44,12,1,269
2025-02-01,S022,P016,230,112,92,2,248
2025-02-01,S022,P017,32,94,32,2,92
2025-02-01,S022,P018,177,136,154,3,156
2025-02-01,S022,P019,27,35,4,0,58
2025-02-01,S022,P020,211,34,64,0,181
2025-02-01,S023,P001,153,119,224,0,48
2025-02-01,S023,P002,193,73,131,0,135
2025-02-01,S023,P003,205,127,330,0,2
2025-02-01,S023,P004,92,57,7,0,142
2025-02-01,S023,P005,230,110,110,0,230
2025-02-01,S023,P006,245,71,22,0,294
2025-02-01,S023,P007,179,30,182,0,27
2025-02-01,S023,P008,82,85,27,3,137
2025-02-01,S023,P009,181,62,210,1,32
2025-02-01,S023,P010,159,75,44,2,188
2025-02-01,S023,P011,185,80,154,0,111
2025-02-01,S023,P012,158,166,78,0,246
2025-02-01,S023,P013,201,51,171,0,81
2025-02-01,S023,P014,35,177,152,0,60
2025-02-01,S023,P015,60,135,15,0,180
2025-02-01,S023,P016,195,152,68,3,276
2025-02-01,S023,P017,213,99,236,0,76
2025-02-01,S023,P018,118,98,57,0,159
2025-02-01,S023,P019,208,83,120,0,171
2025-02-01,S023,P020,171,106,54,0,223
2025-02-01,S024,P001,121,75,50,2,144
2025-02-01,S024,P002,123,65,74,0,114
2025-02-01,S024,P003,121,30,43,3,105
2025-02-01,S024,P004,148,58,37,0,169
2025-02-01,S024,P005,160,84,59,0,185
2025-02-01,S024,P006,226,55,30,0,251
2025-02-01,S024,P007,97,81,14,3,161
2025-02-01,S024,P008,236,110,144,1,201
2025-02-01,S024,P009,227,24,73,0,178
2025-02-01,S024,P010,119,174,143,2,148
2025-02-01,S024,P011,68,60,119,0,9
2025-02-01,S024,P012,113,55,63,1,104
2025-02-01,S024,P013,109,47,49,0,107
2025-02-01,S024,P014,196,47,224,3,16
2025-02-01,S024,P015,125,101,46,3,177
2025-02-01,S024,P016,109,171,274,3,3
2025-02-01,S024,P017,243,6,88,0,161
2025-02-01,S024,P018,208,99,219,0,88
2025-02-01,S024,P019,239,158,173,0,224
2025-02-01,S024,P020,203,123,205,0,121
2025-02-01,S025,P001,191,42,117,0,116
2025-02-01,S025,P002,154,4,107,2,49
2025-02-01,S025,P003,184,30,44,0,170
2025-02-01,S025,P004,211,131,233,2,107
2025-02-01,S025,P005,30,33,11,0,52
2025-02-01,S025,P006,127,107,198,1,35
2025-02-01,S025,P007,61,32,77,0,16
2025-02-01,S025,P008,225,16,12,1,228
2025-02-01,S025,P009,184,72,27,0,229
2025-02-01,S025,P010,193,15,121,0,87
2025-02-01,S025,P011,50,170,85,0,135
2025-02-01,S025,P012,186,112,293,2,3
2025-02-01,S025,P013,38,120,11,0,147
2025-02-01,S025,P014,157,154,229,0,82
2025-02-01,S025,P015,97,20,25,0,92
2025-02-01,S025,P016,154,155,294,0,15
2025-02-01,S025,P017,136,62,115,0,83
2025-02-01,S025,P018,172,18,129,0,61
2025-02-01,S025,P019,127,107,118,2,114
2025-02-01,S025,P020,95,122,158,0,59
2025-02-01,S026,P001,48,123,7,0,164
2025-02-01,S026,P002,54,92,16,3,127
2025-02-01,S026,P003,233,165,364,0,34
2025-02-01,S026,P004,36,174,0,0,210
2025-02-01,S026,P005,201,115,104,0,212
2025-02-01,S026,P006,89,36,112,0,13
2025-02-01,S026,P007,45,157,38,0,164
2025-02-01,S026,P008,243,173,101,0,315
2025-02-01,S026,P009,141,16,59,2,96
2025-02-01,S026,P010,181,175,298,1,57
2025-02-01,S026,P011,51,154,102,0,103
2025-02-01,S026,P012,200,31,8,3,220
2025-02-01,S026,P013,107,34,21,0,120
2025-02-01,S026,P014,226,115,59,0,282
2025-02-01,S026,P015,118,90,77,0,131
2025-02-01,S026,P016,230,104,221,0,113
2025-02-01,S026,P017,188,175,128,0,235
2025-02-01,S026,P018,117,2,63,1,55
2025-02-01,S026,P019,169,124,55,0,238
2025-02-01,S026,P020,52,24,37,2,37
2025-02-01,S027,P001,122,143,243,1,21
2025-02-01,S027,P002,133,47,142,0,38
2025-02-01,S027,P003,87,122,209,3,0
2025-02-01,S027,P004,89,141,66,0,164
2025-02-01,S027,P005,72,145,188,0,29
2025-02-01,S027,P006,110,70,141,2,37
2025-02-01,S027,P007,231,88,213,1,105
2025-02-01,S027,P008,149,163,21,1,290
2025-02-01,S027,P009,85,116,66,0,135
2025-02-01,S027,P010,174,40,36,0,178
2025-02-01,S027,P011,221,154,329,0,46
2025-02-01,S027,P012,221,43,6,2,256
2025-02-01,S027,P013,187,77,148,2,114
2025-02-01,S027,P014,247,43,50,0,240
2025-02-01,S027,P015,20,30,48,1,1
2025-02-01,S027,P016,244,65,212,0,97
2025-02-01,S027,P017,111,96,14,2,191
2025-02-01,S027,P018,118,72,144,1,45
2025-02-01,S027,P019,100,63,22,3,138
2025-02-01,S027,P020,70,165,215,0,20
2025-02-01,S028,P001,183,30,194,0,19
2025-02-01,S028,P002,91,59,76,2,72
2025-02-01,S028,P003,41,80,18,2,101
2025-02-01,S028,P004,119,146,155,2,108
2025-02-01,S028,P005,130,45,108,1,66
2025-02-01,S028,P006,184,88,14,0,258
2025-02-01,S028,P007,131,177,21,0,287
2025-02-01,S028,P008,208,76,9,1,274
2025-02-01,S028,P009,235,13,36,0,212
2025-02-01,S028,P010,164,61,203,2,20
2025-02-01,S028,P011,75,61,120,1,15
2025-02-01,S028,P012,187,56,80,0,163
2025-02-01,S028,P013,41,7,22,0,26
2025-02-01,S028,P014,133,167,192,1,107
2025-02-01,S028,P015,196,179,44,0,331
2025-02-01,S028,P016,87,164,169,2,80
2025-02-01,S028,P017,123,36,272,1,90
2025-02-01,S028,P018,82,103,157,3,25
2025-02-01,S028,P019,35,162,161,2,34
2025-02-01,S028,P020,61,85,24,1,121
2025-02-01,S029,P001,190,86,60,0,216
2025-02-01,S029,P002,73,119,11,0,181
2025-02-01,S029,P003,78,25,27,0,76
2025-02-01,S029,P004,48,67,29,3,83
2025-02-01,S029,P005,60,73,125,0,8
2025-02-01,S029,P006,166,66,12,2,218
2025-02-01,S029,P007,204,100,107,2,195
2025-02-01,S029,P008,122,160,29,0,253
2025-02-01,S029,P009,182,83,135,0,130
2025-02-01,S029,P010,154,101,11,0,244
2025-02-01,S029,P011,216,85,282,2,17
2025-02-01,S029,P012,177,36,148,1,64
2025-02-01,S029,P013,144,73,89,0,128
2025-02-01,S029,P014,118,119,113,1,123
2025-02-01,S029,P015,57,146,186,0,17
2025-02-01,S029,P016,246,88,109,1,224
2025-02-01,S029,P017,245,50,144,0,151
2025-02-01,S029,P018,104,95,170,2,27
2025-02-01,S029,P019,97,30,118,0,9
2025-02-01,S029,P020,146,70,153,0,63
2025-02-01,S030,P001,116,87,89,3,111
2025-02-01,S030,P002,168,137,225,0,80
2025-02-01,S030,P003,138,64,84,2,116
2025-02-01,S030,P004,161,65,172,1,53
2025-02-01,S030,P005,24,78,101,0,1
2025-02-01,S030,P006,98,177,10,2,263
2025-02-01,S030,P007,237,174,180,0,231
2025-02-01,S030,P008,24,23,164,3,3
2025-02-01,S030,P009,69,53,108,0,14
2025-02-01,S030,P010,186,54,121,0,119
2025-02-01,S030,P011,137,89,56,0,170
2025-02-01,S030,P012,201,108,44,0,265
2025-02-01,S030,P013,227,95,50,0,272
2025-02-01,S030,P014,172,52,156,0,68
2025-02-01,S030,P015,120,126,232,0,14
2025-02-01,S030,P016,38,157,23,2,170
2025-02-01,S030,P017,87,152,142,0,97
2025-02-01,S030,P018,198,71,28,3,238
2025-02-01,S030,P019,169,61,31,0,199
2025-02-01,S030,P020,164,27,5,1,185
2025-02-01,S031,P001,140,124,257,0,7
2025-02-01,S031,P002,81,157,182,0,56
2025-02-01,S031,P003,168,177,176,3,166
2025-02-01,S031,P004,241,124,165,0,200
2025-02-01,S031,P005,243,33,219,0,57
2025-02-01,S031,P006,73,42,74,2,39
2025-02-01,S031,P007,85,117,440,3,89
2025-02-01,S031,P008,88,65,137,2,14
2025-02-01,S031,P009,190,114,273,0,31
2025-02-01,S031,P010,192,161,73,0,280
2025-02-01,S031,P011,72,110,97,0,85
2025-02-01,S031,P012,201,73,196,1,77
2025-02-01,S031,P013,24,74,10,2,86
2025-02-01,S031,P014,146,69,106,2,107
2025-02-01,S031,P015,31,7,12,0,26
2025-02-01,S031,P016,212,5,166,0,51
2025-02-01,S031,P017,149,138,25,1,261
2025-02-01,S031,P018,216,67,2,3,278
2025-02-01,S031,P019,87,49,30,0,106
2025-02-01,S031,P020,217,136,123,0,230
2025-02-01,S032,P001,196,79,8,0,267
2025-02-01,S032,P002,101,102,195,2,6
2025-02-01,S032,P003,137,107,161,0,83
2025-02-01,S032,P004,66,62,35,0,93
2025-02-01,S032,P005,192,120,115,0,197
2025-02-01,S032,P006,208,119,46,0,281
2025-02-01,S032,P007,195,23,47,1,170
2025-02-01,S032,P008,158,95,41,0,212
2025-02-01,S032,P009,42,118,4,2,154
2025-02-01,S032,P010,168,112,230,0,50
2025-02-01,S032,P011,209,15,186,0,38
2025-02-01,S032,P012,44,69,15,0,98
2025-02-01,S032,P013,209,76,58,3,224
2025-02-01,S032,P014,113,8,95,0,26
2025-02-01,S032,P015,186,118,217,3,84
2025-02-01,S032,P016,239,30,12,1,256
2025-02-01,S032,P017,155,172,276,1,50
2025-02-01,S032,P018,198,90,28,0,260
2025-02-01,S032,P019,31,159,138,0,52
2025-02-01,S032,P020,28,68,84,3,9
2025-02-01,S033,P001,211,87,253,0,45
2025-02-01,S033,P002,143,66,62,0,147
2025-02-01,S033,P003,83,107,111,0,79
2025-02-01,S033,P004,169,83,251,1,0
2025-02-01,S033,P005,47,17,64,1,0
2025-02-01,S033,P006,25,30,32,3,20
2025-02-01,S033,P007,174,106,213,0,67
2025-02-01,S033,P008,195,33,140,0,88
2025-02-01,S033,P009,21,158,150,3,26
2025-02-01,S033,P010,244,10,49,0,205
2025-02-01,S033,P011,189,167,100,0,256
2025-02-01,S033,P012,139,126,94,2,169
2025-02-01,S033,P013,128,43,20,2,149
2025-02-01,S033,P014,150,21,4,0,167
2025-02-01,S033,P015,148,131,162,3,114
2025-02-01,S033,P016,43,15,7,0,51
2025-02-01,S033,P017,52,115,114,2,51
2025-02-01,S033,P018,72,22,89,2,3
2025-02-01,S033,P019,103,172,97,-1,175
2025-02-01,S033,P020,78,56,64,2,68
2025-02-01,S034,P001,32,35,18,1,48
2025-02-01,S034,P002,214,16,12,1,217
2025-02-01,S034,P003,187,160,171,1,175
2025-02-01,S034,P004,122,151,181,0,92
2025-02-01,S034,P005,218,115,165,0,168
2025-02-01,S034,P006,44,54,84,0,14
2025-02-01,S034,P007,87,76,79,1,83
2025-02-01,S034,P008,64,5,10,0,59
2025-02-01,S034,P009,155,166,172,0,149
2025-02-01,S034,P010,184,139,219,3,101
2025-02-01,S034,P011,178,80,152,2,104
2025-02-01,S034,P012,227,47,263,1,10
2025-02-01,S034,P013,188,167,281,0,74
2025-02-01,S034,P014,84,76,18,0,142
2025-02-01,S034,P015,239,8,50,0,197
2025-02-01,S034,P016,139,94,86,0,147
2025-02-01,S034,P017,78,63,30,0,111
2025-02-01,S034,P018,213,112,153,0,172
2025-02-01,S034,P019,164,179,221,3,119
2025-02-01,S034,P020,193,39,21,2,209
2025-02-01,S035,P001,233,80,123,0,190
2025-02-01,S035,P002,51,135,136,3,47
2025-02-01,S035,P003,40,83,84,3,36
2025-02-01,S035,P004,196,74,100,2,168
2025-02-01,S035,P005,33,62,36,0,59
2025-02-01,S035,P006,106,44,142,3,5
2025-02-01,S035,P007,107,144,169,0,82
2025-02-01,S035,P008,50,99,131,0,18
2025-02-01,S035,P009,129,32,124,1,36
2025-02-01,S035,P010,105,167,186,3,83
2025-02-01,S035,P011,135,144,163,2,114
2025-02-01,S035,P012,237,95,20,3,309
2025-02-01,S035,P013,240,151,149,3,239
2025-02-01,S035,P014,144,102,130,0,116
2025-02-01,S035,P015,231,127,199,1,158
2025-02-01,S035,P016,105,46,60,3,88
2025-02-01,S035,P017,154,85,53,0,186
2025-02-01,S035,P018,157,104,188,0,73
2025-02-01,S035,P019,159,113,172,0,100
2025-02-01,S035,P020,238,115,98,0,255
2025-03-01,S001,P001,194,53,217,1,29
2025-03-01,S001,P002,243,53,225,2,69
2025-03-01,S001,P003,104,165,259,2,8
2025-03-01,S001,P004,81,44,6,0,119
2025-03-01,S001,P005,31,121,77,0,75
2025-03-01,S001,P006,156,143,34,3,262
2025-03-01,S001,P007,51,132,108,2,73
2025-03-01,S001,P008,27,67,52,2,40
2025-03-01,S001,P009,156,179,318,1,16
2025-03-01,S001,P010,58,47,98,2,5
2025-03-01,S001,P011,105,157,33,0,-10
2025-03-01,S001,P012,143,49,7,0,185
2025-03-01,S001,P013,173,25,71,1,126
2025-03-01,S001,P014,244,5,234,0,15
2025-03-01,S001,P015,199,174,187,0,186
2025-03-01,S001,P016,209,54,82,0,181
2025-03-01,S001,P017,167,7,112,3,59
2025-03-01,S001,P018,71,67,67,0,71
2025-03-01,S001,P019,160,63,137,3,83
2025-03-01,S001,P020,227,175,96,0,306
2025-03-01,S002,P001,230,127,155,3,199
2025-03-01,S002,P002,211,67,107,0,171
2025-03-01,S002,P003,43,147,101,3,86
2025-03-01,S002,P004,63,50,19,3,91
2025-03-01,S002,P005,80,27,41,0,66
2025-03-01,S002,P006,108,30,45,0,93
2025-03-01,S002,P007,127,70,102,1,94
2025-03-01,S002,P008,58,172,159,1,70
2025-03-01,S002,P009,118,64,140,3,39
2025-03-01,S002,P010,185,55,204,1,35
2025-03-01,S002,P011,166,55,127,3,91
2025-03-01,S002,P012,52,57,26,1,82
2025-03-01,S002,P013,50,177,19,0,208
2025-03-01,S002,P014,241,97,236,0,102
2025-03-01,S002,P015,159,160,71,0,248
2025-03-01,S002,P016,100,57,103,2,52
2025-03-01,S002,P017,92,113,193,1,11
2025-03-01,S002,P018,148,38,73,0,113
2025-03-01,S002,P019,76,0,42,0,34
2025-03-01,S002,P020,71,0,55,2,14
2025-03-01,S003,P001,43,31,53,2,19
2025-03-01,S003,P002,163,155,137,3,178
2025-03-01,S003,P003,96,91,122,0,65
2025-03-01,S003,P004,146,60,177,0,29
2025-03-01,S003,P005,188,1,174,0,15
2025-03-01,S003,P006,99,172,55,0,216
2025-03-01,S003,P007,210,31,168,0,73
2025-03-01,S003,P008,92,156,190,2,56
2025-03-01,S003,P009,89,180,233,0,36
2025-03-01,S003,P010,82,2,44,3,37
2025-03-01,S003,P011,117,29,128,3,15
2025-03-01,S003,P012,117,83,68,0,132
2025-03-01,S003,P013,248,87,29,0,306
2025-03-01,S003,P014,88,55,39,1,103
2025-03-01,S003,P015,124,109,164,0,69
2025-03-01,S003,P016,149,178,248,1,78
2025-03-01,S003,P017,136,171,60,0,247
2025-03-01,S003,P018,188,4,110,0,82
2025-03-01,S003,P019,250,59,119,0,190
2025-03-01,S003,P020,56,1,7,3,47
2025-03-01,S004,P001,196,96,3,3,286
2025-03-01,S004,P002,197,172,247,3,119
2025-03-01,S004,P003,204,107,157,0,154
2025-03-01,S004,P004,182,73,125,0,130
2025-03-01,S004,P005,60,101,158,0,3
2025-03-01,S004,P006,113,155,188,0,80
2025-03-01,S004,P007,43,144,80,0,107
2025-03-01,S004,P008,120,147,211,0,56
2025-03-01,S004,P009,90,95,21,0,164
2025-03-01,S004,P010,236,125,20,1,340
2025-03-01,S004,P011,34,54,56,1,31
2025-03-01,S004,P012,97,155,209,0,43
2025-03-01,S004,P013,84,101,64,0,121
2025-03-01,S004,P014,227,73,259,0,41
2025-03-01,S004,P015,76,158,16,3,215
2025-03-01,S004,P016,130,8,71,2,65
2025-03-01,S004,P017,179,98,167,0,110
2025-03-01,S004,P018,195,9,91,3,110
2025-03-01,S004,P019,59,180,73,0,166
2025-03-01,S004,P020,89,75,106,0,58
2025-03-01,S005,P001,76,170,202,2,42
2025-03-01,S005,P002,91,62,77,3,73
2025-03-01,S005,P003,51,40,73,1,17
2025-03-01,S005,P004,77,84,21,0,140
2025-03-01,S005,P005,142,60,50,0,152
2025-03-01,S005,P006,111,78,14,0,175
2025-03-01,S005,P007,170,29,158,2,39
2025-03-01,S005,P008,151,33,52,2,130
2025-03-01,S005,P009,199,85,251,0,33
2025-03-01,S005,P010,166,159,135,0,190
2025-03-01,S005,P011,153,67,173,2,45
2025-03-01,S005,P012,55,12,40,0,27
2025-03-01,S005,P013,85,11,74,2,20
2025-03-01,S005,P014,133,127,47,0,213
2025-03-01,S005,P015,248,85,63,3,267
2025-03-01,S005,P016,157,153,28,0,282
2025-03-01,S005,P017,31,4,12,3,20
2025-03-01,S005,P018,113,161,166,3,105
2025-03-01,S005,P019,193,63,166,3,87
2025-03-01,S005,P020,36,118,79,0,75
2025-03-01,S006,P001,181,82,245,0,18
2025-03-01,S006,P002,150,107,117,1,139
2025-03-01,S006,P003,96,73,132,0,37
2025-03-01,S006,P004,127,152,158,0,121
2025-03-01,S006,P005,175,9,50,3,131
2025-03-01,S006,P006,250,173,340,0,83
2025-03-01,S006,P007,31,129,22,0,138
2025-03-01,S006,P008,175,21,154,1,41
2025-03-01,S006,P009,148,121,78,2,189
2025-03-01,S006,P010,113,60,49,3,121
2025-03-01,S006,P011,180,9,152,0,37
2025-03-01,S006,P012,91,119,91,0,119
2025-03-01,S006,P013,247,137,367,0,17
2025-03-01,S006,P014,161,69,113,3,114
2025-03-01,S006,P015,43,115,2,0,156
2025-03-01,S006,P016,65,37,32,0,70
2025-03-01,S006,P017,127,177,284,0,20
2025-03-01,S006,P018,249,129,119,1,258
2025-03-01,S006,P019,170,160,141,3,186
2025-03-01,S006,P020,31,75,66,1,39
2025-03-01,S007,P001,185,57,36,3,203
2025-03-01,S007,P002,140,53,57,2,134
2025-03-01,S007,P003,202,97,196,0,103
2025-03-01,S007,P004,57,66,61,1,61
2025-03-01,S007,P005,237,10,96,3,148
2025-03-01,S007,P006,185,32,134,0,83
2025-03-01,S007,P007,56,132,120,1,67
2025-03-01,S007,P008,81,83,3,0,161
2025-03-01,S007,P009,122,84,35,2,169
2025-03-01,S007,P010,153,104,2,0,255
2025-03-01,S007,P011,152,18,26,3,141
2025-03-01,S007,P012,53,136,38,0,151
2025-03-01,S007,P013,203,99,225,3,74
2025-03-01,S007,P014,184,116,55,2,243
2025-03-01,S007,P015,168,1,148,2,19
2025-03-01,S007,P016,133,116,230,1,18
2025-03-01,S007,P017,176,35,207,0,4
2025-03-01,S007,P018,79,138,183,0,34
2025-03-01,S007,P019,168,137,180,1,124
2025-03-01,S007,P020,136,97,3,2,228
2025-03-01,S008,P001,38,103,73,3,65
2025-03-01,S008,P002,30,99,114,1,14
2025-03-01,S008,P003,194,93,156,0,131
2025-03-01,S008,P004,213,131,47,0,297
2025-03-01,S008,P005,148,39,108,0,79
2025-03-01,S008,P006,167,63,194,3,33
2025-03-01,S008,P007,26,143,169,3,0
2025-03-01,S008,P008,122,98,128,3,89
2025-03-01,S008,P009,88,41,129,0,0
2025-03-01,S008,P010,236,89,22,3,300
2025-03-01,S008,P011,87,114,197,1,3
2025-03-01,S008,P012,183,93,153,2,121
2025-03-01,S008,P013,44,51,5,0,90
2025-03-01,S008,P014,245,85,177,0,153
2025-03-01,S008,P015,242,169,211,0,200
2025-03-01,S008,P016,131,1,109,0,23
2025-03-01,S008,P017,76,57,84,0,49
2025-03-01,S008,P018,237,173,273,3,134
2025-03-01,S008,P019,175,11,69,2,115
2025-03-01,S008,P020,26,155,12,0,169
2025-03-01,S009,P001,92,69,48,1,112
2025-03-01,S009,P002,169,168,283,1,53
2025-03-01,S009,P003,175,125,294,3,3
2025-03-01,S009,P004,169,71,160,1,79
2025-03-01,S009,P005,198,52,87,0,163
2025-03-01,S009,P006,112,47,48,2,109
2025-03-01,S009,P007,174,99,171,0,102
2025-03-01,S009,P008,126,77,27,0,176
2025-03-01,S009,P009,76,53,75,1,53
2025-03-01,S009,P010,136,88,166,1,57
2025-03-01,S009,P011,80,34,18,1,95
2025-03-01,S009,P012,169,76,67,0,178
2025-03-01,S009,P013,85,41,68,3,55
2025-03-01,S009,P014,49,93,34,0,108
2025-03-01,S009,P015,134,180,187,1,126
2025-03-01,S009,P016,56,39,95,0,0
2025-03-01,S009,P017,242,82,17,2,305
2025-03-01,S009,P018,125,28,77,0,76
2025-03-01,S009,P019,146,10,24,0,132
2025-03-01,S009,P020,60,21,71,0,10
2025-03-01,S010,P001,115,18,12,0,121
2025-03-01,S010,P002,219,152,123,1,247
2025-03-01,S010,P003,31,78,82,1,26
2025-03-01,S010,P004,188,62,193,0,57
2025-03-01,S010,P005,133,87,213,0,7
2025-03-01,S010,P006,250,47,239,3,55
2025-03-01,S010,P007,27,133,91,2,67
2025-03-01,S010,P008,119,71,59,0,131
2025-03-01,S010,P009,169,173,308,2,32
2025-03-01,S010,P010,83,56,120,1,18
2025-03-01,S010,P011,135,117,141,0,111
2025-03-01,S010,P012,37,172,23,0,186
2025-03-01,S010,P013,124,93,165,3,49
2025-03-01,S010,P014,248,124,10,0,362
2025-03-01,S010,P015,94,74,28,2,138
2025-03-01,S010,P016,199,22,20,0,201
2025-03-01,S010,P017,112,18,123,1,6
2025-03-01,S010,P018,161,43,62,0,142
2025-03-01,S010,P019,98,57,127,1,27
2025-03-01,S010,P020,144,19,117,3,43
2025-03-01,S011,P001,170,6,7,1,168
2025-03-01,S011,P002,130,81,124,1,86
2025-03-01,S011,P003,185,176,87,0,274
2025-03-01,S011,P004,188,80,118,2,148
2025-03-01,S011,P005,47,72,27,0,92
2025-03-01,S011,P006,89,99,164,0,24
2025-03-01,S011,P007,22,45,29,0,38
2025-03-01,S011,P008,204,154,75,2,281
2025-03-01,S011,P009,61,161,123,0,99
2025-03-01,S011,P010,41,141,119,2,61
2025-03-01,S011,P011,228,72,182,1,117
2025-03-01,S011,P012,229,78,7,1,299
2025-03-01,S011,P013,104,136,93,0,147
2025-03-01,S011,P014,87,53,106,3,31
2025-03-01,S011,P015,219,128,217,0,130
2025-03-01,S011,P016,149,99,134,3,111
2025-03-01,S011,P017,207,109,305,-1,10
2025-03-01,S011,P018,53,124,30,0,147
2025-03-01,S011,P019,74,78,71,0,81
2025-03-01,S011,P020,98,77,2,2,171
2025-03-01,S012,P001,234,166,187,3,210
2025-03-01,S012,P002,88,31,84,2,33
2025-03-01,S012,P003,30,173,149,0,54
2025-03-01,S012,P004,88,16,11,3,90
2025-03-01,S012,P005,203,26,158,3,68
2025-03-01,S012,P006,26,137,126,0,37
2025-03-01,S012,P007,49,118,102,3,62
2025-03-01,S012,P008,65,98,70,0,93
2025-03-01,S012,P009,113,74,122,3,62
2025-03-01,S012,P010,141,129,194,1,75
2025-03-01,S012,P011,231,149,245,0,135
2025-03-01,S012,P012,78,99,3,0,174
2025-03-01,S012,P013,110,155,174,1,90
2025-03-01,S012,P014,191,131,155,0,167
2025-03-01,S012,P015,235,6,160,0,81
2025-03-01,S012,P016,246,37,247,0,36
2025-03-01,S012,P017,129,66,100,0,95
2025-03-01,S012,P018,239,171,225,0,185
2025-03-01,S012,P019,134,176,159,2,149
2025-03-01,S012,P020,31,17,34,0,14
2025-03-01,S013,P001,136,107,47,0,196
2025-03-01,S013,P002,132,113,190,1,54
2025-03-01,S013,P003,59,52,9,0,102
2025-03-01,S013,P004,124,105,37,0,192
2025-03-01,S013,P005,140,141,280,0,1
2025-03-01,S013,P006,195,157,173,3,176
2025-03-01,S013,P007,141,135,253,0,23
2025-03-01,S013,P008,69,43,17,0,95
2025-03-01,S013,P009,88,168,130,1,125
2025-03-01,S013,P010,248,174,371,1,50
2025-03-01,S013,P011,49,118,57,2,108
2025-03-01,S013,P012,197,124,277,0,44
2025-03-01,S013,P013,52,149,2,1,198
2025-03-01,S013,P014,175,60,35,1,199
2025-03-01,S013,P015,89,33,100,0,22
2025-03-01,S013,P016,213,145,276,0,82
2025-03-01,S013,P017,204,176,77,0,303
2025-03-01,S013,P018,242,44,93,0,193
2025-03-01,S013,P019,170,114,223,0,61
2025-03-01,S013,P020,185,125,252,2,56
2025-03-01,S014,P001,70,177,163,0,84
2025-03-01,S014,P002,176,9,97,0,88
2025-03-01,S014,P003,235,28,215,1,47
2025-03-01,S014,P004,130,29,1,3,155
2025-03-01,S014,P005,61,52,110,0,3
2025-03-01,S014,P006,211,61,78,3,191
2025-03-01,S014,P007,36,81,51,2,64
2025-03-01,S014,P008,137,43,110,3,67
2025-03-01,S014,P009,184,150,260,2,72
2025-03-01,S014,P010,84,79,106,2,55
2025-03-01,S014,P011,211,171,39,0,343
2025-03-01,S014,P012,64,145,205,2,2
2025-03-01,S014,P013,148,175,76,3,244
2025-03-01,S014,P014,76,85,128,0,33
2025-03-01,S014,P015,178,86,145,0,119
2025-03-01,S014,P016,187,41,113,2,113
2025-03-01,S014,P017,152,35,28,0,159
2025-03-01,S014,P018,51,92,75,0,68
2025-03-01,S014,P019,181,130,121,0,190
2025-03-01,S014,P020,75,13,36,1,51
2025-03-01,S015,P001,110,16,69,0,57
2025-03-01,S015,P002,78,29,4,1,102
2025-03-01,S015,P003,144,159,159,0,144
2025-03-01,S015,P004,133,150,112,0,171
2025-03-01,S015,P005,246,22,30,0,238
2025-03-01,S015,P006,53,73,120,2,4
2025-03-01,S015,P007,241,143,214,0,170
2025-03-01,S015,P008,234,25,210,3,46
2025-03-01,S015,P009,224,97,284,3,34
2025-03-01,S015,P010,114,173,239,0,48
2025-03-01,S015,P011,237,76,310,0,3
2025-03-01,S015,P012,21,28,22,0,27
2025-03-01,S015,P013,216,167,49,0,334
2025-03-01,S015,P014,66,4,70,0,0
2025-03-01,S015,P015,68,93,36,0,125
2025-03-01,S015,P016,190,12,71,0,131
2025-03-01,S015,P017,246,130,366,2,8
2025-03-01,S015,P018,183,57,173,0,67
2025-03-01,S015,P019,59,63,14,0,108
2025-03-01,S015,P020,200,43,90,0,153
2025-03-01,S016,P001,29,23,26,0,26
2025-03-01,S016,P002,33,167,142,1,57
2025-03-01,S016,P003,182,64,243,3,0
2025-03-01,S016,P004,239,6,179,0,66
2025-03-01,S016,P005,182,152,43,3,288
2025-03-01,S016,P006,153,9,65,2,95
2025-03-01,S016,P007,129,22,37,0,114
2025-03-01,S016,P008,148,87,222,0,13
2025-03-01,S016,P009,103,27,30,2,98
2025-03-01,S016,P010,51,2,7,0,46
2025-03-01,S016,P011,210,106,305,0,11
2025-03-01,S016,P012,52,94,82,0,64
2025-03-01,S016,P013,48,157,42,0,163
2025-03-01,S016,P014,122,56,55,1,122
2025-03-01,S016,P015,128,166,152,0,142
2025-03-01,S016,P016,57,17,73,0,1
2025-03-01,S016,P017,246,125,216,2,153
2025-03-01,S016,P018,143,38,83,1,97
2025-03-01,S016,P019,94,168,91,0,171
2025-03-01,S016,P020,146,147,116,0,177
2025-03-01,S017,P001,164,174,262,0,76
2025-03-01,S017,P002,206,109,38,0,277
2025-03-01,S017,P003,250,108,176,2,180
2025-03-01,S017,P004,240,28,58,0,210
2025-03-01,S017,P005,172,60,201,2,-10
2025-03-01,S017,P006,110,86,65,2,129
2025-03-01,S017,P007,116,31,102,2,43
2025-03-01,S017,P008,69,65,132,2,0
2025-03-01,S017,P009,229,165,132,0,262
2025-03-01,S017,P010,138,126,238,0,26
2025-03-01,S017,P011,20,138,92,0,66
2025-03-01,S017,P012,33,31,33,2,29
2025-03-01,S017,P013,148,173,285,0,36
2025-03-01,S017,P014,31,100,69,2,60
2025-03-01,S017,P015,223,79,260,1,41
2025-03-01,S017,P016,235,138,313,0,60
2025-03-01,S017,P017,112,26,34,1,103
2025-03-01,S017,P018,180,102,248,0,34
2025-03-01,S017,P019,192,9,121,0,80
2025-03-01,S017,P020,49,46,17,0,78
2025-03-01,S018,P001,115,4,62,2,55
2025-03-01,S018,P002,185,109,23,3,268
2025-03-01,S018,P003,243,153,320,3,73
2025-03-01,S018,P004,177,12,111,0,78
2025-03-01,S018,P005,218,11,30,3,196
2025-03-01,S018,P006,200,144,206,0,138
2025-03-01,S018,P007,106,148,87,0,167
2025-03-01,S018,P008,162,142,134,0,170
2025-03-01,S018,P009,78,51,85,0,44
2025-03-01,S018,P010,105,94,145,1,53
2025-03-01,S018,P011,220,40,198,3,59
2025-03-01,S018,P012,143,3,44,0,102
2025-03-01,S018,P013,123,136,79,0,180
2025-03-01,S018,P014,208,94,270,3,29
2025-03-01,S018,P015,170,65,214,2,19
2025-03-01,S018,P016,200,7,27,1,179
2025-03-01,S018,P017,44,16,54,2,4
2025-03-01,S018,P018,96,0,232,3,35
2025-03-01,S018,P019,216,161,77,2,298
2025-03-01,S018,P020,193,18,153,2,56
2025-03-01,S019,P001,113,24,28,3,106
2025-03-01,S019,P002,234,40,272,0,206
2025-03-01,S019,P003,113,157,163,0,107
2025-03-01,S019,P004,173,124,47,3,247
2025-03-01,S019,P005,97,30,65,0,62
2025-03-01,S019,P006,166,120,124,1,161
2025-03-01,S019,P007,248,153,91,1,309
2025-03-01,S019,P008,77,126,444,2,90
2025-03-01,S019,P009,78,95,152,0,21
2025-03-01,S019,P010,119,40,52,1,106
2025-03-01,S019,P011,226,155,92,3,286
2025-03-01,S019,P012,28,7,4,1,30
2025-03-01,S019,P013,133,45,43,0,135
2025-03-01,S019,P014,56,60,3,2,111
2025-03-01,S019,P015,132,178,68,1,241
2025-03-01,S019,P016,106,134,173,2,65
2025-03-01,S019,P017,111,172,241,0,42
2025-03-01,S019,P018,119,116,226,3,6
2025-03-01,S019,P019,224,37,113,1,147
2025-03-01,S019,P020,229,101,296,3,31
2025-03-01,S020,P001,215,115,80,0,250
2025-03-01,S020,P002,43,143,137,0,49
2025-03-01,S020,P003,100,37,24,0,113
2025-03-01,S020,P004,136,6,119,0,23
2025-03-01,S020,P005,29,122,59,0,92
2025-03-01,S020,P006,144,72,103,2,111
2025-03-01,S020,P007,87,46,25,0,108
2025-03-01,S020,P008,237,103,9,3,328
2025-03-01,S020,P009,84,152,175,3,58
2025-03-01,S020,P010,21,104,93,0,32
2025-03-01,S020,P011,60,120,10,2,168
2025-03-01,S020,P012,42,59,32,1,68
2025-03-01,S020,P013,70,127,98,0,99
2025-03-01,S020,P014,250,85,117,3,215
2025-03-01,S020,P015,180,65,92,0,153
2025-03-01,S020,P016,32,127,41,2,116
2025-03-01,S020,P017,166,167,235,0,98
2025-03-01,S020,P018,158,159,247,2,68
2025-03-01,S020,P019,59,26,3,2,80
2025-03-01,S020,P020,83,29,73,1,38
2025-03-01,S021,P001,105,62,148,0,19
2025-03-01,S021,P002,242,82,303,0,21
2025-03-01,S021,P003,208,25,26,0,207
2025-03-01,S021,P004,85,95,58,3,119
2025-03-01,S021,P005,186,24,184,0,26
2025-03-01,S021,P006,125,38,122,1,40
2025-03-01,S021,P007,97,147,215,0,29
2025-03-01,S021,P008,169,95,113,0,151
2025-03-01,S021,P009,123,176,209,2,88
2025-03-01,S021,P010,227,180,381,0,26
2025-03-01,S021,P011,211,2,207,0,6
2025-03-01,S021,P012,162,43,196,2,7
2025-03-01,S021,P013,42,158,119,0,81
2025-03-01,S021,P014,149,139,4,3,281
2025-03-01,S021,P015,99,26,27,0,98
2025-03-01,S021,P016,228,22,28,0,222
2025-03-01,S021,P017,152,92,756,2,53
2025-03-01,S021,P018,148,96,213,0,31
2025-03-01,S021,P019,86,66,64,0,88
2025-03-01,S021,P020,67,18,67,0,-10
2025-03-01,S022,P001,107,31,89,0,49
2025-03-01,S022,P002,249,108,123,3,231
2025-03-01,S022,P003,204,44,211,1,36
2025-03-01,S022,P004,192,58,18,2,230
2025-03-01,S022,P005,213,108,158,2,161
2025-03-01,S022,P006,159,9,166,0,2
2025-03-01,S022,P007,94,121,8,0,207
2025-03-01,S022,P008,159,73,194,1,37
2025-03-01,S022,P009,200,12,155,0,57
2025-03-01,S022,P010,187,163,281,3,66
2025-03-01,S022,P011,235,171,74,3,329
2025-03-01,S022,P012,32,61,52,1,40
2025-03-01,S022,P013,240,27,247,0,20
2025-03-01,S022,P014,59,68,67,0,60
2025-03-01,S022,P015,230,78,228,0,80
2025-03-01,S022,P016,103,54,101,1,55
2025-03-01,S022,P017,80,1,55,0,26
2025-03-01,S022,P018,31,176,158,3,46
2025-03-01,S022,P019,132,54,376,0,92
2025-03-01,S022,P020,167,66,157,2,74
2025-03-01,S023,P001,74,148,201,0,21
2025-03-01,S023,P002,108,139,115,3,129
2025-03-01,S023,P003,90,156,237,0,9
2025-03-01,S023,P004,137,61,31,0,167
2025-03-01,S023,P005,25,118,94,0,49
2025-03-01,S023,P006,120,63,95,3,85
2025-03-01,S023,P007,230,23,39,3,211
2025-03-01,S023,P008,244,83,63,0,264
2025-03-01,S023,P009,223,97,184,2,134
2025-03-01,S023,P010,49,172,155,0,66
2025-03-01,S023,P011,217,172,228,3,158
2025-03-01,S023,P012,32,139,60,2,109
2025-03-01,S023,P013,203,23,177,2,47
2025-03-01,S023,P014,112,153,71,0,194
2025-03-01,S023,P015,26,44,18,1,51
2025-03-01,S023,P016,212,164,95,0,281
2025-03-01,S023,P017,240,48,262,0,26
2025-03-01,S023,P018,55,136,40,1,150
2025-03-01,S023,P019,39,62,20,0,81
2025-03-01,S023,P020,83,178,65,0,196
2025-03-01,S024,P001,133,134,34,0,233
2025-03-01,S024,P002,157,15,96,1,75
2025-03-01,S024,P003,205,51,14,3,239
2025-03-01,S024,P004,242,5,209,0,38
2025-03-01,S024,P005,246,36,118,3,161
2025-03-01,S024,P006,48,179,185,0,42
2025-03-01,S024,P007,74,67,124,2,15
2025-03-01,S024,P008,127,103,9,0,221
2025-03-01,S024,P009,169,83,129,2,121
2025-03-01,S024,P010,45,118,153,2,8
2025-03-01,S024,P011,225,111,144,0,192
2025-03-01,S024,P012,236,99,51,0,284
2025-03-01,S024,P013,154,42,166,1,29
2025-03-01,S024,P014,102,154,150,1,105
2025-03-01,S024,P015,164,136,226,3,71
2025-03-01,S024,P016,195,43,205,0,33
2025-03-01,S024,P017,244,78,167,3,152
2025-03-01,S024,P018,35,71,2,0,104
2025-03-01,S024,P019,43,170,97,2,114
2025-03-01,S024,P020,93,142,212,0,23
2025-03-01,S025,P001,224,140,1164,2,71
2025-03-01,S025,P002,123,56,120,0,59
2025-03-01,S025,P003,231,74,244,2,59
2025-03-01,S025,P004,183,142,168,0,157
2025-03-01,S025,P005,170,169,156,0,183
2025-03-01,S025,P006,121,24,133,0,12
2025-03-01,S025,P007,50,140,168,0,22
2025-03-01,S025,P008,75,93,103,1,64
2025-03-01,S025,P009,119,86,85,3,117
2025-03-01,S025,P010,161,72,135,0,98
2025-03-01,S025,P011,150,120,107,0,163
2025-03-01,S025,P012,70,68,130,0,8
2025-03-01,S025,P013,212,82,257,3,34
2025-03-01,S025,P014,194,100,84,3,207
2025-03-01,S025,P015,108,11,96,2,21
2025-03-01,S025,P016,145,99,83,0,161
2025-03-01,S025,P017,70,37,69,0,38
2025-03-01,S025,P018,184,63,155,0,92
2025-03-01,S025,P019,217,51,198,0,70
2025-03-01,S025,P020,182,63,169,0,76
2025-03-01,S026,P001,56,35,1,0,90
2025-03-01,S026,P002,168,148,125,1,190
2025-03-01,S026,P003,242,115,138,1,218
2025-03-01,S026,P004,111,58,100,0,69
2025-03-01,S026,P005,165,172,163,0,174
2025-03-01,S026,P006,223,66,192,1,96
2025-03-01,S026,P007,82,143,203,0,22
2025-03-01,S026,P008,55,74,58,2,69
2025-03-01,S026,P009,109,21,17,3,110
2025-03-01,S026,P010,145,111,64,0,192
2025-03-01,S026,P011,86,85,43,3,125
2025-03-01,S026,P012,245,142,50,0,337
2025-03-01,S026,P013,208,15,164,0,59
2025-03-01,S026,P014,218,127,51,0,294
2025-03-01,S026,P015,47,140,108,2,77
2025-03-01,S026,P016,85,171,225,1,30
2025-03-01,S026,P017,45,161,129,0,77
2025-03-01,S026,P018,27,50,38,0,39
2025-03-01,S026,P019,106,103,128,3,78
2025-03-01,S026,P020,72,132,78,0,126
2025-03-01,S027,P001,121,127,126,0,122
2025-03-01,S027,P002,31,61,84,0,8
2025-03-01,S027,P003,111,145,57,0,199
2025-03-01,S027,P004,100,104,72,0,132
2025-03-01,S027,P005,248,50,280,2,16
2025-03-01,S027,P006,115,129,143,0,101
2025-03-01,S027,P007,81,153,65,3,166
2025-03-01,S027,P008,230,73,5,0,298
2025-03-01,S027,P009,230,71,95,3,203
2025-03-01,S027,P010,42,170,52,0,160
2025-03-01,S027,P011,78,69,125,1,21
2025-03-01,S027,P012,250,117,119,2,246
2025-03-01,S027,P013,190,178,37,1,330
2025-03-01,S027,P014,197,72,95,2,172
2025-03-01,S027,P015,197,111,102,0,206
2025-03-01,S027,P016,89,80,106,0,63
2025-03-01,S027,P017,149,92,225,0,16
2025-03-01,S027,P018,109,123,51,1,180
2025-03-01,S027,P019,152,70,195,0,27
2025-03-01,S027,P020,40,179,151,0,68
2025-03-01,S028,P001,212,41,20,3,230
2025-03-01,S028,P002,131,23,3,2,149
2025-03-01,S028,P003,99,32,102,1,28
2025-03-01,S028,P004,198,19,107,0,110
2025-03-01,S028,P005,77,129,123,0,83
2025-03-01,S028,P006,82,48,114,0,16
2025-03-01,S028,P007,34,103,70,3,64
2025-03-01,S028,P008,208,79,196,0,91
2025-03-01,S028,P009,171,31,112,1,89
2025-03-01,S028,P010,169,55,60,2,162
2025-03-01,S028,P011,80,11,3,3,85
2025-03-01,S028,P012,20,111,63,3,65
2025-03-01,S028,P013,143,111,241,1,12
2025-03-01,S028,P014,187,68,87,0,168
2025-03-01,S028,P015,209,128,82,2,253
2025-03-01,S028,P016,152,157,38,0,271
2025-03-01,S028,P017,63,16,71,1,7
2025-03-01,S028,P018,133,173,206,2,98
2025-03-01,S028,P019,74,100,147,0,27
2025-03-01,S028,P020,56,71,112,2,13
2025-03-01,S029,P001,163,157,243,1,76
2025-03-01,S029,P002,201,171,362,3,7
2025-03-01,S029,P003,231,59,3,0,287
2025-03-01,S029,P004,192,71,251,2,10
2025-03-01,S029,P005,173,21,173,0,21
2025-03-01,S029,P006,80,175,43,1,211
2025-03-01,S029,P007,65,64,73,0,56
2025-03-01,S029,P008,135,115,190,0,60
2025-03-01,S029,P009,164,70,140,3,91
2025-03-01,S029,P010,137,3,109,2,29
2025-03-01,S029,P011,217,116,328,2,3
2025-03-01,S029,P012,163,123,141,0,145
2025-03-01,S029,P013,203,71,161,2,111
2025-03-01,S029,P014,122,24,129,2,15
2025-03-01,S029,P015,84,78,18,2,142
2025-03-01,S029,P016,115,0,10,3,102
2025-03-01,S029,P017,183,166,46,3,300
2025-03-01,S029,P018,125,148,226,0,47
2025-03-01,S029,P019,147,0,19,0,128
2025-03-01,S029,P020,180,143,107,2,214
2025-03-01,S030,P001,214,40,83,3,168
2025-03-01,S030,P002,218,87,162,2,141
2025-03-01,S030,P003,111,141,203,1,48
2025-03-01,S030,P004,169,137,250,3,53
2025-03-01,S030,P005,215,61,265,0,11
2025-03-01,S030,P006,248,89,14,0,323
2025-03-01,S030,P007,109,29,129,1,8
2025-03-01,S030,P008,241,10,182,3,66
2025-03-01,S030,P009,153,3,81,3,72
2025-03-01,S030,P010,183,129,190,2,120
2025-03-01,S030,P011,136,87,107,3,113
2025-03-01,S030,P012,47,55,7,1,94
2025-03-01,S030,P013,63,46,72,2,35
2025-03-01,S030,P014,103,115,88,0,130
2025-03-01,S030,P015,206,36,23,0,219
2025-03-01,S030,P016,139,72,3,0,208
2025-03-01,S030,P017,246,174,169,0,251
2025-03-01,S030,P018,25,63,3,0,85
2025-03-01,S030,P019,124,13,25,1,111
2025-03-01,S030,P020,168,1,25,1,143
2025-03-01,S031,P001,74,97,171,0,0
2025-03-01,S031,P002,38,130,99,3,66
2025-03-01,S031,P003,30,144,82,0,92
2025-03-01,S031,P004,118,175,228,0,65
2025-03-01,S031,P005,249,29,61,0,217
2025-03-01,S031,P006,221,167,101,0,287
2025-03-01,S031,P007,235,141,209,1,166
2025-03-01,S031,P008,196,56,179,0,73
2025-03-01,S031,P009,35,69,54,3,47
2025-03-01,S031,P010,162,101,195,0,68
2025-03-01,S031,P011,148,104,68,0,184
2025-03-01,S031,P012,37,33,24,2,44
2025-03-01,S031,P013,138,117,6,0,249
2025-03-01,S031,P014,239,78,16,0,301
2025-03-01,S031,P015,55,146,11,2,188
2025-03-01,S031,P016,44,101,127,0,18
2025-03-01,S031,P017,75,26,56,0,45
2025-03-01,S031,P018,159,47,74,3,129
2025-03-01,S031,P019,203,139,292,2,48
2025-03-01,S031,P020,176,11,154,0,33
2025-03-01,S032,P001,206,47,75,0,178
2025-03-01,S032,P002,56,77,128,0,5
2025-03-01,S032,P003,182,73,136,0,119
2025-03-01,S032,P004,112,78,3,0,187
2025-03-01,S032,P005,148,172,255,1,64
2025-03-01,S032,P006,209,144,268,1,84
2025-03-01,S032,P007,245,86,211,0,120
2025-03-01,S032,P008,228,25,201,3,49
2025-03-01,S032,P009,224,13,153,3,81
2025-03-01,S032,P010,131,45,40,0,136
2025-03-01,S032,P011,177,51,93,0,135
2025-03-01,S032,P012,42,149,181,1,9
2025-03-01,S032,P013,120,34,117,1,36
2025-03-01,S032,P014,151,13,68,1,95
2025-03-01,S032,P015,73,144,8,1,208
2025-03-01,S032,P016,124,160,62,0,222
2025-03-01,S032,P017,93,111,79,1,124
2025-03-01,S032,P018,152,47,162,1,36
2025-03-01,S032,P019,246,156,291,0,111
2025-03-01,S032,P020,243,114,346,0,11
2025-03-01,S033,P001,246,48,22,1,271
2025-03-01,S033,P002,83,5,27,0,61
2025-03-01,S033,P003,28,117,84,2,59
2025-03-01,S033,P004,47,100,130,0,17
2025-03-01,S033,P005,88,107,48,3,144
2025-03-01,S033,P006,203,70,50,3,220
2025-03-01,S033,P007,100,14,59,0,55
2025-03-01,S033,P008,231,77,276,2,30
2025-03-01,S033,P009,42,175,97,0,120
2025-03-01,S033,P010,144,120,189,0,75
2025-03-01,S033,P011,50,122,80,3,89
2025-03-01,S033,P012,197,57,216,0,38
2025-03-01,S033,P013,25,76,65,0,36
2025-03-01,S033,P014,105,122,183,0,44
2025-03-01,S033,P015,218,98,293,1,22
2025-03-01,S033,P016,83,15,38,3,57
2025-03-01,S033,P017,198,8,99,2,105
2025-03-01,S033,P018,39,133,57,3,112
2025-03-01,S033,P019,156,180,65,2,269
2025-03-01,S033,P020,101,48,140,0,9
2025-03-01,S034,P001,45,9,30,2,22
2025-03-01,S034,P002,65,173,27,1,210
2025-03-01,S034,P003,150,143,26,0,267
2025-03-01,S034,P004,130,159,100,0,189
2025-03-01,S034,P005,92,160,142,3,107
2025-03-01,S034,P006,151,93,107,0,137
2025-03-01,S034,P007,43,169,128,3,81
2025-03-01,S034,P008,92,65,93,0,64
2025-03-01,S034,P009,159,173,266,3,63
2025-03-01,S034,P010,83,161,165,3,76
2025-03-01,S034,P011,81,90,54,1,116
2025-03-01,S034,P012,245,11,165,1,90
2025-03-01,S034,P013,119,122,192,1,48
2025-03-01,S034,P014,175,141,76,0,240
2025-03-01,S034,P015,159,119,212,0,66
2025-03-01,S034,P016,163,50,202,0,11
2025-03-01,S034,P017,121,56,123,1,53
2025-03-01,S034,P018,173,167,249,0,91
2025-03-01,S034,P019,206,50,219,2,35
2025-03-01,S034,P020,239,161,29,0,371
2025-03-01,S035,P001,151,80,195,3,33
2025-03-01,S035,P002,98,81,106,0,73
2025-03-01,S035,P003,105,23,8,0,120
2025-03-01,S035,P004,97,86,179,3,1
2025-03-01,S035,P005,37,150,157,0,30
2025-03-01,S035,P006,247,118,270,1,94
2025-03-01,S035,P007,52,90,122,0,20
2025-03-01,S035,P008,97,92,104,1,84
2025-03-01,S035,P009,37,108,20,0,125
2025-03-01,S035,P010,137,155,181,0,111
2025-03-01,S035,P011,29,113,75,0,67
2025-03-01,S035,P012,190,57,224,-1,22
2025-03-01,S035,P013,160,134,77,0,217
2025-03-01,S035,P014,105,49,112,1,41
2025-03-01,S035,P015,47,109,47,0,109
2025-03-01,S035,P016,35,130,20,-1,144
2025-03-01,S035,P017,52,55,10,1,96
2025-03-01,S035,P018,183,173,304,2,50
2025-03-01,S035,P019,21,76,19,0,78
2025-03-01,S035,P020,27,115,77,1,64
2025-04-01,S001,P001,248,32,209,3,68
2025-04-01,S001,P002,95,68,128,0,35
2025-04-01,S001,P003,242,64,67,1,238
2025-04-01,S001,P004,120,50,93,2,75
2025-04-01,S001,P005,166,125,53,0,238
2025-04-01,S001,P006,67,18,84,0,1
2025-04-01,S001,P007,35,120,104,0,51
2025-04-01,S001,P008,61,149,62,0,148
2025-04-01,S001,P009,35,156,179,1,11
2025-04-01,S001,P010,60,79,131,3,5
2025-04-01,S001,P011,104,144,194,0,54
2025-04-01,S001,P012,169,167,313,0,23
2025-04-01,S001,P013,58,84,116,3,23
2025-04-01,S001,P014,117,131,209,0,39
2025-04-01,S001,P015,43,75,3,1,114
2025-04-01,S001,P016,215,149,50,0,314
2025-04-01,S001,P017,219,72,8,1,282
2025-04-01,S001,P018,79,132,101,1,109
2025-04-01,S001,P019,182,38,69,1,150
2025-04-01,S001,P020,100,88,57,0,131
2025-04-01,S002,P001,182,111,209,0,84
2025-04-01,S002,P002,151,131,256,3,23
2025-04-01,S002,P003,162,115,42,0,235
2025-04-01,S002,P004,73,164,217,3,17
2025-04-01,S002,P005,232,153,216,0,169
2025-04-01,S002,P006,224,163,342,0,45
2025-04-01,S002,P007,248,79,190,0,137
2025-04-01,S002,P008,136,69,161,1,43
2025-04-01,S002,P009,211,102,138,0,175
2025-04-01,S002,P010,198,137,30,0,305
2025-04-01,S002,P011,67,169,214,2,20
2025-04-01,S002,P012,112,88,76,0,124
2025-04-01,S002,P013,220,55,28,2,245
2025-04-01,S002,P014,79,105,52,0,132
2025-04-01,S002,P015,32,5,19,0,18
2025-04-01,S002,P016,187,78,81,0,184
2025-04-01,S002,P017,229,35,159,0,105
2025-04-01,S002,P018,159,158,234,2,81
2025-04-01,S002,P019,156,149,108,1,196
2025-04-01,S002,P020,22,114,50,0,86
2025-04-01,S003,P001,121,32,145,3,5
2025-04-01,S003,P002,161,36,99,1,97
2025-04-01,S003,P003,34,4,16,2,20
2025-04-01,S003,P004,221,167,2,1,385
2025-04-01,S003,P005,228,49,211,0,66
2025-04-01,S003,P006,35,39,39,0,35
2025-04-01,S003,P007,66,38,96,3,5
2025-04-01,S003,P008,192,58,4,0,246
2025-04-01,S003,P009,206,54,45,0,215
2025-04-01,S003,P010,242,171,335,2,76
2025-04-01,S003,P011,125,119,230,0,14
2025-04-01,S003,P012,142,53,169,3,23
2025-04-01,S003,P013,68,83,97,3,51
2025-04-01,S003,P014,70,137,156,0,51
2025-04-01,S003,P015,226,59,237,0,48
2025-04-01,S003,P016,168,159,71,1,255
2025-04-01,S003,P017,177,54,228,3,0
2025-04-01,S003,P018,189,6,164,0,31
2025-04-01,S003,P019,169,123,200,0,92
2025-04-01,S003,P020,84,170,157,3,94
2025-04-01,S004,P001,128,22,100,0,50
2025-04-01,S004,P002,223,30,53,1,199
2025-04-01,S004,P003,31,45,65,-1,11
2025-04-01,S004,P004,109,34,109,0,34
2025-04-01,S004,P005,212,88,218,0,82
2025-04-01,S004,P006,81,72,111,0,42
2025-04-01,S004,P007,245,45,136,0,154
2025-04-01,S004,P008,114,105,65,0,154
2025-04-01,S004,P009,241,2,86,0,157
2025-04-01,S004,P010,32,50,8,0,74
2025-04-01,S004,P011,195,106,4,2,295
2025-04-01,S004,P012,195,148,301,0,42
2025-04-01,S004,P013,175,116,247,1,43
2025-04-01,S004,P014,143,133,192,1,83
2025-04-01,S004,P015,58,166,91,2,131
2025-04-01,S004,P016,79,58,148,3,97
2025-04-01,S004,P017,201,125,17,0,309
2025-04-01,S004,P018,151,56,9,1,197
2025-04-01,S004,P019,248,146,1536,2,8
2025-04-01,S004,P020,87,173,119,0,141
2025-04-01,S005,P001,57,152,113,2,94
2025-04-01,S005,P002,140,179,42,0,277
2025-04-01,S005,P003,153,83,152,0,84
2025-04-01,S005,P004,218,72,171,2,117
2025-04-01,S005,P005,55,6,56,0,5
2025-04-01,S005,P006,104,104,196,3,9
2025-04-01,S005,P007,69,29,74,1,23
2025-04-01,S005,P008,185,116,153,0,148
2025-04-01,S005,P009,73,3,56,0,20
2025-04-01,S005,P010,240,35,241,2,32
2025-04-01,S005,P011,126,124,54,3,193
2025-04-01,S005,P012,172,160,117,3,212
2025-04-01,S005,P013,27,78,66,3,36
2025-04-01,S005,P014,152,54,191,3,12
2025-04-01,S005,P015,142,86,7,2,219
2025-04-01,S005,P016,154,108,250,1,11
2025-04-01,S005,P017,169,51,55,0,165
2025-04-01,S005,P018,215,80,137,1,157
2025-04-01,S005,P019,240,47,115,0,172
2025-04-01,S005,P020,236,163,39,0,360
2025-04-01,S006,P001,162,0,101,2,59
2025-04-01,S006,P002,146,151,121,0,176
2025-04-01,S006,P003,246,11,124,3,130
2025-04-01,S006,P004,208,162,87,1,282
2025-04-01,S006,P005,97,116,149,2,62
2025-04-01,S006,P006,70,15,62,0,23
2025-04-01,S006,P007,108,125,27,2,204
2025-04-01,S006,P008,42,131,6,2,165
2025-04-01,S006,P009,230,54,111,0,173
2025-04-01,S006,P010,32,47,17,1,61
2025-04-01,S006,P011,109,3,89,2,21
2025-04-01,S006,P012,50,45,54,0,41
2025-04-01,S006,P013,121,177,194,3,101
2025-04-01,S006,P014,149,60,151,0,58
2025-04-01,S006,P015,230,73,269,0,34
2025-04-01,S006,P016,82,57,42,0,97
2025-04-01,S006,P017,250,174,267,2,155
2025-04-01,S006,P018,80,147,170,3,54
2025-04-01,S006,P019,205,9,7,0,207
2025-04-01,S006,P020,148,169,119,2,196
2025-04-01,S007,P001,230,147,321,0,56
2025-04-01,S007,P002,206,166,307,2,63
2025-04-01,S007,P003,149,82,10,3,218
2025-04-01,S007,P004,175,156,9,0,322
2025-04-01,S007,P005,237,48,141,2,142
2025-04-01,S007,P006,32,161,33,0,160
2025-04-01,S007,P007,111,164,89,0,186
2025-04-01,S007,P008,87,97,37,1,146
2025-04-01,S007,P009,88,130,178,2,38
2025-04-01,S007,P010,196,104,190,0,110
2025-04-01,S007,P011,162,87,118,0,131
2025-04-01,S007,P012,138,112,9,3,238
2025-04-01,S007,P013,91,103,13,3,178
2025-04-01,S007,P014,150,165,247,0,68
2025-04-01,S007,P015,229,38,235,0,32
2025-04-01,S007,P016,77,76,153,3,0
2025-04-01,S007,P017,231,171,241,0,161
2025-04-01,S007,P018,101,137,63,0,175
2025-04-01,S007,P019,129,52,178,3,0
2025-04-01,S007,P020,207,10,123,0,94
2025-04-01,S008,P001,235,15,174,0,76
2025-04-01,S008,P002,47,85,20,0,112
2025-04-01,S008,P003,227,97,203,0,121
2025-04-01,S008,P004,85,174,110,2,147
2025-04-01,S008,P005,127,37,129,0,35
2025-04-01,S008,P006,165,67,28,0,204
2025-04-01,S008,P007,46,70,70,0,46
2025-04-01,S008,P008,130,139,123,2,144
2025-04-01,S008,P009,27,28,44,1,10
2025-04-01,S008,P010,158,47,83,1,121
2025-04-01,S008,P011,189,149,62,0,-10
2025-04-01,S008,P012,45,44,9,3,77
2025-04-01,S008,P013,114,124,198,3,37
2025-04-01,S008,P014,181,34,212,0,3
2025-04-01,S008,P015,42,136,140,0,38
2025-04-01,S008,P016,127,44,52,0,119
2025-04-01,S008,P017,29,66,60,1,34
2025-04-01,S008,P018,204,98,111,1,190
2025-04-01,S008,P019,154,156,178,0,132
2025-04-01,S008,P020,197,43,138,0,102
2025-04-01,S009,P001,173,13,30,0,156
2025-04-01,S009,P002,39,161,161,3,36
2025-04-01,S009,P003,119,168,33,0,254
2025-04-01,S009,P004,58,114,87,0,85
2025-04-01,S009,P005,142,147,64,2,223
2025-04-01,S009,P006,68,106,43,3,128
2025-04-01,S009,P007,90,62,6,0,146
2025-04-01,S009,P008,192,148,29,2,309
2025-04-01,S009,P009,231,82,218,0,95
2025-04-01,S009,P010,87,139,180,0,46
2025-04-01,S009,P011,97,20,50,2,65
2025-04-01,S009,P012,127,140,260,-1,7
2025-04-01,S009,P013,163,133,224,0,72
2025-04-01,S009,P014,130,32,92,0,70
2025-04-01,S009,P015,114,152,185,0,81
2025-04-01,S009,P016,173,150,20,0,303
2025-04-01,S009,P017,190,64,118,2,134
2025-04-01,S009,P018,178,28,183,0,23
2025-04-01,S009,P019,172,53,205,2,18
2025-04-01,S009,P020,114,124,15,1,222
2025-04-01,S010,P001,36,41,2,0,75
2025-04-01,S010,P002,178,146,268,2,54
2025-04-01,S010,P003,214,32,87,1,158
2025-04-01,S010,P004,128,98,77,1,148
2025-04-01,S010,P005,188,24,174,3,35
2025-04-01,S010,P006,93,41,27,1,106
2025-04-01,S010,P007,135,46,116,0,65
2025-04-01,S010,P008,221,148,252,0,117
2025-04-01,S010,P009,220,38,59,0,199
2025-04-01,S010,P010,185,25,135,1,74
2025-04-01,S010,P011,143,153,195,1,100
2025-04-01,S010,P012,215,175,383,0,7
2025-04-01,S010,P013,66,162,46,2,180
2025-04-01,S010,P014,191,159,147,2,201
2025-04-01,S010,P015,175,129,128,0,176
2025-04-01,S010,P016,31,14,32,1,12
2025-04-01,S010,P017,223,135,224,0,134
2025-04-01,S010,P018,28,83,37,2,72
2025-04-01,S010,P019,29,148,77,3,97
2025-04-01,S010,P020,236,83,213,3,103
2025-04-01,S011,P001,56,136,46,3,143
2025-04-01,S011,P002,25,142,114,0,53
2025-04-01,S011,P003,150,110,61,1,198
2025-04-01,S011,P004,244,123,331,0,36
2025-04-01,S011,P005,96,160,210,2,44
2025-04-01,S011,P006,233,119,249,1,102
2025-04-01,S011,P007,24,154,162,0,16
2025-04-01,S011,P008,105,89,170,0,24
2025-04-01,S011,P009,56,119,121,3,51
2025-04-01,S011,P010,63,170,225,0,8
2025-04-01,S011,P011,38,79,95,3,19
2025-04-01,S011,P012,212,28,4,0,236
2025-04-01,S011,P013,69,61,36,3,91
2025-04-01,S011,P014,111,86,149,3,45
2025-04-01,S011,P015,209,111,151,0,169
2025-04-01,S011,P016,135,5,46,0,94
2025-04-01,S011,P017,180,47,1,2,224
2025-04-01,S011,P018,27,30,45,0,-10
2025-04-01,S011,P019,79,46,49,0,76
2025-04-01,S011,P020,147,41,150,0,38
2025-04-01,S012,P001,35,65,22,3,75
2025-04-01,S012,P002,100,0,94,2,4
2025-04-01,S012,P003,97,178,80,1,194
2025-04-01,S012,P004,189,15,189,2,13
2025-04-01,S012,P005,101,138,160,2,77
2025-04-01,S012,P006,24,128,97,0,55
2025-04-01,S012,P007,134,108,99,0,143
2025-04-01,S012,P008,101,116,33,0,184
2025-04-01,S012,P009,184,100,75,2,207
2025-04-01,S012,P010,193,43,76,0,160
2025-04-01,S012,P011,24,41,21,1,43
2025-04-01,S012,P012,182,137,195,0,124
2025-04-01,S012,P013,238,107,168,0,177
2025-04-01,S012,P014,128,18,92,2,52
2025-04-01,S012,P015,54,139,128,3,62
2025-04-01,S012,P016,47,145,183,0,9
2025-04-01,S012,P017,36,116,123,0,29
2025-04-01,S012,P018,161,72,212,2,19
2025-04-01,S012,P019,181,171,142,0,210
2025-04-01,S012,P020,189,21,148,1,61
2025-04-01,S013,P001,20,154,14,2,158
2025-04-01,S013,P002,119,40,144,0,15
2025-04-01,S013,P003,104,10,33,0,81
2025-04-01,S013,P004,199,75,200,0,74
2025-04-01,S013,P005,130,4,1,0,133
2025-04-01,S013,P006,64,68,129,3,0
2025-04-01,S013,P007,41,15,28,2,26
2025-04-01,S013,P008,108,138,87,0,159
2025-04-01,S013,P009,177,123,203,1,96
2025-04-01,S013,P010,174,73,90,2,155
2025-04-01,S013,P011,249,120,290,3,76
2025-04-01,S013,P012,158,163,156,0,165
2025-04-01,S013,P013,218,122,296,0,44
2025-04-01,S013,P014,187,162,217,0,132
2025-04-01,S013,P015,107,20,9,2,116
2025-04-01,S013,P016,236,150,372,0,14
2025-04-01,S013,P017,105,9,111,0,3
2025-04-01,S013,P018,146,94,207,0,33
2025-04-01,S013,P019,212,88,63,2,235
2025-04-01,S013,P020,33,50,82,0,1
2025-04-01,S014,P001,221,114,182,0,153
2025-04-01,S014,P002,59,3,41,0,21
2025-04-01,S014,P003,37,108,130,2,13
2025-04-01,S014,P004,34,158,113,3,76
2025-04-01,S014,P005,228,165,105,2,286
2025-04-01,S014,P006,151,164,139,0,176
2025-04-01,S014,P007,215,110,231,2,92
2025-04-01,S014,P008,162,118,177,0,103
2025-04-01,S014,P009,238,36,72,1,201
2025-04-01,S014,P010,44,21,56,0,9
2025-04-01,S014,P011,184,127,105,3,203
2025-04-01,S014,P012,80,22,90,0,12
2025-04-01,S014,P013,119,87,6,0,200
2025-04-01,S014,P014,72,43,94,0,21
2025-04-01,S014,P015,56,59,86,0,29
2025-04-01,S014,P016,59,112,38,3,130
2025-04-01,S014,P017,143,148,242,0,49
2025-04-01,S014,P018,188,96,34,1,249
2025-04-01,S014,P019,44,160,189,0,15
2025-04-01,S014,P020,59,167,194,0,32
2025-04-01,S015,P001,204,68,180,0,92
2025-04-01,S015,P002,59,133,18,0,174
2025-04-01,S015,P003,54,53,10,2,95
2025-04-01,S015,P004,152,62,134,0,80
2025-04-01,S015,P005,158,174,164,3,165
2025-04-01,S015,P006,119,160,184,1,94
2025-04-01,S015,P007,249,166,66,0,349
2025-04-01,S015,P008,66,29,2,1,92
2025-04-01,S015,P009,190,133,1,0,322
2025-04-01,S015,P010,196,126,44,0,278
2025-04-01,S015,P011,228,102,52,1,277
2025-04-01,S015,P012,104,121,134,2,89
2025-04-01,S015,P013,219,103,116,0,206
2025-04-01,S015,P014,134,112,23,0,223
2025-04-01,S015,P015,237,72,265,3,41
2025-04-01,S015,P016,110,65,91,1,83
2025-04-01,S015,P017,244,65,184,1,124
2025-04-01,S015,P018,82,127,143,0,66
2025-04-01,S015,P019,46,21,9,3,55
2025-04-01,S015,P020,230,54,246,0,38
2025-04-01,S016,P001,249,101,72,3,275
2025-04-01,S016,P002,134,89,163,0,60
2025-04-01,S016,P003,100,95,178,0,17
2025-04-01,S016,P004,188,113,195,1,105
2025-04-01,S016,P005,246,81,210,3,-10
2025-04-01,S016,P006,35,104,5,2,132
2025-04-01,S016,P007,82,105,147,0,40
2025-04-01,S016,P008,234,75,17,3,289
2025-04-01,S016,P009,148,0,82,1,65
2025-04-01,S016,P010,117,138,140,2,113
2025-04-01,S016,P011,119,142,95,0,166
2025-04-01,S016,P012,227,176,172,2,229
2025-04-01,S016,P013,162,86,101,1,146
2025-04-01,S016,P014,20,127,113,0,34
2025-04-01,S016,P015,52,99,50,3,98
2025-04-01,S016,P016,138,60,81,1,116
2025-04-01,S016,P017,174,94,28,0,240
2025-04-01,S016,P018,246,137,109,3,271
2025-04-01,S016,P019,190,39,150,3,76
2025-04-01,S016,P020,83,126,46,0,163
2025-04-01,S017,P001,179,6,151,0,34
2025-04-01,S017,P002,220,32,59,0,193
2025-04-01,S017,P003,79,6,43,1,41
2025-04-01,S017,P004,230,79,269,2,38
2025-04-01,S017,P005,181,107,42,2,244
2025-04-01,S017,P006,27,162,157,0,32
2025-04-01,S017,P007,82,8,12,0,78
2025-04-01,S017,P008,116,122,101,0,137
2025-04-01,S017,P009,154,25,63,0,116
2025-04-01,S017,P010,227,111,69,0,269
2025-04-01,S017,P011,36,103,100,2,37
2025-04-01,S017,P012,226,63,62,2,225
2025-04-01,S017,P013,164,172,32,0,304
2025-04-01,S017,P014,137,12,132,0,17
2025-04-01,S017,P015,208,117,216,0,109
2025-04-01,S017,P016,82,120,190,3,9
2025-04-01,S017,P017,67,132,12,0,187
2025-04-01,S017,P018,104,142,8,2,236
2025-04-01,S017,P019,208,60,68,0,200
2025-04-01,S017,P020,52,99,105,0,46
2025-04-01,S018,P001,167,165,270,2,60
2025-04-01,S018,P002,70,109,134,2,43
2025-04-01,S018,P003,218,125,77,0,266
2025-04-01,S018,P004,72,131,68,3,132
2025-04-01,S018,P005,51,22,37,2,34
2025-04-01,S018,P006,133,168,237,0,64
2025-04-01,S018,P007,87,15,43,0,59
2025-04-01,S018,P008,231,7,8,0,230
2025-04-01,S018,P009,194,148,292,1,49
2025-04-01,S018,P010,112,47,107,0,52
2025-04-01,S018,P011,195,116,188,2,121
2025-04-01,S018,P012,141,87,12,1,215
2025-04-01,S018,P013,46,27,32,0,41
2025-04-01,S018,P014,21,10,15,2,14
2025-04-01,S018,P015,56,178,70,3,161
2025-04-01,S018,P016,199,1,15,3,182
2025-04-01,S018,P017,68,156,96,2,126
2025-04-01,S018,P018,244,60,208,0,96
2025-04-01,S018,P019,51,87,135,0,3
2025-04-01,S018,P020,172,131,46,3,254
2025-04-01,S019,P001,82,163,40,0,205
2025-04-01,S019,P002,118,95,132,2,79
2025-04-01,S019,P003,179,3,1,1,180
2025-04-01,S019,P004,180,49,2,0,227
2025-04-01,S019,P005,200,144,61,0,283
2025-04-01,S019,P006,155,51,131,0,75
2025-04-01,S019,P007,249,75,78,1,245
2025-04-01,S019,P008,176,93,129,0,140
2025-04-01,S019,P009,73,9,41,2,39
2025-04-01,S019,P010,93,85,92,1,85
2025-04-01,S019,P011,65,88,110,3,40
2025-04-01,S019,P012,58,41,41,0,58
2025-04-01,S019,P013,161,177,138,0,200
2025-04-01,S019,P014,137,117,26,3,225
2025-04-01,S019,P015,40,26,61,0,5
2025-04-01,S019,P016,162,3,152,0,13
2025-04-01,S019,P017,137,3,40,3,97
2025-04-01,S019,P018,73,30,33,1,69
2025-04-01,S019,P019,127,89,77,0,139
2025-04-01,S019,P020,143,62,51,0,154
2025-04-01,S020,P001,65,73,18,0,120
2025-04-01,S020,P002,80,174,65,0,189
2025-04-01,S020,P003,52,14,58,2,6
2025-04-01,S020,P004,160,44,54,0,150
2025-04-01,S020,P005,244,43,209,0,78
2025-04-01,S020,P006,146,6,25,1,126
2025-04-01,S020,P007,170,81,81,1,169
2025-04-01,S020,P008,95,141,186,1,49
2025-04-01,S020,P009,90,95,97,0,88
2025-04-01,S020,P010,246,15,111,1,149
2025-04-01,S020,P011,22,137,120,1,38
2025-04-01,S020,P012,225,79,245,2,57
2025-04-01,S020,P013,121,6,121,2,4
2025-04-01,S020,P014,117,34,11,0,140
2025-04-01,S020,P015,131,33,78,0,86
2025-04-01,S020,P016,224,108,43,2,287
2025-04-01,S020,P017,121,50,150,0,21
2025-04-01,S020,P018,80,155,230,0,5
2025-04-01,S020,P019,81,130,124,2,85
2025-04-01,S020,P020,100,68,112,3,53
2025-04-01,S021,P001,191,158,158,2,189
2025-04-01,S021,P002,240,15,79,0,176
2025-04-01,S021,P003,63,47,99,2,9
2025-04-01,S021,P004,38,174,104,2,106
2025-04-01,S021,P005,166,107,226,0,47
2025-04-01,S021,P006,172,11,161,3,19
2025-04-01,S021,P007,209,94,95,2,206
2025-04-01,S021,P008,115,107,82,2,138
2025-04-01,S021,P009,218,116,252,0,82
2025-04-01,S021,P010,51,127,154,2,22
2025-04-01,S021,P011,86,74,108,0,52
2025-04-01,S021,P012,232,64,39,0,257
2025-04-01,S021,P013,143,124,8,0,259
2025-04-01,S021,P014,127,132,135,0,124
2025-04-01,S021,P015,43,28,49,0,22
2025-04-01,S021,P016,162,52,0,3,211
2025-04-01,S021,P017,247,12,134,0,125
2025-04-01,S021,P018,194,66,11,2,247
2025-04-01,S021,P019,240,147,34,0,353
2025-04-01,S021,P020,205,107,248,0,64
2025-04-01,S022,P001,87,45,22,0,110
2025-04-01,S022,P002,20,3,10,3,10
2025-04-01,S022,P003,201,67,145,0,123
2025-04-01,S022,P004,97,114,149,0,62
2025-04-01,S022,P005,33,75,27,3,78
2025-04-01,S022,P006,162,171,203,3,127
2025-04-01,S022,P007,67,152,21,0,198
2025-04-01,S022,P008,229,180,297,3,109
2025-04-01,S022,P009,31,50,81,0,0
2025-04-01,S022,P010,123,0,24,2,97
2025-04-01,S022,P011,67,177,83,0,161
2025-04-01,S022,P012,138,121,183,3,73
2025-04-01,S022,P013,102,168,190,0,80
2025-04-01,S022,P014,104,176,65,0,215
2025-04-01,S022,P015,218,180,66,0,332
2025-04-01,S022,P016,176,128,98,2,204
2025-04-01,S022,P017,146,81,23,3,201
2025-04-01,S022,P018,219,166,179,2,204
2025-04-01,S022,P019,39,9,9,1,38
2025-04-01,S022,P020,86,40,39,1,86
2025-04-01,S023,P001,190,35,106,2,117
2025-04-01,S023,P002,91,148,38,3,198
2025-04-01,S023,P003,125,88,50,0,163
2025-04-01,S023,P004,47,180,80,0,147
2025-04-01,S023,P005,165,2,28,2,137
2025-04-01,S023,P006,91,68,83,0,76
2025-04-01,S023,P007,164,97,208,3,50
2025-04-01,S023,P008,189,171,107,3,250
2025-04-01,S023,P009,112,6,97,0,21
2025-04-01,S023,P010,67,154,161,0,60
2025-04-01,S023,P011,69,21,38,3,49
2025-04-01,S023,P012,93,168,232,0,29
2025-04-01,S023,P013,212,113,78,0,247
2025-04-01,S023,P014,146,177,28,0,295
2025-04-01,S023,P015,24,86,109,0,1
2025-04-01,S023,P016,111,15,115,0,11
2025-04-01,S023,P017,24,58,15,2,65
2025-04-01,S023,P018,83,35,88,2,28
2025-04-01,S023,P019,175,82,236,2,19
2025-04-01,S023,P020,188,114,202,3,97
2025-04-01,S024,P001,196,39,200,1,34
2025-04-01,S024,P002,47,56,20,0,83
2025-04-01,S024,P003,74,98,82,3,87
2025-04-01,S024,P004,46,98,34,1,109
2025-04-01,S024,P005,101,23,33,0,91
2025-04-01,S024,P006,79,67,9,0,137
2025-04-01,S024,P007,62,69,52,1,78
2025-04-01,S024,P008,188,29,106,2,109
2025-04-01,S024,P009,231,6,143,0,94
2025-04-01,S024,P010,86,46,63,1,68
2025-04-01,S024,P011,27,43,59,2,9
2025-04-01,S024,P012,105,155,137,3,120
2025-04-01,S024,P013,54,108,60,0,102
2025-04-01,S024,P014,168,30,105,0,93
2025-04-01,S024,P015,96,35,112,3,16
2025-04-01,S024,P016,124,46,12,0,158
2025-04-01,S024,P017,164,88,135,2,115
2025-04-01,S024,P018,197,84,87,0,194
2025-04-01,S024,P019,132,117,224,0,25
2025-04-01,S024,P020,96,99,10,0,-10
2025-04-01,S025,P001,68,16,66,1,17
2025-04-01,S025,P002,84,23,89,1,17
2025-04-01,S025,P003,90,117,86,0,121
2025-04-01,S025,P004,146,6,5,0,147
2025-04-01,S025,P005,76,5,64,2,15
2025-04-01,S025,P006,40,121,86,0,75
2025-04-01,S025,P007,40,126,60,0,106
2025-04-01,S025,P008,122,140,130,0,132
2025-04-01,S025,P009,174,125,94,1,204
2025-04-01,S025,P010,249,158,60,2,345
2025-04-01,S025,P011,128,17,66,2,77
2025-04-01,S025,P012,233,54,18,0,269
2025-04-01,S025,P013,166,60,59,0,167
2025-04-01,S025,P014,144,38,177,0,5
2025-04-01,S025,P015,175,142,51,3,263
2025-04-01,S025,P016,130,55,101,0,84
2025-04-01,S025,P017,170,126,16,0,280
2025-04-01,S025,P018,169,11,58,3,119
2025-04-01,S025,P019,101,75,165,0,11
2025-04-01,S025,P020,204,141,24,3,318
2025-04-01,S026,P001,109,113,115,1,106
2025-04-01,S026,P002,133,64,150,1,46
2025-04-01,S026,P003,210,14,179,2,43
2025-04-01,S026,P004,196,129,66,3,256
2025-04-01,S026,P005,23,179,9,3,190
2025-04-01,S026,P006,206,34,7,1,232
2025-04-01,S026,P007,205,115,73,2,245
2025-04-01,S026,P008,242,7,44,2,203
2025-04-01,S026,P009,82,134,89,0,127
2025-04-01,S026,P010,99,22,17,0,104
2025-04-01,S026,P011,69,80,86,3,60
2025-04-01,S026,P012,95,60,0,1,154
2025-04-01,S026,P013,195,101,125,1,170
2025-04-01,S026,P014,160,62,207,2,13
2025-04-01,S026,P015,42,64,45,3,58
2025-04-01,S026,P016,141,39,126,1,53
2025-04-01,S026,P017,124,112,16,0,220
2025-04-01,S026,P018,77,137,7,0,207
2025-04-01,S026,P019,246,25,47,0,224
2025-04-01,S026,P020,102,104,151,0,55
2025-04-01,S027,P001,224,68,77,1,214
2025-04-01,S027,P002,43,35,27,0,51
2025-04-01,S027,P003,100,31,126,3,2
2025-04-01,S027,P004,154,164,132,0,285
2025-04-01,S027,P005,190,2,19,1,172
2025-04-01,S027,P006,92,7,82,0,17
2025-04-01,S027,P007,196,36,115,0,117
2025-04-01,S027,P008,78,22,48,0,52
2025-04-01,S027,P009,40,11,36,2,13
2025-04-01,S027,P010,20,100,26,0,94
2025-04-01,S027,P011,220,100,116,3,201
2025-04-01,S027,P012,155,53,112,1,95
2025-04-01,S027,P013,196,147,162,2,179
2025-04-01,S027,P014,111,116,194,3,30
2025-04-01,S027,P015,97,128,704,0,49
2025-04-01,S027,P016,216,97,117,1,195
2025-04-01,S027,P017,138,168,17,1,288
2025-04-01,S027,P018,224,30,83,3,168
2025-04-01,S027,P019,130,158,13,3,272
2025-04-01,S027,P020,45,91,110,0,26
2025-04-01,S028,P001,212,153,312,3,50
2025-04-01,S028,P002,94,176,71,3,196
2025-04-01,S028,P003,213,137,273,0,77
2025-04-01,S028,P004,204,132,104,0,232
2025-04-01,S028,P005,102,22,27,2,95
2025-04-01,S028,P006,202,75,80,-1,196
2025-04-01,S028,P007,120,81,64,2,135
2025-04-01,S028,P008,174,156,48,1,281
2025-04-01,S028,P009,166,139,291,3,11
2025-04-01,S028,P010,74,123,55,1,141
2025-04-01,S028,P011,157,87,150,0,94
2025-04-01,S028,P012,117,153,220,0,50
2025-04-01,S028,P013,106,60,28,0,138
2025-04-01,S028,P014,149,9,125,0,33
2025-04-01,S028,P015,68,171,179,0,60
2025-04-01,S028,P016,106,40,107,3,36
2025-04-01,S028,P017,166,37,57,3,143
2025-04-01,S028,P018,199,128,177,0,150
2025-04-01,S028,P019,92,9,28,1,72
2025-04-01,S028,P020,248,40,31,-1,254
2025-04-01,S029,P001,23,166,172,0,17
2025-04-01,S029,P002,111,132,44,3,196
2025-04-01,S029,P003,165,28,183,0,10
2025-04-01,S029,P004,129,79,18,3,187
2025-04-01,S029,P005,131,79,0,0,210
2025-04-01,S029,P006,217,121,244,3,91
2025-04-01,S029,P007,117,0,26,1,90
2025-04-01,S029,P008,60,17,35,0,42
2025-04-01,S029,P009,233,56,247,1,41
2025-04-01,S029,P010,174,121,92,2,201
2025-04-01,S029,P011,92,105,165,1,31
2025-04-01,S029,P012,230,29,250,0,9
2025-04-01,S029,P013,125,57,64,2,116
2025-04-01,S029,P014,147,3,63,0,87
2025-04-01,S029,P015,172,141,117,0,196
2025-04-01,S029,P016,81,99,18,0,162
2025-04-01,S029,P017,149,70,91,1,127
2025-04-01,S029,P018,205,148,261,0,92
2025-04-01,S029,P019,216,61,172,3,102
2025-04-01,S029,P020,243,3,164,0,82
2025-04-01,S030,P001,186,66,95,2,155
2025-04-01,S030,P002,32,168,41,0,159
2025-04-01,S030,P003,115,173,104,2,182
2025-04-01,S030,P004,131,180,111,2,198
2025-04-01,S030,P005,108,105,175,1,37
2025-04-01,S030,P006,129,97,127,3,96
2025-04-01,S030,P007,222,132,220,1,133
2025-04-01,S030,P008,84,133,42,1,174
2025-04-01,S030,P009,222,140,262,3,97
2025-04-01,S030,P010,239,79,273,0,45
2025-04-01,S030,P011,193,138,204,3,124
2025-04-01,S030,P012,137,59,64,2,130
2025-04-01,S030,P013,139,175,264,0,50
2025-04-01,S030,P014,167,36,80,0,123
2025-04-01,S030,P015,38,123,107,1,53
2025-04-01,S030,P016,59,159,52,0,166
2025-04-01,S030,P017,175,91,36,0,230
2025-04-01,S030,P018,188,81,202,3,64
2025-04-01,S030,P019,110,34,5,3,136
2025-04-01,S030,P020,59,56,23,0,92
2025-04-01,S031,P001,89,43,40,3,89
2025-04-01,S031,P002,170,134,212,2,90
2025-04-01,S031,P003,79,57,11,0,125
2025-04-01,S031,P004,53,71,53,3,68
2025-04-01,S031,P005,145,8,123,0,30
2025-04-01,S031,P006,60,125,173,3,9
2025-04-01,S031,P007,157,95,95,3,154
2025-04-01,S031,P008,232,118,102,0,248
2025-04-01,S031,P009,51,56,74,1,32
2025-04-01,S031,P010,116,151,89,2,176
2025-04-01,S031,P011,226,101,50,1,276
2025-04-01,S031,P012,101,124,141,0,84
2025-04-01,S031,P013,163,97,236,0,24
2025-04-01,S031,P014,78,107,59,2,124
2025-04-01,S031,P015,188,90,278,0,0
2025-04-01,S031,P016,59,150,45,0,164
2025-04-01,S031,P017,147,152,22,1,276
2025-04-01,S031,P018,105,172,48,0,229
2025-04-01,S031,P019,73,11,0,0,84
2025-04-01,S031,P020,138,86,139,1,84
2025-04-01,S032,P001,91,100,59,2,130
2025-04-01,S032,P002,188,129,306,2,9
2025-04-01,S032,P003,138,45,123,1,59
2025-04-01,S032,P004,248,113,180,0,181
2025-04-01,S032,P005,148,147,248,1,46
2025-04-01,S032,P006,245,54,267,1,31
2025-04-01,S032,P007,230,164,276,0,118
2025-04-01,S032,P008,126,177,268,3,32
2025-04-01,S032,P009,128,135,152,1,110
2025-04-01,S032,P010,194,87,251,2,28
2025-04-01,S032,P011,107,180,105,3,179
2025-04-01,S032,P012,165,159,17,0,307
2025-04-01,S032,P013,167,98,231,0,34
2025-04-01,S032,P014,246,28,144,0,130
2025-04-01,S032,P015,128,112,99,3,138
2025-04-01,S032,P016,188,99,116,0,171
2025-04-01,S032,P017,158,134,161,0,131
2025-04-01,S032,P018,234,24,29,2,227
2025-04-01,S032,P019,210,155,302,2,61
2025-04-01,S032,P020,85,174,25,0,234
2025-04-01,S033,P001,85,145,40,0,190
2025-04-01,S033,P002,48,36,6,0,78
2025-04-01,S033,P003,170,115,183,2,100
2025-04-01,S033,P004,82,80,138,0,24
2025-04-01,S033,P005,50,158,7,1,200
2025-04-01,S033,P006,236,101,87,1,249
2025-04-01,S033,P007,87,153,216,0,24
2025-04-01,S033,P008,140,109,84,3,162
2025-04-01,S033,P009,119,178,277,2,18
2025-04-01,S033,P010,207,75,63,2,217
2025-04-01,S033,P011,71,3,47,-1,25
2025-04-01,S033,P012,76,179,211,3,41
2025-04-01,S033,P013,103,48,125,0,26
2025-04-01,S033,P014,33,69,92,0,10
2025-04-01,S033,P015,151,133,38,0,246
2025-04-01,S033,P016,113,170,214,1,68
2025-04-01,S033,P017,158,139,116,2,179
2025-04-01,S033,P018,59,156,197,1,17
2025-04-01,S033,P019,74,128,186,3,13
2025-04-01,S033,P020,218,116,38,2,294
2025-04-01,S034,P001,222,164,166,1,219
2025-04-01,S034,P002,202,131,18,2,313
2025-04-01,S034,P003,164,103,136,2,129
2025-04-01,S034,P004,173,162,307,1,27
2025-04-01,S034,P005,95,166,162,2,97
2025-04-01,S034,P006,54,26,14,0,66
2025-04-01,S034,P007,221,131,249,0,103
2025-04-01,S034,P008,130,2,40,0,92
2025-04-01,S034,P009,68,116,100,0,84
2025-04-01,S034,P010,103,53,104,0,52
2025-04-01,S034,P011,174,114,163,0,125
2025-04-01,S034,P012,189,89,204,0,74
2025-04-01,S034,P013,209,65,191,1,82
2025-04-01,S034,P014,69,160,80,2,147
2025-04-01,S034,P015,206,106,241,2,69
2025-04-01,S034,P016,169,175,219,0,125
2025-04-01,S034,P017,157,29,68,0,118
2025-04-01,S034,P018,195,47,151,3,88
2025-04-01,S034,P019,192,97,139,1,149
2025-04-01,S034,P020,130,103,60,0,173
2025-04-01,S035,P001,70,59,44,0,85
2025-04-01,S035,P002,232,168,97,0,303
2025-04-01,S035,P003,133,54,57,0,130
2025-04-01,S035,P004,81,32,99,2,12
2025-04-01,S035,P005,65,16,73,0,8
2025-04-01,S035,P006,81,24,19,2,84
2025-04-01,S035,P007,46,142,95,3,90
2025-04-01,S035,P008,178,86,71,0,193
2025-04-01,S035,P009,80,133,68,2,143
2025-04-01,S035,P010,199,59,145,3,110
2025-04-01,S035,P011,179,13,161,3,28
2025-04-01,S035,P012,205,125,29,0,301
2025-04-01,S035,P013,162,30,118,1,73
2025-04-01,S035,P014,121,30,73,0,78
2025-04-01,S035,P015,206,10,171,1,44
2025-04-01,S035,P016,220,125,92,0,253
2025-04-01,S035,P017,177,20,53,2,142
2025-04-01,S035,P018,226,89,170,3,142
2025-04-01,S035,P019,61,23,72,0,12
2025-04-01,S035,P020,97,65,51,0,111
2025-05-01,S001,P001,171,44,65,2,148
2025-05-01,S001,P002,228,26,72,0,182
2025-05-01,S001,P003,166,105,264,0,7
2025-05-01,S001,P004,201,13,55,0,159
2025-05-01,S001,P005,119,133,1,2,249
2025-05-01,S001,P006,143,40,9,2,172
2025-05-01,S001,P007,248,92,293,2,45
2025-05-01,S001,P008,200,10,174,1,35
2025-05-01,S001,P009,110,48,77,0,81
2025-05-01,S001,P010,23,149,71,3,98
2025-05-01,S001,P011,214,66,235,3,42
2025-05-01,S001,P012,172,5,150,2,25
2025-05-01,S001,P013,151,161,75,0,237
2025-05-01,S001,P014,236,104,105,0,235
2025-05-01,S001,P015,146,165,291,0,20
2025-05-01,S001,P016,72,55,87,0,40
2025-05-01,S001,P017,60,22,37,0,45
2025-05-01,S001,P018,124,174,238,0,60
2025-05-01,S001,P019,43,46,83,0,6
2025-05-01,S001,P020,241,60,93,0,208
2025-05-01,S002,P001,201,178,77,0,302
2025-05-01,S002,P002,32,132,55,2,107
2025-05-01,S002,P003,232,30,139,0,123
2025-05-01,S002,P004,170,56,124,2,100
2025-05-01,S002,P005,137,123,253,3,4
2025-05-01,S002,P006,88,13,77,1,23
2025-05-01,S002,P007,151,62,19,2,192
2025-05-01,S002,P008,141,62,69,3,131
2025-05-01,S002,P009,216,68,227,1,56
2025-05-01,S002,P010,218,158,302,2,72
2025-05-01,S002,P011,65,0,22,0,43
2025-05-01,S002,P012,88,164,107,1,144
2025-05-01,S002,P013,55,93,49,-1,98
2025-05-01,S002,P014,103,55,141,3,14
2025-05-01,S002,P015,206,138,95,2,247
2025-05-01,S002,P016,177,169,139,2,205
2025-05-01,S002,P017,108,166,231,0,43
2025-05-01,S002,P018,100,100,0,2,198
2025-05-01,S002,P019,152,153,143,2,160
2025-05-01,S002,P020,100,127,128,1,98
2025-05-01,S003,P001,117,178,70,2,223
2025-05-01,S003,P002,107,92,133,2,64
2025-05-01,S003,P003,141,3,64,0,80
2025-05-01,S003,P004,101,57,108,1,49
2025-05-01,S003,P005,77,143,94,0,126
2025-05-01,S003,P006,185,136,2,0,319
2025-05-01,S003,P007,155,132,30,3,254
2025-05-01,S003,P008,48,149,104,0,93
2025-05-01,S003,P009,33,60,61,2,30
2025-05-01,S003,P010,156,62,5,0,213
2025-05-01,S003,P011,177,122,492,3,173
2025-05-01,S003,P012,28,48,74,0,2
2025-05-01,S003,P013,143,99,40,0,202
2025-05-01,S003,P014,96,13,13,0,96
2025-05-01,S003,P015,137,53,56,1,133
2025-05-01,S003,P016,128,174,250,1,51
2025-05-01,S003,P017,189,5,1,0,193
2025-05-01,S003,P018,132,48,155,2,23
2025-05-01,S003,P019,57,133,106,1,83
2025-05-01,S003,P020,157,78,196,0,39
2025-05-01,S004,P001,39,99,116,3,19
2025-05-01,S004,P002,169,10,136,2,41
2025-05-01,S004,P003,85,40,116,3,6
2025-05-01,S004,P004,33,56,31,0,58
2025-05-01,S004,P005,214,98,50,3,259
2025-05-01,S004,P006,241,174,39,3,373
2025-05-01,S004,P007,58,143,11,0,190
2025-05-01,S004,P008,87,5,0,2,90
2025-05-01,S004,P009,125,30,113,0,42
2025-05-01,S004,P010,210,47,167,0,90
2025-05-01,S004,P011,225,16,218,2,21
2025-05-01,S004,P012,197,78,98,1,176
2025-05-01,S004,P013,32,123,88,0,67
2025-05-01,S004,P014,124,121,207,1,37
2025-05-01,S004,P015,192,150,328,0,14
2025-05-01,S004,P016,204,99,48,1,254
2025-05-01,S004,P017,78,146,10,2,212
2025-05-01,S004,P018,182,85,122,0,145
2025-05-01,S004,P019,169,136,213,3,89
2025-05-01,S004,P020,147,138,277,0,8
2025-05-01,S005,P001,161,122,88,2,193
2025-05-01,S005,P002,84,64,76,1,71
2025-05-01,S005,P003,179,62,62,2,177
2025-05-01,S005,P004,27,138,75,2,88
2025-05-01,S005,P005,110,64,78,0,96
2025-05-01,S005,P006,70,71,42,0,99
2025-05-01,S005,P007,202,115,288,1,28
2025-05-01,S005,P008,207,109,259,0,57
2025-05-01,S005,P009,51,45,96,0,0
2025-05-01,S005,P010,214,1,107,3,105
2025-05-01,S005,P011,39,22,34,1,-10
2025-05-01,S005,P012,224,35,184,-1,75
2025-05-01,S005,P013,131,149,124,1,155
2025-05-01,S005,P014,30,10,35,1,4
2025-05-01,S005,P015,171,110,243,0,38
2025-05-01,S005,P016,148,52,145,2,53
2025-05-01,S005,P017,66,142,12,2,194
2025-05-01,S005,P018,108,104,43,0,169
2025-05-01,S005,P019,80,151,186,0,45
2025-05-01,S005,P020,33,65,86,0,12
2025-05-01,S006,P001,180,86,191,0,75
2025-05-01,S006,P002,182,97,90,0,189
2025-05-01,S006,P003,206,47,151,3,99
2025-05-01,S006,P004,126,88,39,0,175
2025-05-01,S006,P005,236,93,276,0,53
2025-05-01,S006,P006,246,160,107,0,299
2025-05-01,S006,P007,83,22,60,0,45
2025-05-01,S006,P008,172,112,249,3,32
2025-05-01,S006,P009,134,90,133,0,-10
2025-05-01,S006,P010,60,56,0,0,116
2025-05-01,S006,P011,195,115,152,0,158
2025-05-01,S006,P012,212,1,170,0,43
2025-05-01,S006,P013,160,110,173,0,97
2025-05-01,S006,P014,232,66,224,0,74
2025-05-01,S006,P015,233,147,234,0,146
2025-05-01,S006,P016,33,104,94,2,41
2025-05-01,S006,P017,124,102,201,0,25
2025-05-01,S006,P018,138,83,54,2,165
2025-05-01,S006,P019,71,105,60,2,114
2025-05-01,S006,P020,160,142,267,0,35
2025-05-01,S007,P001,234,84,91,0,227
2025-05-01,S007,P002,59,115,61,0,113
2025-05-01,S007,P003,91,134,35,3,187
2025-05-01,S007,P004,224,20,44,0,200
2025-05-01,S007,P005,236,27,79,0,184
2025-05-01,S007,P006,91,150,192,2,47
2025-05-01,S007,P007,208,110,161,0,157
2025-05-01,S007,P008,211,156,223,0,144
2025-05-01,S007,P009,94,88,85,0,97
2025-05-01,S007,P010,168,107,143,1,131
2025-05-01,S007,P011,176,84,84,0,176
2025-05-01,S007,P012,237,15,184,0,68
2025-05-01,S007,P013,94,91,164,0,21
2025-05-01,S007,P014,232,102,23,2,309
2025-05-01,S007,P015,208,157,44,3,318
2025-05-01,S007,P016,23,74,85,0,12
2025-05-01,S007,P017,206,61,47,3,217
2025-05-01,S007,P018,129,117,226,1,19
2025-05-01,S007,P019,134,175,183,0,126
2025-05-01,S007,P020,220,136,166,0,190
2025-05-01,S008,P001,215,163,107,0,271
2025-05-01,S008,P002,37,137,37,0,137
2025-05-01,S008,P003,78,180,43,2,213
2025-05-01,S008,P004,155,99,101,1,152
2025-05-01,S008,P005,72,81,57,3,93
2025-05-01,S008,P006,147,72,47,2,170
2025-05-01,S008,P007,34,142,77,3,96
2025-05-01,S008,P008,44,67,27,0,84
2025-05-01,S008,P009,164,17,31,0,150
2025-05-01,S008,P010,32,132,13,0,151
2025-05-01,S008,P011,207,33,235,1,-10
2025-05-01,S008,P012,239,168,195,0,212
2025-05-01,S008,P013,235,158,291,1,101
2025-05-01,S008,P014,20,57,61,0,16
2025-05-01,S008,P015,246,27,252,3,18
2025-05-01,S008,P016,192,58,0,2,248
2025-05-01,S008,P017,55,98,139,2,12
2025-05-01,S008,P018,154,23,0,0,177
2025-05-01,S008,P019,84,162,12,1,233
2025-05-01,S008,P020,193,19,8,3,201
2025-05-01,S009,P001,129,158,182,1,104
2025-05-01,S009,P002,185,115,279,3,18
2025-05-01,S009,P003,161,162,17,1,305
2025-05-01,S009,P004,105,178,261,0,22
2025-05-01,S009,P005,28,14,28,0,14
2025-05-01,S009,P006,183,75,112,1,145
2025-05-01,S009,P007,137,95,128,0,104
2025-05-01,S009,P008,58,88,13,3,130
2025-05-01,S009,P009,156,12,119,0,49
2025-05-01,S009,P010,172,11,152,0,31
2025-05-01,S009,P011,246,27,2,1,270
2025-05-01,S009,P012,219,144,16,0,347
2025-05-01,S009,P013,22,143,126,0,39
2025-05-01,S009,P014,63,10,66,1,6
2025-05-01,S009,P015,105,27,15,0,117
2025-05-01,S009,P016,94,23,114,0,3
2025-05-01,S009,P017,82,123,154,0,51
2025-05-01,S009,P018,250,162,120,0,292
2025-05-01,S009,P019,193,156,45,0,304
2025-05-01,S009,P020,187,22,44,0,165
2025-05-01,S010,P001,50,45,64,2,29
2025-05-01,S010,P002,167,83,147,3,100
2025-05-01,S010,P003,242,110,140,0,212
2025-05-01,S010,P004,60,119,89,3,87
2025-05-01,S010,P005,139,77,214,0,2
2025-05-01,S010,P006,195,169,128,0,236
2025-05-01,S010,P007,61,55,63,0,53
2025-05-01,S010,P008,89,98,59,0,128
2025-05-01,S010,P009,129,75,179,3,22
2025-05-01,S010,P010,66,78,112,2,30
2025-05-01,S010,P011,108,113,161,2,58
2025-05-01,S010,P012,66,98,6,3,155
2025-05-01,S010,P013,115,136,188,0,63
2025-05-01,S010,P014,52,176,47,0,181
2025-05-01,S010,P015,119,118,147,0,90
2025-05-01,S010,P016,93,95,171,0,17
2025-05-01,S010,P017,195,104,11,3,285
2025-05-01,S010,P018,187,94,64,0,217
2025-05-01,S010,P019,237,7,87,0,157
2025-05-01,S010,P020,83,130,13,0,200
2025-05-01,S011,P001,159,49,177,3,28
2025-05-01,S011,P002,37,153,172,3,15
2025-05-01,S011,P003,102,87,86,2,101
2025-05-01,S011,P004,130,48,49,0,129
2025-05-01,S011,P005,43,137,46,1,133
2025-05-01,S011,P006,66,3,36,2,31
2025-05-01,S011,P007,21,47,67,1,0
2025-05-01,S011,P008,152,88,231,0,9
2025-05-01,S011,P009,42,105,38,0,109
2025-05-01,S011,P010,220,105,262,0,63
2025-05-01,S011,P011,183,113,241,3,52
2025-05-01,S011,P012,145,178,161,0,162
2025-05-01,S011,P013,53,68,20,3,98
2025-05-01,S011,P014,199,59,233,0,25
2025-05-01,S011,P015,142,49,163,3,25
2025-05-01,S011,P016,225,66,141,0,150
2025-05-01,S011,P017,152,41,131,0,-10
2025-05-01,S011,P018,82,49,127,0,4
2025-05-01,S011,P019,226,24,152,3,95
2025-05-01,S011,P020,172,147,230,0,89
2025-05-01,S012,P001,125,17,79,0,63
2025-05-01,S012,P002,59,26,77,2,6
2025-05-01,S012,P003,23,142,53,0,112
2025-05-01,S012,P004,109,43,41,1,110
2025-05-01,S012,P005,155,89,55,1,188
2025-05-01,S012,P006,48,111,88,1,136
2025-05-01,S012,P007,43,139,70,0,112
2025-05-01,S012,P008,143,11,94,0,60
2025-05-01,S012,P009,161,108,211,2,56
2025-05-01,S012,P010,48,50,25,1,72
2025-05-01,S012,P011,163,103,44,0,-10
2025-05-01,S012,P012,207,113,231,2,87
2025-05-01,S012,P013,215,24,191,0,48
2025-05-01,S012,P014,192,127,296,0,23
2025-05-01,S012,P015,69,112,28,2,151
2025-05-01,S012,P016,78,16,93,0,1
2025-05-01,S012,P017,229,169,195,0,203
2025-05-01,S012,P018,98,105,108,0,95
2025-05-01,S012,P019,95,60,61,0,94
2025-05-01,S012,P020,78,130,204,0,4
2025-05-01,S013,P001,231,44,153,0,122
2025-05-01,S013,P002,95,135,128,3,99
2025-05-01,S013,P003,127,45,81,2,89
2025-05-01,S013,P004,110,4,35,2,77
2025-05-01,S013,P005,177,97,114,0,160
2025-05-01,S013,P006,207,23,142,0,88
2025-05-01,S013,P007,38,162,108,0,92
2025-05-01,S013,P008,201,101,48,0,254
2025-05-01,S013,P009,42,88,85,1,44
2025-05-01,S013,P010,180,107,152,3,132
2025-05-01,S013,P011,168,57,95,2,128
2025-05-01,S013,P012,196,43,185,0,54
2025-05-01,S013,P013,89,48,69,0,68
2025-05-01,S013,P014,71,20,65,2,24
2025-05-01,S013,P015,219,113,48,1,283
2025-05-01,S013,P016,129,90,198,2,19
2025-05-01,S013,P017,145,103,169,-1,79
2025-05-01,S013,P018,65,112,99,0,78
2025-05-01,S013,P019,217,137,320,0,34
2025-05-01,S013,P020,96,101,173,2,22
2025-05-01,S014,P001,41,174,113,0,102
2025-05-01,S014,P002,65,114,161,3,15
2025-05-01,S014,P003,239,176,14,0,401
2025-05-01,S014,P004,65,105,27,0,143
2025-05-01,S014,P005,206,105,95,3,213
2025-05-01,S014,P006,146,37,81,2,100
2025-05-01,S014,P007,246,130,168,1,207
2025-05-01,S014,P008,182,101,132,2,149
2025-05-01,S014,P009,229,172,307,0,94
2025-05-01,S014,P010,106,12,51,3,64
2025-05-01,S014,P011,84,87,50,0,121
2025-05-01,S014,P012,36,131,58,0,109
2025-05-01,S014,P013,49,39,85,0,3
2025-05-01,S014,P014,157,150,95,3,209
2025-05-01,S014,P015,58,139,17,0,180
2025-05-01,S014,P016,79,54,99,3,31
2025-05-01,S014,P017,69,118,133,0,54
2025-05-01,S014,P018,41,179,102,2,116
2025-05-01,S014,P019,51,125,62,0,114
2025-05-01,S014,P020,118,29,69,3,75
2025-05-01,S015,P001,197,148,269,2,74
2025-05-01,S015,P002,190,132,175,0,147
2025-05-01,S015,P003,222,133,50,0,305
2025-05-01,S015,P004,236,23,140,1,118
2025-05-01,S015,P005,212,115,314,0,13
2025-05-01,S015,P006,181,30,34,0,177
2025-05-01,S015,P007,183,102,168,0,117
2025-05-01,S015,P008,228,54,139,2,141
2025-05-01,S015,P009,94,173,41,2,224
2025-05-01,S015,P010,233,6,23,0,216
2025-05-01,S015,P011,113,9,81,3,38
2025-05-01,S015,P012,70,13,77,3,3
2025-05-01,S015,P013,205,123,115,0,213
2025-05-01,S015,P014,76,133,90,0,119
2025-05-01,S015,P015,178,54,8,1,223
2025-05-01,S015,P016,185,166,45,1,305
2025-05-01,S015,P017,26,139,80,2,83
2025-05-01,S015,P018,170,126,69,2,225
2025-05-01,S015,P019,216,130,234,2,110
2025-05-01,S015,P020,138,27,19,2,144
2025-05-01,S016,P001,20,156,2,1,173
2025-05-01,S016,P002,41,90,17,1,113
2025-05-01,S016,P003,216,22,55,0,183
2025-05-01,S016,P004,163,128,149,1,141
2025-05-01,S016,P005,71,168,101,2,136
2025-05-01,S016,P006,65,152,12,1,204
2025-05-01,S016,P007,138,71,196,3,10
2025-05-01,S016,P008,103,106,151,3,55
2025-05-01,S016,P009,108,173,154,0,127
2025-05-01,S016,P010,245,43,255,0,33
2025-05-01,S016,P011,202,82,258,0,26
2025-05-01,S016,P012,160,32,101,2,89
2025-05-01,S016,P013,62,47,2,0,107
2025-05-01,S016,P014,39,51,75,2,13
2025-05-01,S016,P015,26,169,10,1,184
2025-05-01,S016,P016,83,178,163,0,98
2025-05-01,S016,P017,118,10,13,3,112
2025-05-01,S016,P018,138,0,5,0,133
2025-05-01,S016,P019,197,144,229,0,112
2025-05-01,S016,P020,57,111,28,2,138
2025-05-01,S017,P001,63,163,17,0,209
2025-05-01,S017,P002,231,18,190,0,59
2025-05-01,S017,P003,151,14,23,0,142
2025-05-01,S017,P004,156,7,161,0,2
2025-05-01,S017,P005,239,61,6,0,294
2025-05-01,S017,P006,102,36,110,2,26
2025-05-01,S017,P007,78,65,6,1,136
2025-05-01,S017,P008,103,100,154,2,47
2025-05-01,S017,P009,220,78,249,0,49
2025-05-01,S017,P010,200,48,224,1,23
2025-05-01,S017,P011,142,127,118,2,149
2025-05-01,S017,P012,248,26,255,0,19
2025-05-01,S017,P013,234,128,17,2,343
2025-05-01,S017,P014,114,33,145,0,2
2025-05-01,S017,P015,211,153,107,2,255
2025-05-01,S017,P016,140,10,125,0,25
2025-05-01,S017,P017,50,163,102,3,108
2025-05-01,S017,P018,137,180,135,0,182
2025-05-01,S017,P019,143,87,110,0,120
2025-05-01,S017,P020,175,26,62,-1,139
2025-05-01,S018,P001,159,82,116,3,122
2025-05-01,S018,P002,193,27,135,1,84
2025-05-01,S018,P003,235,16,8,1,242
2025-05-01,S018,P004,165,176,116,3,222
2025-05-01,S018,P005,225,164,99,3,287
2025-05-01,S018,P006,156,32,144,2,42
2025-05-01,S018,P007,186,53,216,0,23
2025-05-01,S018,P008,181,38,113,3,103
2025-05-01,S018,P009,83,174,101,0,156
2025-05-01,S018,P010,104,105,36,3,170
2025-05-01,S018,P011,249,139,296,3,89
2025-05-01,S018,P012,66,71,99,2,36
2025-05-01,S018,P013,40,21,20,0,41
2025-05-01,S018,P014,234,117,45,3,303
2025-05-01,S018,P015,235,6,154,0,87
2025-05-01,S018,P016,209,36,66,0,179
2025-05-01,S018,P017,73,159,229,3,0
2025-05-01,S018,P018,202,0,52,1,149
2025-05-01,S018,P019,32,135,111,3,53
2025-05-01,S018,P020,246,159,141,1,263
2025-05-01,S019,P001,135,176,15,3,293
2025-05-01,S019,P002,119,68,53,1,133
2025-05-01,S019,P003,60,154,178,3,33
2025-05-01,S019,P004,234,54,246,0,42
2025-05-01,S019,P005,151,47,138,0,60
2025-05-01,S019,P006,250,147,348,1,48
2025-05-01,S019,P007,68,106,39,0,135
2025-05-01,S019,P008,165,125,213,0,77
2025-05-01,S019,P009,52,155,17,1,189
2025-05-01,S019,P010,35,6,11,3,27
2025-05-01,S019,P011,166,148,213,3,98
2025-05-01,S019,P012,229,102,305,0,26
2025-05-01,S019,P013,238,159,286,0,111
2025-05-01,S019,P014,137,175,110,2,200
2025-05-01,S019,P015,70,13,77,1,5
2025-05-01,S019,P016,217,16,158,3,72
2025-05-01,S019,P017,111,9,106,0,14
2025-05-01,S019,P018,147,86,7,0,226
2025-05-01,S019,P019,61,142,67,0,136
2025-05-01,S019,P020,245,14,95,0,164
2025-05-01,S020,P001,181,56,219,2,16
2025-05-01,S020,P002,120,170,16,0,274
2025-05-01,S020,P003,226,61,0,2,285
2025-05-01,S020,P004,170,145,68,0,247
2025-05-01,S020,P005,68,178,23,1,222
2025-05-01,S020,P006,170,46,124,2,90
2025-05-01,S020,P007,234,61,98,1,196
2025-05-01,S020,P008,158,73,112,2,117
2025-05-01,S020,P009,29,129,1,0,157
2025-05-01,S020,P010,181,165,224,2,120
2025-05-01,S020,P011,245,2,118,0,129
2025-05-01,S020,P012,123,126,125,0,124
2025-05-01,S020,P013,226,177,29,3,371
2025-05-01,S020,P014,68,18,43,0,43
2025-05-01,S020,P015,103,48,119,1,31
2025-05-01,S020,P016,36,16,49,0,3
2025-05-01,S020,P017,26,61,70,0,17
2025-05-01,S020,P018,192,28,186,1,33
2025-05-01,S020,P019,91,54,38,0,107
2025-05-01,S020,P020,248,106,155,0,199
2025-05-01,S021,P001,214,111,127,0,198
2025-05-01,S021,P002,23,15,12,3,23
2025-05-01,S021,P003,160,109,213,0,56
2025-05-01,S021,P004,198,3,80,1,120
2025-05-01,S021,P005,121,40,60,0,101
2025-05-01,S021,P006,210,22,82,2,148
2025-05-01,S021,P007,195,8,192,1,10
2025-05-01,S021,P008,44,123,6,0,161
2025-05-01,S021,P009,174,69,169,1,73
2025-05-01,S021,P010,34,27,58,3,0
2025-05-01,S021,P011,186,87,223,0,50
2025-05-01,S021,P012,180,109,283,0,6
2025-05-01,S021,P013,183,65,91,0,157
2025-05-01,S021,P014,82,153,112,0,123
2025-05-01,S021,P015,204,145,255,2,92
2025-05-01,S021,P016,97,119,201,3,12
2025-05-01,S021,P017,241,8,248,2,0
2025-05-01,S021,P018,88,61,97,1,51
2025-05-01,S021,P019,244,67,311,0,0
2025-05-01,S021,P020,95,110,144,0,61
2025-05-01,S022,P001,123,108,130,0,101
2025-05-01,S022,P002,248,167,315,1,99
2025-05-01,S022,P003,189,46,16,0,219
2025-05-01,S022,P004,197,165,78,0,284
2025-05-01,S022,P005,210,114,28,2,294
2025-05-01,S022,P006,119,78,25,3,169
2025-05-01,S022,P007,241,62,223,3,77
2025-05-01,S022,P008,166,25,105,1,85
2025-05-01,S022,P009,62,132,78,1,115
2025-05-01,S022,P010,106,117,204,2,17
2025-05-01,S022,P011,193,60,203,1,49
2025-05-01,S022,P012,146,104,222,0,28
2025-05-01,S022,P013,46,121,38,3,126
2025-05-01,S022,P014,31,151,168,3,11
2025-05-01,S022,P015,245,81,221,2,103
2025-05-01,S022,P016,219,168,224,0,163
2025-05-01,S022,P017,125,148,84,0,189
2025-05-01,S022,P018,236,173,4,0,405
2025-05-01,S022,P019,178,169,41,0,306
2025-05-01,S022,P020,86,59,0,0,145
2025-05-01,S023,P001,106,71,34,1,142
2025-05-01,S023,P002,155,103,2,2,254
2025-05-01,S023,P003,140,8,129,0,19
2025-05-01,S023,P004,222,144,47,0,319
2025-05-01,S023,P005,239,176,27,1,387
2025-05-01,S023,P006,178,17,78,3,114
2025-05-01,S023,P007,146,26,72,0,100
2025-05-01,S023,P008,148,135,97,2,184
2025-05-01,S023,P009,157,166,2,2,319
2025-05-01,S023,P010,99,169,13,0,255
2025-05-01,S023,P011,203,113,197,0,119
2025-05-01,S023,P012,208,0,36,2,170
2025-05-01,S023,P013,48,9,26,2,29
2025-05-01,S023,P014,81,150,112,3,116
2025-05-01,S023,P015,36,57,89,1,3
2025-05-01,S023,P016,41,48,46,2,41
2025-05-01,S023,P017,80,27,104,2,1
2025-05-01,S023,P018,112,104,88,0,128
2025-05-01,S023,P019,246,109,118,0,237
2025-05-01,S023,P020,146,133,57,2,220
2025-05-01,S024,P001,132,104,183,0,53
2025-05-01,S024,P002,172,48,92,0,128
2025-05-01,S024,P003,238,66,236,1,67
2025-05-01,S024,P004,144,46,32,0,158
2025-05-01,S024,P005,180,21,145,1,55
2025-05-01,S024,P006,98,88,177,0,9
2025-05-01,S024,P007,111,6,92,0,25
2025-05-01,S024,P008,37,48,78,2,5
2025-05-01,S024,P009,134,100,120,0,114
2025-05-01,S024,P010,209,86,215,0,80
2025-05-01,S024,P011,80,166,50,3,193
2025-05-01,S024,P012,184,153,56,2,279
2025-05-01,S024,P013,60,132,75,2,115
2025-05-01,S024,P014,131,66,190,2,5
2025-05-01,S024,P015,223,66,119,0,170
2025-05-01,S024,P016,217,45,240,3,19
2025-05-01,S024,P017,151,154,247,3,55
2025-05-01,S024,P018,218,37,31,0,224
2025-05-01,S024,P019,25,7,18,0,14
2025-05-01,S024,P020,249,72,299,2,20
2025-05-01,S025,P001,112,23,65,3,67
2025-05-01,S025,P002,190,54,65,3,176
2025-05-01,S025,P003,128,81,110,3,96
2025-05-01,S025,P004,33,152,16,1,168
2025-05-01,S025,P005,38,175,62,1,150
2025-05-01,S025,P006,140,147,175,1,111
2025-05-01,S025,P007,105,119,109,1,114
2025-05-01,S025,P008,21,126,26,0,121
2025-05-01,S025,P009,113,143,181,0,75
2025-05-01,S025,P010,103,43,49,1,96
2025-05-01,S025,P011,65,118,169,2,12
2025-05-01,S025,P012,186,32,4,0,214
2025-05-01,S025,P013,102,55,29,0,128
2025-05-01,S025,P014,72,73,79,2,64
2025-05-01,S025,P015,60,134,30,0,164
2025-05-01,S025,P016,239,70,89,2,218
2025-05-01,S025,P017,125,78,118,2,83
2025-05-01,S025,P018,85,62,120,3,24
2025-05-01,S025,P019,211,155,188,0,178
2025-05-01,S025,P020,20,70,70,1,19
2025-05-01,S026,P001,72,44,41,1,74
2025-05-01,S026,P002,23,62,1,0,84
2025-05-01,S026,P003,42,148,118,0,72
2025-05-01,S026,P004,35,57,69,0,23
2025-05-01,S026,P005,21,75,44,0,52
2025-05-01,S026,P006,161,80,138,0,103
2025-05-01,S026,P007,195,74,148,0,121
2025-05-01,S026,P008,50,137,108,0,79
2025-05-01,S026,P009,240,44,240,3,41
2025-05-01,S026,P010,142,168,185,0,125
2025-05-01,S026,P011,176,57,150,2,81
2025-05-01,S026,P012,194,172,26,0,340
2025-05-01,S026,P013,211,131,215,3,124
2025-05-01,S026,P014,56,52,96,1,11
2025-05-01,S026,P015,192,158,14,0,336
2025-05-01,S026,P016,147,43,104,0,86
2025-05-01,S026,P017,200,151,208,3,140
2025-05-01,S026,P018,148,146,93,0,201
2025-05-01,S026,P019,36,18,31,0,23
2025-05-01,S026,P020,135,29,162,1,1
2025-05-01,S027,P001,150,167,210,0,107
2025-05-01,S027,P002,231,109,125,2,213
2025-05-01,S027,P003,68,13,32,0,49
2025-05-01,S027,P004,21,72,64,0,29
2025-05-01,S027,P005,85,73,7,2,149
2025-05-01,S027,P006,56,56,3,0,109
2025-05-01,S027,P007,126,106,7,2,223
2025-05-01,S027,P008,32,6,7,0,31
2025-05-01,S027,P009,80,158,77,2,159
2025-05-01,S027,P010,42,88,120,1,9
2025-05-01,S027,P011,89,55,143,3,0
2025-05-01,S027,P012,246,104,170,0,180
2025-05-01,S027,P013,91,105,111,1,84
2025-05-01,S027,P014,164,154,163,1,154
2025-05-01,S027,P015,44,26,25,0,45
2025-05-01,S027,P016,97,103,44,1,155
2025-05-01,S027,P017,134,78,63,0,149
2025-05-01,S027,P018,185,34,198,0,21
2025-05-01,S027,P019,61,84,38,2,105
2025-05-01,S027,P020,74,27,22,0,79
2025-05-01,S028,P001,139,17,99,2,55
2025-05-01,S028,P002,151,53,175,0,29
2025-05-01,S028,P003,21,88,60,0,49
2025-05-01,S028,P004,195,35,71,0,159
2025-05-01,S028,P005,96,33,46,3,80
2025-05-01,S028,P006,36,128,78,0,86
2025-05-01,S028,P007,90,71,35,0,126
2025-05-01,S028,P008,83,155,154,1,83
2025-05-01,S028,P009,149,58,103,0,104
2025-05-01,S028,P010,57,106,81,2,80
2025-05-01,S028,P011,84,60,36,1,107
2025-05-01,S028,P012,120,86,125,3,78
2025-05-01,S028,P013,72,14,20,0,66
2025-05-01,S028,P014,175,176,81,0,270
2025-05-01,S028,P015,126,3,72,3,54
2025-05-01,S028,P016,30,180,183,2,25
2025-05-01,S028,P017,197,20,7,3,207
2025-05-01,S028,P018,62,43,15,0,90
2025-05-01,S028,P019,203,175,353,0,25
2025-05-01,S028,P020,89,124,9,3,201
2025-05-01,S029,P001,109,34,119,2,-10
2025-05-01,S029,P002,22,58,47,0,33
2025-05-01,S029,P003,96,16,59,1,52
2025-05-01,S029,P004,162,36,7,0,191
2025-05-01,S029,P005,84,39,78,2,43
2025-05-01,S029,P006,69,165,202,2,30
2025-05-01,S029,P007,159,48,198,1,8
2025-05-01,S029,P008,85,168,56,0,197
2025-05-01,S029,P009,143,140,61,0,222
2025-05-01,S029,P010,134,38,39,0,133
2025-05-01,S029,P011,155,110,201,0,64
2025-05-01,S029,P012,122,55,2,0,175
2025-05-01,S029,P013,88,167,42,2,-10
2025-05-01,S029,P014,225,148,37,2,334
2025-05-01,S029,P015,199,89,204,0,84
2025-05-01,S029,P016,186,51,151,1,85
2025-05-01,S029,P017,65,89,123,0,31
2025-05-01,S029,P018,143,97,217,0,23
2025-05-01,S029,P019,81,178,186,3,70
2025-05-01,S029,P020,109,95,143,0,61
2025-05-01,S030,P001,116,162,97,2,179
2025-05-01,S030,P002,36,94,89,0,41
2025-05-01,S030,P003,205,101,58,0,248
2025-05-01,S030,P004,65,166,216,1,14
2025-05-01,S030,P005,113,150,53,0,210
2025-05-01,S030,P006,222,158,334,0,46
2025-05-01,S030,P007,94,95,122,2,65
2025-05-01,S030,P008,100,140,200,1,39
2025-05-01,S030,P009,22,62,8,1,75
2025-05-01,S030,P010,120,162,229,3,50
2025-05-01,S030,P011,70,159,44,0,185
2025-05-01,S030,P012,68,129,91,2,104
2025-05-01,S030,P013,229,137,253,2,111
2025-05-01,S030,P014,78,59,11,0,126
2025-05-01,S030,P015,116,147,136,0,127
2025-05-01,S030,P016,242,98,320,2,18
2025-05-01,S030,P017,73,42,115,3,0
2025-05-01,S030,P018,65,16,68,0,13
2025-05-01,S030,P019,66,142,83,2,123
2025-05-01,S030,P020,106,54,117,3,40
2025-05-01,S031,P001,234,72,69,3,234
2025-05-01,S031,P002,234,61,57,0,238
2025-05-01,S031,P003,139,61,39,0,161
2025-05-01,S031,P004,98,74,62,2,108
2025-05-01,S031,P005,49,65,74,0,40
2025-05-01,S031,P006,204,26,200,2,28
2025-05-01,S031,P007,128,36,9,3,152
2025-05-01,S031,P008,20,113,112,0,21
2025-05-01,S031,P009,36,135,135,0,36
2025-05-01,S031,P010,144,104,144,2,102
2025-05-01,S031,P011,61,5,1,3,62
2025-05-01,S031,P012,84,23,101,0,6
2025-05-01,S031,P013,230,25,196,0,59
2025-05-01,S031,P014,235,68,47,0,256
2025-05-01,S031,P015,124,159,276,1,6
2025-05-01,S031,P016,128,12,134,3,3
2025-05-01,S031,P017,27,76,91,0,12
2025-05-01,S031,P018,107,166,18,0,255
2025-05-01,S031,P019,102,119,23,0,198
2025-05-01,S031,P020,126,175,231,0,70
2025-05-01,S032,P001,194,16,28,0,182
2025-05-01,S032,P002,220,112,203,0,129
2025-05-01,S032,P003,236,173,110,3,296
2025-05-01,S032,P004,52,94,21,2,123
2025-05-01,S032,P005,166,85,131,0,120
2025-05-01,S032,P006,225,101,35,2,289
2025-05-01,S032,P007,167,122,37,0,252
2025-05-01,S032,P008,228,49,50,0,227
2025-05-01,S032,P009,115,98,145,0,68
2025-05-01,S032,P010,123,43,536,0,32
2025-05-01,S032,P011,238,84,170,0,152
2025-05-01,S032,P012,129,159,16,0,272
2025-05-01,S032,P013,120,23,57,0,86
2025-05-01,S032,P014,63,163,26,3,197
2025-05-01,S032,P015,168,165,292,0,41
2025-05-01,S032,P016,81,2,61,0,22
2025-05-01,S032,P017,143,115,191,3,64
2025-05-01,S032,P018,129,172,178,0,123
2025-05-01,S032,P019,247,141,286,0,102
2025-05-01,S032,P020,95,57,19,0,133
2025-05-01,S033,P001,84,3,77,0,10
2025-05-01,S033,P002,117,12,28,1,100
2025-05-01,S033,P003,172,72,217,0,27
2025-05-01,S033,P004,61,97,119,0,39
2025-05-01,S033,P005,234,134,228,2,138
2025-05-01,S033,P006,142,86,49,2,177
2025-05-01,S033,P007,79,26,11,2,92
2025-05-01,S033,P008,57,176,69,0,164
2025-05-01,S033,P009,171,56,160,0,67
2025-05-01,S033,P010,149,129,166,2,110
2025-05-01,S033,P011,198,130,84,0,244
2025-05-01,S033,P012,192,107,17,0,282
2025-05-01,S033,P013,49,38,35,0,52
2025-05-01,S033,P014,198,23,145,2,74
2025-05-01,S033,P015,34,125,27,0,132
2025-05-01,S033,P016,36,63,36,2,61
2025-05-01,S033,P017,221,146,138,0,229
2025-05-01,S033,P018,247,57,127,3,174
2025-05-01,S033,P019,187,85,38,2,232
2025-05-01,S033,P020,123,34,125,0,32
2025-05-01,S034,P001,104,173,12,1,264
2025-05-01,S034,P002,210,16,193,1,32
2025-05-01,S034,P003,221,155,117,1,258
2025-05-01,S034,P004,217,154,270,0,101
2025-05-01,S034,P005,32,20,16,0,36
2025-05-01,S034,P006,112,51,63,2,98
2025-05-01,S034,P007,198,177,5,0,370
2025-05-01,S034,P008,175,149,211,0,113
2025-05-01,S034,P009,65,156,97,3,121
2025-05-01,S034,P010,240,172,119,1,292
2025-05-01,S034,P011,29,172,128,3,70
2025-05-01,S034,P012,99,37,14,0,122
2025-05-01,S034,P013,198,15,110,1,102
2025-05-01,S034,P014,238,56,255,1,38
2025-05-01,S034,P015,199,95,81,0,213
2025-05-01,S034,P016,136,38,151,0,23
2025-05-01,S034,P017,156,104,152,3,105
2025-05-01,S034,P018,37,26,10,0,53
2025-05-01,S034,P019,207,131,335,0,3
2025-05-01,S034,P020,248,104,62,2,288
2025-05-01,S035,P001,165,29,185,3,6
2025-05-01,S035,P002,168,134,231,0,71
2025-05-01,S035,P003,238,58,150,0,146
2025-05-01,S035,P004,179,175,330,1,23
2025-05-01,S035,P005,121,32,94,0,59
2025-05-01,S035,P006,82,46,52,0,76
2025-05-01,S035,P007,141,33,57,0,117
2025-05-01,S035,P008,223,67,148,0,142
2025-05-01,S035,P009,28,48,48,0,28
2025-05-01,S035,P010,88,58,79,1,66
2025-05-01,S035,P011,63,175,80,1,157
2025-05-01,S035,P012,61,49,100,2,8
2025-05-01,S035,P013,149,103,216,1,35
2025-05-01,S035,P014,79,155,161,1,72
2025-05-01,S035,P015,236,17,173,0,80
2025-05-01,S035,P016,134,21,29,1,125
2025-05-01,S035,P017,152,113,25,3,237
2025-05-01,S035,P018,97,28,41,3,81
2025-05-01,S035,P019,39,47,59,1,26
2025-05-01,S035,P020,32,84,51,0,65
2025-06-01,S001,P001,82,32,104,0,10
2025-06-01,S001,P002,195,162,258,0,99
2025-06-01,S001,P003,132,86,71,0,147
2025-06-01,S001,P004,36,150,105,2,79
2025-06-01,S001,P005,189,14,38,0,165
2025-06-01,S001,P006,43,151,72,1,121
2025-06-01,S001,P007,110,83,140,0,53
2025-06-01,S001,P008,248,65,224,2,87
2025-06-01,S001,P009,132,166,0,2,296
2025-06-01,S001,P010,241,124,81,2,282
2025-06-01,S001,P011,141,173,219,1,94
2025-06-01,S001,P012,77,86,59,0,104
2025-06-01,S001,P013,123,163,163,0,123
2025-06-01,S001,P014,195,107,31,0,271
2025-06-01,S001,P015,192,165,176,3,178
2025-06-01,S001,P016,22,172,30,1,163
2025-06-01,S001,P017,45,145,180,0,10
2025-06-01,S001,P018,92,14,52,0,54
2025-06-01,S001,P019,135,82,79,0,138
2025-06-01,S001,P020,201,52,117,0,136
2025-06-01,S002,P001,20,155,113,1,61
2025-06-01,S002,P002,205,165,107,0,263
2025-06-01,S002,P003,247,22,265,2,2
2025-06-01,S002,P004,123,2,109,0,16
2025-06-01,S002,P005,64,95,23,0,136
2025-06-01,S002,P006,118,78,99,2,95
2025-06-01,S002,P007,56,143,115,3,81
2025-06-01,S002,P008,127,163,70,0,220
2025-06-01,S002,P009,234,21,212,0,43
2025-06-01,S002,P010,174,170,224,0,120
2025-06-01,S002,P011,216,32,160,1,87
2025-06-01,S002,P012,231,47,117,0,161
2025-06-01,S002,P013,216,75,224,2,65
2025-06-01,S002,P014,181,131,174,0,138
2025-06-01,S002,P015,80,51,51,3,77
2025-06-01,S002,P016,139,40,64,0,115
2025-06-01,S002,P017,170,85,98,3,154
2025-06-01,S002,P018,182,180,4,0,358
2025-06-01,S002,P019,141,179,93,0,227
2025-06-01,S002,P020,169,91,202,0,58
2025-06-01,S003,P001,97,114,122,0,89
2025-06-01,S003,P002,90,100,1,2,187
2025-06-01,S003,P003,250,115,17,0,348
2025-06-01,S003,P004,235,26,184,2,75
2025-06-01,S003,P005,20,28,6,1,41
2025-06-01,S003,P006,153,108,76,0,185
2025-06-01,S003,P007,83,132,23,2,190
2025-06-01,S003,P008,101,51,23,3,126
2025-06-01,S003,P009,63,119,86,0,96
2025-06-01,S003,P010,163,25,140,2,46
2025-06-01,S003,P011,111,134,30,1,214
2025-06-01,S003,P012,98,98,28,3,165
2025-06-01,S003,P013,53,54,20,0,87
2025-06-01,S003,P014,246,0,246,0,0
2025-06-01,S003,P015,72,149,160,2,59
2025-06-01,S003,P016,175,155,27,0,303
2025-06-01,S003,P017,21,29,17,0,33
2025-06-01,S003,P018,169,178,1240,0,37
2025-06-01,S003,P019,28,108,24,2,110
2025-06-01,S003,P020,145,179,1,3,320
2025-06-01,S004,P001,228,26,104,0,150
2025-06-01,S004,P002,174,123,179,1,117
2025-06-01,S004,P003,179,140,201,2,116
2025-06-01,S004,P004,93,142,183,3,49
2025-06-01,S004,P005,225,76,190,0,111
2025-06-01,S004,P006,92,73,94,0,71
2025-06-01,S004,P007,71,58,21,1,107
2025-06-01,S004,P008,231,128,319,0,40
2025-06-01,S004,P009,24,70,81,0,13
2025-06-01,S004,P010,153,83,227,0,9
2025-06-01,S004,P011,238,81,297,0,22
2025-06-01,S004,P012,148,69,215,2,0
2025-06-01,S004,P013,102,42,32,0,112
2025-06-01,S004,P014,118,24,44,2,96
2025-06-01,S004,P015,85,122,117,0,90
2025-06-01,S004,P016,176,166,309,1,32
2025-06-01,S004,P017,123,0,102,2,19
2025-06-01,S004,P018,41,108,95,0,54
2025-06-01,S004,P019,36,93,125,0,4
2025-06-01,S004,P020,118,76,53,0,141
2025-06-01,S005,P001,63,46,30,3,76
2025-06-01,S005,P002,211,13,201,0,23
2025-06-01,S005,P003,187,113,247,0,53
2025-06-01,S005,P004,182,55,42,2,193
2025-06-01,S005,P005,22,133,54,3,98
2025-06-01,S005,P006,165,96,57,1,203
2025-06-01,S005,P007,166,39,17,1,187
2025-06-01,S005,P008,238,146,62,3,319
2025-06-01,S005,P009,130,154,102,2,180
2025-06-01,S005,P010,236,113,120,3,226
2025-06-01,S005,P011,185,141,217,1,108
2025-06-01,S005,P012,97,155,180,0,72
2025-06-01,S005,P013,30,38,55,3,10
2025-06-01,S005,P014,225,50,124,2,149
2025-06-01,S005,P015,118,54,103,3,66
2025-06-01,S005,P016,35,88,108,0,15
2025-06-01,S005,P017,61,154,118,2,95
2025-06-01,S005,P018,20,61,15,1,65
2025-06-01,S005,P019,109,137,233,3,10
2025-06-01,S005,P020,31,165,135,3,58
2025-06-01,S006,P001,124,14,48,3,87
2025-06-01,S006,P002,39,154,156,0,37
2025-06-01,S006,P003,244,121,318,0,47
2025-06-01,S006,P004,129,159,10,1,277
2025-06-01,S006,P005,147,156,5,3,295
2025-06-01,S006,P006,91,159,49,0,201
2025-06-01,S006,P007,136,38,169,1,4
2025-06-01,S006,P008,123,81,48,0,156
2025-06-01,S006,P009,192,148,236,0,104
2025-06-01,S006,P010,130,148,177,2,99
2025-06-01,S006,P011,194,33,136,1,90
2025-06-01,S006,P012,53,53,6,2,98
2025-06-01,S006,P013,165,1,94,0,72
2025-06-01,S006,P014,96,175,225,0,46
2025-06-01,S006,P015,89,164,223,2,28
2025-06-01,S006,P016,221,47,220,0,48
2025-06-01,S006,P017,62,106,120,0,48
2025-06-01,S006,P018,164,141,189,0,116
2025-06-01,S006,P019,89,98,96,1,90
2025-06-01,S006,P020,57,83,101,0,39
2025-06-01,S007,P001,67,65,126,0,6
2025-06-01,S007,P002,21,142,7,1,155
2025-06-01,S007,P003,203,112,238,3,74
2025-06-01,S007,P004,125,168,71,0,222
2025-06-01,S007,P005,83,118,178,0,23
2025-06-01,S007,P006,136,133,120,1,148
2025-06-01,S007,P007,127,151,9,3,266
2025-06-01,S007,P008,43,124,122,0,45
2025-06-01,S007,P009,64,174,93,0,145
2025-06-01,S007,P010,181,37,66,0,152
2025-06-01,S007,P011,213,124,203,2,132
2025-06-01,S007,P012,110,0,10,3,97
2025-06-01,S007,P013,197,45,155,0,87
2025-06-01,S007,P014,172,73,240,3,2
2025-06-01,S007,P015,58,77,73,1,61
2025-06-01,S007,P016,95,88,17,0,-10
2025-06-01,S007,P017,80,37,47,0,70
2025-06-01,S007,P018,142,59,128,1,72
2025-06-01,S007,P019,193,171,198,3,163
2025-06-01,S007,P020,178,152,154,3,173
2025-06-01,S008,P001,74,2,57,1,18
2025-06-01,S008,P002,48,64,67,0,45
2025-06-01,S008,P003,210,161,1264,2,53
2025-06-01,S008,P004,188,180,277,2,89
2025-06-01,S008,P005,227,45,19,0,253
2025-06-01,S008,P006,202,139,339,3,0
2025-06-01,S008,P007,172,107,182,0,97
2025-06-01,S008,P008,207,74,43,2,236
2025-06-01,S008,P009,170,177,106,0,241
2025-06-01,S008,P010,114,11,95,3,27
2025-06-01,S008,P011,35,132,122,0,45
2025-06-01,S008,P012,182,135,31,0,286
2025-06-01,S008,P013,205,177,133,0,249
2025-06-01,S008,P014,208,77,150,0,135
2025-06-01,S008,P015,160,6,143,3,20
2025-06-01,S008,P016,138,8,34,0,112
2025-06-01,S008,P017,54,58,74,0,38
2025-06-01,S008,P018,205,41,5,0,241
2025-06-01,S008,P019,183,131,77,3,234
2025-06-01,S008,P020,142,148,42,0,248
2025-06-01,S009,P001,231,114,83,1,261
2025-06-01,S009,P002,28,40,58,0,10
2025-06-01,S009,P003,201,93,69,0,225
2025-06-01,S009,P004,193,149,286,0,56
2025-06-01,S009,P005,134,79,188,3,22
2025-06-01,S009,P006,183,113,163,0,133
2025-06-01,S009,P007,242,36,162,1,115
2025-06-01,S009,P008,86,12,60,0,38
2025-06-01,S009,P009,74,133,86,3,118
2025-06-01,S009,P010,153,102,43,0,212
2025-06-01,S009,P011,227,28,45,1,209
2025-06-01,S009,P012,89,152,184,0,57
2025-06-01,S009,P013,84,24,63,0,45
2025-06-01,S009,P014,134,0,56,0,78
2025-06-01,S009,P015,209,128,293,3,41
2025-06-01,S009,P016,112,78,188,0,2
2025-06-01,S009,P017,60,99,112,0,47
2025-06-01,S009,P018,59,94,10,2,141
2025-06-01,S009,P019,211,143,228,0,126
2025-06-01,S009,P020,171,157,262,0,66
2025-06-01,S010,P001,44,178,1,0,221
2025-06-01,S010,P002,183,66,210,0,39
2025-06-01,S010,P003,195,29,204,0,20
2025-06-01,S010,P004,37,50,44,3,40
2025-06-01,S010,P005,137,69,61,3,142
2025-06-01,S010,P006,209,176,133,0,252
2025-06-01,S010,P007,218,144,358,3,1
2025-06-01,S010,P008,191,38,80,3,146
2025-06-01,S010,P009,212,117,67,0,262
2025-06-01,S010,P010,55,7,32,0,30
2025-06-01,S010,P011,230,13,85,2,156
2025-06-01,S010,P012,35,147,72,3,107
2025-06-01,S010,P013,220,106,173,0,153
2025-06-01,S010,P014,28,133,153,0,8
2025-06-01,S010,P015,61,50,78,0,33
2025-06-01,S010,P016,21,129,57,0,93
2025-06-01,S010,P017,53,134,141,2,44
2025-06-01,S010,P018,211,107,163,1,154
2025-06-01,S010,P019,24,94,89,0,29
2025-06-01,S010,P020,84,60,114,3,27
2025-06-01,S011,P001,237,86,6,3,314
2025-06-01,S011,P002,69,176,145,1,99
2025-06-01,S011,P003,217,19,221,2,13
2025-06-01,S011,P004,97,132,182,2,45
2025-06-01,S011,P005,67,140,175,0,32
2025-06-01,S011,P006,178,58,71,0,165
2025-06-01,S011,P007,181,98,160,2,117
2025-06-01,S011,P008,129,108,104,0,133
2025-06-01,S011,P009,120,46,44,3,119
2025-06-01,S011,P010,20,131,48,0,103
2025-06-01,S011,P011,132,66,144,3,51
2025-06-01,S011,P012,247,29,213,2,61
2025-06-01,S011,P013,50,20,36,3,31
2025-06-01,S011,P014,213,169,355,0,27
2025-06-01,S011,P015,232,52,243,2,39
2025-06-01,S011,P016,30,108,83,0,55
2025-06-01,S011,P017,179,25,185,2,17
2025-06-01,S011,P018,76,158,83,0,151
2025-06-01,S011,P019,235,170,45,0,360
2025-06-01,S011,P020,59,158,49,0,168
2025-06-01,S012,P001,200,36,76,1,159
2025-06-01,S012,P002,72,18,33,0,57
2025-06-01,S012,P003,231,69,120,3,177
2025-06-01,S012,P004,108,121,198,2,29
2025-06-01,S012,P005,177,148,207,3,115
2025-06-01,S012,P006,194,41,218,1,16
2025-06-01,S012,P007,78,13,84,2,5
2025-06-01,S012,P008,45,35,35,3,42
2025-06-01,S012,P009,61,128,95,0,94
2025-06-01,S012,P010,157,100,153,0,104
2025-06-01,S012,P011,74,20,66,0,28
2025-06-01,S012,P012,232,118,305,0,45
2025-06-01,S012,P013,43,123,3,0,163
2025-06-01,S012,P014,162,143,126,1,178
2025-06-01,S012,P015,44,156,98,0,102
2025-06-01,S012,P016,235,97,226,0,106
2025-06-01,S012,P017,245,38,30,2,251
2025-06-01,S012,P018,194,127,224,0,97
2025-06-01,S012,P019,21,40,47,1,13
2025-06-01,S012,P020,113,12,21,0,104
2025-06-01,S013,P001,203,121,324,2,0
2025-06-01,S013,P002,122,135,3,2,252
2025-06-01,S013,P003,99,72,28,0,143
2025-06-01,S013,P004,102,153,240,0,15
2025-06-01,S013,P005,123,118,11,3,227
2025-06-01,S013,P006,236,145,183,0,198
2025-06-01,S013,P007,234,153,13,2,372
2025-06-01,S013,P008,155,178,198,0,135
2025-06-01,S013,P009,47,111,98,0,60
2025-06-01,S013,P010,207,91,114,0,184
2025-06-01,S013,P011,196,2,95,1,102
2025-06-01,S013,P012,192,136,96,0,232
2025-06-01,S013,P013,115,108,199,0,24
2025-06-01,S013,P014,56,132,30,0,158
2025-06-01,S013,P015,133,35,58,3,107
2025-06-01,S013,P016,241,12,4,3,246
2025-06-01,S013,P017,147,107,117,2,135
2025-06-01,S013,P018,178,125,34,0,269
2025-06-01,S013,P019,244,155,176,0,-10
2025-06-01,S013,P020,219,61,278,0,2
2025-06-01,S014,P001,117,97,97,1,116
2025-06-01,S014,P002,148,110,52,0,206
2025-06-01,S014,P003,30,150,137,1,42
2025-06-01,S014,P004,223,159,324,1,57
2025-06-01,S014,P005,209,20,103,1,125
2025-06-01,S014,P006,103,95,28,0,170
2025-06-01,S014,P007,72,26,62,0,36
2025-06-01,S014,P008,99,8,72,0,35
2025-06-01,S014,P009,239,140,268,0,111
2025-06-01,S014,P010,32,21,1,1,51
2025-06-01,S014,P011,27,142,74,2,93
2025-06-01,S014,P012,232,69,67,3,231
2025-06-01,S014,P013,104,147,237,0,14
2025-06-01,S014,P014,34,74,46,2,60
2025-06-01,S014,P015,119,6,73,1,51
2025-06-01,S014,P016,55,118,120,2,51
2025-06-01,S014,P017,149,157,34,0,272
2025-06-01,S014,P018,30,18,29,0,19
2025-06-01,S014,P019,106,45,95,1,55
2025-06-01,S014,P020,59,97,142,1,13
2025-06-01,S015,P001,137,4,50,0,91
2025-06-01,S015,P002,158,119,241,0,36
2025-06-01,S015,P003,143,34,87,3,87
2025-06-01,S015,P004,201,12,44,2,167
2025-06-01,S015,P005,212,176,158,0,230
2025-06-01,S015,P006,221,105,0,0,326
2025-06-01,S015,P007,76,163,81,0,158
2025-06-01,S015,P008,134,115,248,0,1
2025-06-01,S015,P009,70,26,40,2,54
2025-06-01,S015,P010,236,33,221,0,48
2025-06-01,S015,P011,123,158,89,0,192
2025-06-01,S015,P012,164,55,21,3,195
2025-06-01,S015,P013,126,112,10,2,226
2025-06-01,S015,P014,132,171,138,0,165
2025-06-01,S015,P015,171,160,263,2,66
2025-06-01,S015,P016,177,137,169,3,142
2025-06-01,S015,P017,106,26,31,0,101
2025-06-01,S015,P018,65,157,152,0,70
2025-06-01,S015,P019,151,144,148,0,258
2025-06-01,S015,P020,185,32,28,0,189
2025-06-01,S016,P001,50,141,141,0,50
2025-06-01,S016,P002,241,71,161,2,149
2025-06-01,S016,P003,129,16,58,0,87
2025-06-01,S016,P004,121,180,92,0,209
2025-06-01,S016,P005,114,136,101,2,147
2025-06-01,S016,P006,233,171,207,-1,197
2025-06-01,S016,P007,126,136,168,0,94
2025-06-01,S016,P008,55,81,76,1,59
2025-06-01,S016,P009,143,107,141,3,106
2025-06-01,S016,P010,172,81,154,0,99
2025-06-01,S016,P011,193,177,332,2,36
2025-06-01,S016,P012,213,83,69,0,227
2025-06-01,S016,P013,229,31,246,0,14
2025-06-01,S016,P014,239,55,284,0,10
2025-06-01,S016,P015,249,124,25,1,347
2025-06-01,S016,P016,93,79,130,0,42
2025-06-01,S016,P017,245,84,6,2,321
2025-06-01,S016,P018,61,52,85,1,27
2025-06-01,S016,P019,44,168,95,0,117
2025-06-01,S016,P020,83,60,93,0,50
2025-06-01,S017,P001,174,120,226,0,68
2025-06-01,S017,P002,103,127,213,1,16
2025-06-01,S017,P003,187,77,62,3,199
2025-06-01,S017,P004,80,80,157,3,0
2025-06-01,S017,P005,37,138,158,3,14
2025-06-01,S017,P006,184,26,210,0,0
2025-06-01,S017,P007,189,0,55,1,133
2025-06-01,S017,P008,72,167,116,1,122
2025-06-01,S017,P009,238,160,153,0,245
2025-06-01,S017,P010,141,89,212,0,18
2025-06-01,S017,P011,238,127,173,2,190
2025-06-01,S017,P012,54,35,61,0,28
2025-06-01,S017,P013,214,1,134,0,81
2025-06-01,S017,P014,114,126,96,0,144
2025-06-01,S017,P015,187,100,26,2,259
2025-06-01,S017,P016,79,159,103,0,135
2025-06-01,S017,P017,243,145,103,3,282
2025-06-01,S017,P018,196,36,199,0,33
2025-06-01,S017,P019,26,123,35,0,114
2025-06-01,S017,P020,236,152,315,1,72
2025-06-01,S018,P001,221,152,94,0,279
2025-06-01,S018,P002,28,21,34,0,15
2025-06-01,S018,P003,76,133,36,2,171
2025-06-01,S018,P004,111,78,92,0,97
2025-06-01,S018,P005,210,73,77,0,206
2025-06-01,S018,P006,234,169,152,3,248
2025-06-01,S018,P007,147,19,98,1,67
2025-06-01,S018,P008,189,162,195,2,154
2025-06-01,S018,P009,236,20,44,1,211
2025-06-01,S018,P010,194,124,317,0,1
2025-06-01,S018,P011,37,124,105,0,56
2025-06-01,S018,P012,106,89,186,0,9
2025-06-01,S018,P013,37,36,5,1,67
2025-06-01,S018,P014,225,12,36,0,201
2025-06-01,S018,P015,220,124,181,3,160
2025-06-01,S018,P016,100,29,60,3,66
2025-06-01,S018,P017,47,170,147,0,70
2025-06-01,S018,P018,170,179,311,1,37
2025-06-01,S018,P019,105,39,135,0,9
2025-06-01,S018,P020,79,2,54,1,26
2025-06-01,S019,P001,35,34,55,1,13
2025-06-01,S019,P002,32,135,141,1,25
2025-06-01,S019,P003,29,72,99,3,0
2025-06-01,S019,P004,128,17,50,3,92
2025-06-01,S019,P005,39,15,19,0,35
2025-06-01,S019,P006,54,3,49,2,6
2025-06-01,S019,P007,171,62,45,1,187
2025-06-01,S019,P008,67,45,88,0,24
2025-06-01,S019,P009,34,123,58,2,97
2025-06-01,S019,P010,139,169,179,0,129
2025-06-01,S019,P011,249,76,231,0,94
2025-06-01,S019,P012,151,98,100,3,146
2025-06-01,S019,P013,118,117,99,0,136
2025-06-01,S019,P014,214,140,27,0,327
2025-06-01,S019,P015,104,130,68,1,165
2025-06-01,S019,P016,24,136,69,0,91
2025-06-01,S019,P017,198,39,190,2,45
2025-06-01,S019,P018,91,157,188,0,60
2025-06-01,S019,P019,44,71,108,0,7
2025-06-01,S019,P020,234,44,28,0,250
2025-06-01,S020,P001,158,93,110,3,138
2025-06-01,S020,P002,106,108,11,3,200
2025-06-01,S020,P003,187,90,153,3,121
2025-06-01,S020,P004,153,100,150,0,103
2025-06-01,S020,P005,38,9,36,0,11
2025-06-01,S020,P006,31,171,5,0,197
2025-06-01,S020,P007,50,31,11,2,68
2025-06-01,S020,P008,42,36,78,1,0
2025-06-01,S020,P009,192,83,163,0,112
2025-06-01,S020,P010,93,131,206,3,15
2025-06-01,S020,P011,189,62,50,3,198
2025-06-01,S020,P012,113,144,17,0,240
2025-06-01,S020,P013,93,113,56,1,149
2025-06-01,S020,P014,149,163,297,2,13
2025-06-01,S020,P015,78,60,53,2,83
2025-06-01,S020,P016,92,93,74,0,111
2025-06-01,S020,P017,194,43,5,0,232
2025-06-01,S020,P018,48,136,143,0,41
2025-06-01,S020,P019,147,141,246,0,42
2025-06-01,S020,P020,74,54,82,3,43
2025-06-01,S021,P001,157,88,212,0,33
2025-06-01,S021,P002,52,15,50,2,15
2025-06-01,S021,P003,110,123,16,2,215
2025-06-01,S021,P004,116,64,17,0,163
2025-06-01,S021,P005,152,98,136,2,112
2025-06-01,S021,P006,35,152,74,0,113
2025-06-01,S021,P007,142,20,66,1,95
2025-06-01,S021,P008,160,167,67,1,259
2025-06-01,S021,P009,79,154,215,0,18
2025-06-01,S021,P010,174,169,110,0,233
2025-06-01,S021,P011,232,103,326,1,8
2025-06-01,S021,P012,126,173,22,2,275
2025-06-01,S021,P013,179,112,208,0,83
2025-06-01,S021,P014,155,160,308,1,6
2025-06-01,S021,P015,194,150,189,0,155
2025-06-01,S021,P016,123,116,64,1,174
2025-06-01,S021,P017,134,53,166,0,21
2025-06-01,S021,P018,236,109,96,3,246
2025-06-01,S021,P019,80,110,65,1,124
2025-06-01,S021,P020,140,111,117,2,132
2025-06-01,S022,P001,248,172,128,0,292
2025-06-01,S022,P002,99,77,144,0,32
2025-06-01,S022,P003,47,118,23,3,139
2025-06-01,S022,P004,45,43,51,3,34
2025-06-01,S022,P005,239,45,117,2,165
2025-06-01,S022,P006,244,68,124,0,188
2025-06-01,S022,P007,71,128,120,0,79
2025-06-01,S022,P008,21,110,115,0,16
2025-06-01,S022,P009,25,115,140,3,0
2025-06-01,S022,P010,112,13,113,0,12
2025-06-01,S022,P011,221,140,122,0,239
2025-06-01,S022,P012,234,48,96,0,186
2025-06-01,S022,P013,69,150,140,2,77
2025-06-01,S022,P014,161,69,163,3,64
2025-06-01,S022,P015,80,137,74,0,143
2025-06-01,S022,P016,188,131,98,0,221
2025-06-01,S022,P017,164,177,303,1,37
2025-06-01,S022,P018,28,96,93,2,29
2025-06-01,S022,P019,31,71,77,0,25
2025-06-01,S022,P020,162,103,63,1,201
2025-06-01,S023,P001,76,1,41,2,34
2025-06-01,S023,P002,151,159,15,0,295
2025-06-01,S023,P003,27,137,67,1,96
2025-06-01,S023,P004,54,154,183,1,24
2025-06-01,S023,P005,102,168,207,0,63
2025-06-01,S023,P006,188,25,23,0,190
2025-06-01,S023,P007,211,121,209,0,123
2025-06-01,S023,P008,200,38,19,0,219
2025-06-01,S023,P009,171,78,183,2,64
2025-06-01,S023,P010,119,71,190,0,0
2025-06-01,S023,P011,120,88,90,0,118
2025-06-01,S023,P012,156,162,285,0,33
2025-06-01,S023,P013,230,176,21,0,385
2025-06-01,S023,P014,62,45,95,1,11
2025-06-01,S023,P015,51,167,0,0,218
2025-06-01,S023,P016,116,132,156,2,90
2025-06-01,S023,P017,117,173,93,0,197
2025-06-01,S023,P018,78,111,63,1,125
2025-06-01,S023,P019,40,57,91,0,6
2025-06-01,S023,P020,225,47,141,0,131
2025-06-01,S024,P001,108,75,176,0,7
2025-06-01,S024,P002,96,180,22,1,253
2025-06-01,S024,P003,238,79,108,2,207
2025-06-01,S024,P004,87,171,183,0,75
2025-06-01,S024,P005,137,28,44,1,120
2025-06-01,S024,P006,121,29,26,2,122
2025-06-01,S024,P007,235,152,111,2,274
2025-06-01,S024,P008,140,152,247,2,43
2025-06-01,S024,P009,210,103,310,2,1
2025-06-01,S024,P010,48,58,43,3,60
2025-06-01,S024,P011,180,41,218,0,3
2025-06-01,S024,P012,42,81,96,3,24
2025-06-01,S024,P013,210,68,132,0,146
2025-06-01,S024,P014,200,45,22,1,222
2025-06-01,S024,P015,82,120,116,0,86
2025-06-01,S024,P016,135,110,222,-1,23
2025-06-01,S024,P017,30,37,36,2,29
2025-06-01,S024,P018,181,30,97,2,112
2025-06-01,S024,P019,215,122,147,1,189
2025-06-01,S024,P020,231,10,177,-1,64
2025-06-01,S025,P001,65,32,45,2,50
2025-06-01,S025,P002,147,109,83,1,172
2025-06-01,S025,P003,236,64,36,3,261
2025-06-01,S025,P004,226,26,133,2,117
2025-06-01,S025,P005,57,51,8,0,100
2025-06-01,S025,P006,41,171,172,2,38
2025-06-01,S025,P007,178,110,230,0,58
2025-06-01,S025,P008,227,52,174,3,102
2025-06-01,S025,P009,183,41,156,2,66
2025-06-01,S025,P010,238,143,174,0,207
2025-06-01,S025,P011,52,95,27,0,120
2025-06-01,S025,P012,56,82,109,3,26
2025-06-01,S025,P013,42,171,25,3,185
2025-06-01,S025,P014,244,166,400,0,10
2025-06-01,S025,P015,140,85,25,0,200
2025-06-01,S025,P016,198,26,91,0,133
2025-06-01,S025,P017,243,69,213,0,99
2025-06-01,S025,P018,80,11,51,0,40
2025-06-01,S025,P019,243,13,123,0,133
2025-06-01,S025,P020,168,18,26,0,160
2025-06-01,S026,P001,72,111,14,3,166
2025-06-01,S026,P002,213,163,339,0,37
2025-06-01,S026,P003,116,93,91,0,118
2025-06-01,S026,P004,218,138,225,0,131
2025-06-01,S026,P005,145,86,138,0,93
2025-06-01,S026,P006,170,118,73,0,215
2025-06-01,S026,P007,119,161,58,0,222
2025-06-01,S026,P008,106,101,137,0,70
2025-06-01,S026,P009,114,14,89,3,36
2025-06-01,S026,P010,53,40,53,2,38
2025-06-01,S026,P011,73,12,23,0,62
2025-06-01,S026,P012,134,74,76,3,129
2025-06-01,S026,P013,181,176,289,1,67
2025-06-01,S026,P014,201,86,14,0,273
2025-06-01,S026,P015,129,57,124,3,59
2025-06-01,S026,P016,77,81,24,1,133
2025-06-01,S026,P017,59,133,95,0,97
2025-06-01,S026,P018,114,72,53,1,132
2025-06-01,S026,P019,133,153,209,0,77
2025-06-01,S026,P020,184,8,74,0,118
2025-06-01,S027,P001,118,169,64,3,220
2025-06-01,S027,P002,74,136,32,3,175
2025-06-01,S027,P003,230,128,233,3,122
2025-06-01,S027,P004,208,83,103,0,188
2025-06-01,S027,P005,139,147,226,3,57
2025-06-01,S027,P006,55,92,110,0,37
2025-06-01,S027,P007,24,125,44,0,105
2025-06-01,S027,P008,97,32,13,1,115
2025-06-01,S027,P009,151,156,266,0,41
2025-06-01,S027,P010,202,14,183,3,30
2025-06-01,S027,P011,36,76,21,2,89
2025-06-01,S027,P012,244,118,16,1,345
2025-06-01,S027,P013,208,73,153,2,126
2025-06-01,S027,P014,85,110,62,3,130
2025-06-01,S027,P015,185,6,122,1,68
2025-06-01,S027,P016,132,53,177,0,8
2025-06-01,S027,P017,219,165,229,1,154
2025-06-01,S027,P018,153,153,302,0,4
2025-06-01,S027,P019,23,145,29,0,139
2025-06-01,S027,P020,23,133,34,1,121
2025-06-01,S028,P001,169,40,187,0,22
2025-06-01,S028,P002,180,10,42,3,145
2025-06-01,S028,P003,139,123,236,3,23
2025-06-01,S028,P004,174,36,203,0,7
2025-06-01,S028,P005,237,172,97,2,310
2025-06-01,S028,P006,180,129,104,2,203
2025-06-01,S028,P007,132,150,78,0,204
2025-06-01,S028,P008,153,30,61,3,119
2025-06-01,S028,P009,223,153,53,3,320
2025-06-01,S028,P010,158,84,2,3,237
2025-06-01,S028,P011,240,97,195,3,139
2025-06-01,S028,P012,248,1,93,2,154
2025-06-01,S028,P013,73,47,56,2,62
2025-06-01,S028,P014,49,22,54,0,17
2025-06-01,S028,P015,61,73,18,0,116
2025-06-01,S028,P016,35,150,39,1,145
2025-06-01,S028,P017,174,64,26,0,212
2025-06-01,S028,P018,79,159,60,0,178
2025-06-01,S028,P019,221,131,152,2,198
2025-06-01,S028,P020,59,1,11,1,48
2025-06-01,S029,P001,191,141,74,3,255
2025-06-01,S029,P002,220,85,224,1,80
2025-06-01,S029,P003,169,124,35,3,255
2025-06-01,S029,P004,55,102,156,0,1
2025-06-01,S029,P005,174,29,142,0,61
2025-06-01,S029,P006,194,84,218,0,60
2025-06-01,S029,P007,112,73,74,2,109
2025-06-01,S029,P008,182,132,69,0,245
2025-06-01,S029,P009,117,34,131,0,20
2025-06-01,S029,P010,170,20,10,3,177
2025-06-01,S029,P011,72,88,126,0,34
2025-06-01,S029,P012,237,30,155,0,112
2025-06-01,S029,P013,117,102,47,0,172
2025-06-01,S029,P014,199,174,102,2,269
2025-06-01,S029,P015,237,171,161,0,247
2025-06-01,S029,P016,30,1,5,2,24
2025-06-01,S029,P017,201,138,207,0,132
2025-06-01,S029,P018,153,60,143,1,69
2025-06-01,S029,P019,180,146,215,1,110
2025-06-01,S029,P020,175,153,214,1,113
2025-06-01,S030,P001,134,125,186,3,70
2025-06-01,S030,P002,249,140,279,0,110
2025-06-01,S030,P003,197,159,191,3,162
2025-06-01,S030,P004,240,130,172,0,198
2025-06-01,S030,P005,177,118,112,2,181
2025-06-01,S030,P006,140,119,230,3,26
2025-06-01,S030,P007,163,17,157,0,23
2025-06-01,S030,P008,79,106,71,0,114
2025-06-01,S030,P009,42,8,43,2,5
2025-06-01,S030,P010,212,132,247,0,97
2025-06-01,S030,P011,24,97,48,2,71
2025-06-01,S030,P012,119,90,6,0,203
2025-06-01,S030,P013,133,8,73,3,65
2025-06-01,S030,P014,52,65,54,0,63
2025-06-01,S030,P015,109,168,149,1,127
2025-06-01,S030,P016,38,54,19,3,70
2025-06-01,S030,P017,181,94,135,2,138
2025-06-01,S030,P018,237,91,3,0,325
2025-06-01,S030,P019,33,172,99,3,103
2025-06-01,S030,P020,199,46,39,0,206
2025-06-01,S031,P001,78,70,113,0,35
2025-06-01,S031,P002,177,127,170,0,134
2025-06-01,S031,P003,208,18,153,2,71
2025-06-01,S031,P004,118,52,25,0,145
2025-06-01,S031,P005,249,105,228,1,125
2025-06-01,S031,P006,240,14,14,0,240
2025-06-01,S031,P007,59,68,124,1,2
2025-06-01,S031,P008,204,10,84,0,130
2025-06-01,S031,P009,50,26,32,3,41
2025-06-01,S031,P010,166,1,54,2,111
2025-06-01,S031,P011,161,8,67,0,102
2025-06-01,S031,P012,74,73,133,1,13
2025-06-01,S031,P013,240,171,63,2,346
2025-06-01,S031,P014,73,45,62,0,56
2025-06-01,S031,P015,90,131,219,2,0
2025-06-01,S031,P016,61,69,59,0,71
2025-06-01,S031,P017,33,32,64,3,0
2025-06-01,S031,P018,232,93,1272,0,7
2025-06-01,S031,P019,107,46,112,0,41
2025-06-01,S031,P020,65,161,65,2,159
2025-06-01,S032,P001,87,127,22,3,189
2025-06-01,S032,P002,38,3,29,3,9
2025-06-01,S032,P003,33,100,113,1,19
2025-06-01,S032,P004,207,109,115,0,201
2025-06-01,S032,P005,85,66,13,0,138
2025-06-01,S032,P006,244,145,50,0,339
2025-06-01,S032,P007,129,9,128,3,7
2025-06-01,S032,P008,170,148,68,3,247
2025-06-01,S032,P009,150,57,46,3,158
2025-06-01,S032,P010,118,145,92,3,168
2025-06-01,S032,P011,224,78,85,0,217
2025-06-01,S032,P012,216,116,256,0,76
2025-06-01,S032,P013,201,143,12,0,332
2025-06-01,S032,P014,46,6,32,0,20
2025-06-01,S032,P015,229,111,233,0,107
2025-06-01,S032,P016,93,76,41,0,128
2025-06-01,S032,P017,240,27,265,2,0
2025-06-01,S032,P018,106,113,114,2,103
2025-06-01,S032,P019,245,159,356,0,48
2025-06-01,S032,P020,210,137,136,3,208
2025-06-01,S033,P001,208,87,295,0,0
2025-06-01,S033,P002,217,90,166,0,141
2025-06-01,S033,P003,242,44,214,0,72
2025-06-01,S033,P004,184,68,213,0,39
2025-06-01,S033,P005,136,91,90,2,135
2025-06-01,S033,P006,70,106,90,0,86
2025-06-01,S033,P007,40,2,5,1,36
2025-06-01,S033,P008,150,136,87,1,198
2025-06-01,S033,P009,230,99,70,0,259
2025-06-01,S033,P010,61,78,114,0,25
2025-06-01,S033,P011,87,85,128,1,43
2025-06-01,S033,P012,32,99,113,3,15
2025-06-01,S033,P013,193,144,2,0,335
2025-06-01,S033,P014,22,11,31,0,2
2025-06-01,S033,P015,161,179,270,2,68
2025-06-01,S033,P016,120,122,1,0,241
2025-06-01,S033,P017,197,57,88,2,164
2025-06-01,S033,P018,208,160,336,2,30
2025-06-01,S033,P019,85,92,92,2,83
2025-06-01,S033,P020,191,9,49,0,151
2025-06-01,S034,P001,50,43,76,3,14
2025-06-01,S034,P002,125,33,8,1,149
2025-06-01,S034,P003,244,173,412,1,4
2025-06-01,S034,P004,102,137,109,0,130
2025-06-01,S034,P005,164,104,58,2,208
2025-06-01,S034,P006,118,38,144,1,11
2025-06-01,S034,P007,116,73,24,3,162
2025-06-01,S034,P008,83,57,101,2,37
2025-06-01,S034,P009,231,176,246,0,161
2025-06-01,S034,P010,37,130,127,0,40
2025-06-01,S034,P011,157,100,106,1,150
2025-06-01,S034,P012,246,80,166,1,159
2025-06-01,S034,P013,210,147,59,0,298
2025-06-01,S034,P014,185,60,167,0,78
2025-06-01,S034,P015,44,46,6,1,83
2025-06-01,S034,P016,181,54,185,3,47
2025-06-01,S034,P017,172,143,216,2,97
2025-06-01,S034,P018,132,160,235,0,57
2025-06-01,S034,P019,185,172,217,2,138
2025-06-01,S034,P020,81,166,67,0,180
2025-06-01,S035,P001,124,13,43,2,92
2025-06-01,S035,P002,76,110,164,1,21
2025-06-01,S035,P003,195,162,71,0,286
2025-06-01,S035,P004,167,0,155,0,12
2025-06-01,S035,P005,29,1,21,3,6
2025-06-01,S035,P006,169,176,8,0,337
2025-06-01,S035,P007,81,114,156,3,36
2025-06-01,S035,P008,203,51,198,0,56
2025-06-01,S035,P009,204,80,147,0,137
2025-06-01,S035,P010,190,123,47,0,266
2025-06-01,S035,P011,250,114,353,2,9
2025-06-01,S035,P012,124,147,116,0,155
2025-06-01,S035,P013,131,128,173,3,83
2025-06-01,S035,P014,200,5,60,0,145
2025-06-01,S035,P015,177,95,86,3,183
2025-06-01,S035,P016,35,46,73,0,8
2025-06-01,S035,P017,59,49,90,0,18
2025-06-01,S035,P018,225,30,190,2,63
2025-06-01,S035,P019,33,131,52,2,110
2025-06-01,S035,P020,182,166,221,1,126
2025-07-01,S001,P001,31,17,44,0,4
2025-07-01,S001,P002,215,23,202,0,36
2025-07-01,S001,P003,94,179,20,0,253
2025-07-01,S001,P004,101,77,38,0,140
2025-07-01,S001,P005,20,20,27,0,13
2025-07-01,S001,P006,158,119,198,1,78
2025-07-01,S001,P007,59,63,111,0,11
2025-07-01,S001,P008,155,130,56,1,228
2025-07-01,S001,P009,80,102,112,0,70
2025-07-01,S001,P010,191,63,25,3,226
2025-07-01,S001,P011,215,167,180,2,200
2025-07-01,S001,P012,61,29,51,3,36
2025-07-01,S001,P013,171,62,93,2,138
2025-07-01,S001,P014,183,105,126,0,162
2025-07-01,S001,P015,105,22,76,-1,49
2025-07-01,S001,P016,231,156,48,2,337
2025-07-01,S001,P017,41,40,73,0,8
2025-07-01,S001,P018,131,79,206,2,2
2025-07-01,S001,P019,79,169,140,0,108
2025-07-01,S001,P020,201,60,157,2,102
2025-07-01,S002,P001,146,28,27,0,147
2025-07-01,S002,P002,99,90,57,0,132
2025-07-01,S002,P003,80,35,43,3,69
2025-07-01,S002,P004,123,71,108,0,86
2025-07-01,S002,P005,207,87,262,2,30
2025-07-01,S002,P006,211,71,176,0,106
2025-07-01,S002,P007,65,97,74,0,88
2025-07-01,S002,P008,220,17,213,1,23
2025-07-01,S002,P009,23,29,43,2,7
2025-07-01,S002,P010,90,10,54,0,46
2025-07-01,S002,P011,170,54,47,1,176
2025-07-01,S002,P012,67,7,34,0,40
2025-07-01,S002,P013,71,79,71,0,79
2025-07-01,S002,P014,123,172,231,0,64
2025-07-01,S002,P015,94,106,73,0,127
2025-07-01,S002,P016,157,159,49,1,266
2025-07-01,S002,P017,101,79,118,0,62
2025-07-01,S002,P018,155,167,86,2,234
2025-07-01,S002,P019,199,113,110,0,202
2025-07-01,S002,P020,89,170,28,3,228
2025-07-01,S003,P001,225,154,30,0,349
2025-07-01,S003,P002,62,44,46,0,60
2025-07-01,S003,P003,56,35,54,2,35
2025-07-01,S003,P004,189,122,56,1,254
2025-07-01,S003,P005,25,1,23,1,2
2025-07-01,S003,P006,109,126,216,1,18
2025-07-01,S003,P007,114,21,48,3,84
2025-07-01,S003,P008,190,16,157,0,49
2025-07-01,S003,P009,50,176,82,0,144
2025-07-01,S003,P010,177,98,47,0,228
2025-07-01,S003,P011,55,159,153,2,59
2025-07-01,S003,P012,62,55,51,0,66
2025-07-01,S003,P013,38,151,103,0,86
2025-07-01,S003,P014,33,166,184,0,15
2025-07-01,S003,P015,168,104,119,2,151
2025-07-01,S003,P016,159,147,247,0,59
2025-07-01,S003,P017,184,78,253,1,8
2025-07-01,S003,P018,197,83,109,3,168
2025-07-01,S003,P019,196,78,2,0,272
2025-07-01,S003,P020,250,20,104,1,165
2025-07-01,S004,P001,181,38,216,2,1
2025-07-01,S004,P002,185,15,126,0,74
2025-07-01,S004,P003,199,134,228,3,102
2025-07-01,S004,P004,201,121,295,0,27
2025-07-01,S004,P005,70,12,23,0,59
2025-07-01,S004,P006,41,147,116,3,69
2025-07-01,S004,P007,150,144,20,0,274
2025-07-01,S004,P008,79,125,156,3,45
2025-07-01,S004,P009,119,140,236,1,22
2025-07-01,S004,P010,144,162,270,2,34
2025-07-01,S004,P011,212,84,108,0,-10
2025-07-01,S004,P012,219,11,204,3,23
2025-07-01,S004,P013,78,46,48,2,74
2025-07-01,S004,P014,112,169,185,2,94
2025-07-01,S004,P015,119,110,225,1,3
2025-07-01,S004,P016,64,177,229,3,9
2025-07-01,S004,P017,151,167,146,0,172
2025-07-01,S004,P018,242,129,329,0,42
2025-07-01,S004,P019,62,177,118,3,118
2025-07-01,S004,P020,186,176,345,0,17
2025-07-01,S005,P001,28,145,94,2,77
2025-07-01,S005,P002,113,59,97,2,73
2025-07-01,S005,P003,100,144,10,2,232
2025-07-01,S005,P004,76,6,60,1,21
2025-07-01,S005,P005,39,152,17,0,174
2025-07-01,S005,P006,200,130,160,2,168
2025-07-01,S005,P007,90,111,102,2,97
2025-07-01,S005,P008,160,169,101,2,226
2025-07-01,S005,P009,54,8,62,0,0
2025-07-01,S005,P010,133,98,135,0,96
2025-07-01,S005,P011,127,70,53,3,141
2025-07-01,S005,P012,22,21,36,3,4
2025-07-01,S005,P013,221,30,164,0,87
2025-07-01,S005,P014,129,154,202,0,81
2025-07-01,S005,P015,147,89,45,0,191
2025-07-01,S005,P016,51,141,31,0,161
2025-07-01,S005,P017,242,11,95,0,158
2025-07-01,S005,P018,30,60,25,1,64
2025-07-01,S005,P019,99,106,1,2,202
2025-07-01,S005,P020,23,35,25,3,30
2025-07-01,S006,P001,138,69,53,2,152
2025-07-01,S006,P002,142,21,73,3,87
2025-07-01,S006,P003,229,167,94,0,302
2025-07-01,S006,P004,178,41,183,2,34
2025-07-01,S006,P005,175,30,26,1,178
2025-07-01,S006,P006,240,107,259,2,86
2025-07-01,S006,P007,232,158,181,-1,209
2025-07-01,S006,P008,56,84,28,1,111
2025-07-01,S006,P009,135,121,107,2,147
2025-07-01,S006,P010,74,171,5,0,240
2025-07-01,S006,P011,226,158,24,1,359
2025-07-01,S006,P012,22,138,67,3,90
2025-07-01,S006,P013,208,116,292,3,29
2025-07-01,S006,P014,88,49,81,1,55
2025-07-01,S006,P015,95,93,65,3,120
2025-07-01,S006,P016,157,70,144,3,80
2025-07-01,S006,P017,41,18,28,3,28
2025-07-01,S006,P018,131,108,194,3,42
2025-07-01,S006,P019,75,145,132,0,88
2025-07-01,S006,P020,148,20,2,0,166
2025-07-01,S007,P001,240,94,236,0,98
2025-07-01,S007,P002,50,123,143,1,29
2025-07-01,S007,P003,98,25,61,0,62
2025-07-01,S007,P004,84,104,178,3,7
2025-07-01,S007,P005,210,167,47,0,330
2025-07-01,S007,P006,203,30,50,2,181
2025-07-01,S007,P007,197,171,349,3,16
2025-07-01,S007,P008,137,80,200,3,14
2025-07-01,S007,P009,96,23,61,0,58
2025-07-01,S007,P010,33,72,9,0,96
2025-07-01,S007,P011,52,140,80,0,112
2025-07-01,S007,P012,112,155,104,0,163
2025-07-01,S007,P013,160,85,14,1,230
2025-07-01,S007,P014,150,124,261,3,10
2025-07-01,S007,P015,117,47,89,1,74
2025-07-01,S007,P016,142,128,0,0,270
2025-07-01,S007,P017,181,98,268,1,10
2025-07-01,S007,P018,97,10,11,3,93
2025-07-01,S007,P019,98,81,2,0,177
2025-07-01,S007,P020,98,14,19,2,91
2025-07-01,S008,P001,25,176,169,2,30
2025-07-01,S008,P002,77,37,16,0,98
2025-07-01,S008,P003,183,171,224,0,130
2025-07-01,S008,P004,119,126,86,0,159
2025-07-01,S008,P005,91,71,134,0,28
2025-07-01,S008,P006,181,178,18,0,341
2025-07-01,S008,P007,243,1,222,1,21
2025-07-01,S008,P008,181,165,284,1,61
2025-07-01,S008,P009,42,104,133,0,13
2025-07-01,S008,P010,85,125,38,2,170
2025-07-01,S008,P011,104,176,184,2,94
2025-07-01,S008,P012,21,131,134,0,18
2025-07-01,S008,P013,98,130,160,0,68
2025-07-01,S008,P014,163,67,125,2,103
2025-07-01,S008,P015,189,151,166,0,174
2025-07-01,S008,P016,20,136,29,0,127
2025-07-01,S008,P017,129,177,297,1,8
2025-07-01,S008,P018,53,52,42,0,63
2025-07-01,S008,P019,162,56,213,2,3
2025-07-01,S008,P020,118,10,28,1,99
2025-07-01,S009,P001,23,82,25,1,79
2025-07-01,S009,P002,213,122,117,3,215
2025-07-01,S009,P003,148,69,20,0,197
2025-07-01,S009,P004,177,115,246,2,44
2025-07-01,S009,P005,171,77,39,1,208
2025-07-01,S009,P006,204,104,100,0,208
2025-07-01,S009,P007,120,13,126,1,6
2025-07-01,S009,P008,172,14,88,0,98
2025-07-01,S009,P009,233,42,206,0,69
2025-07-01,S009,P010,196,71,83,0,184
2025-07-01,S009,P011,202,15,21,0,196
2025-07-01,S009,P012,160,131,106,0,185
2025-07-01,S009,P013,102,5,47,2,58
2025-07-01,S009,P014,61,159,84,1,135
2025-07-01,S009,P015,223,86,148,2,159
2025-07-01,S009,P016,92,46,70,3,65
2025-07-01,S009,P017,121,31,130,0,22
2025-07-01,S009,P018,204,5,22,1,186
2025-07-01,S009,P019,93,169,92,2,168
2025-07-01,S009,P020,66,162,157,0,-10
2025-07-01,S010,P001,231,24,163,0,92
2025-07-01,S010,P002,242,94,169,3,164
2025-07-01,S010,P003,47,76,91,1,31
2025-07-01,S010,P004,189,38,76,3,148
2025-07-01,S010,P005,26,1,18,0,9
2025-07-01,S010,P006,92,109,128,0,73
2025-07-01,S010,P007,223,29,184,3,65
2025-07-01,S010,P008,139,134,99,0,174
2025-07-01,S010,P009,124,112,187,2,47
2025-07-01,S010,P010,154,65,102,0,117
2025-07-01,S010,P011,40,104,129,1,14
2025-07-01,S010,P012,83,110,92,0,101
2025-07-01,S010,P013,112,141,90,3,160
2025-07-01,S010,P014,77,12,69,1,19
2025-07-01,S010,P015,193,80,146,1,126
2025-07-01,S010,P016,120,179,139,2,158
2025-07-01,S010,P017,233,101,76,0,258
2025-07-01,S010,P018,233,140,203,3,167
2025-07-01,S010,P019,101,176,96,0,181
2025-07-01,S010,P020,184,60,59,2,183
2025-07-01,S011,P001,211,128,106,3,230
2025-07-01,S011,P002,171,97,119,1,148
2025-07-01,S011,P003,48,66,39,0,75
2025-07-01,S011,P004,148,160,243,0,65
2025-07-01,S011,P005,44,156,102,0,98
2025-07-01,S011,P006,39,1,35,0,5
2025-07-01,S011,P007,63,107,126,0,44
2025-07-01,S011,P008,158,24,74,0,108
2025-07-01,S011,P009,189,141,159,3,168
2025-07-01,S011,P010,180,82,52,2,208
2025-07-01,S011,P011,174,122,144,1,151
2025-07-01,S011,P012,175,146,90,0,231
2025-07-01,S011,P013,206,107,232,1,80
2025-07-01,S011,P014,100,48,42,1,105
2025-07-01,S011,P015,166,23,150,2,37
2025-07-01,S011,P016,199,3,49,0,153
2025-07-01,S011,P017,195,150,191,0,154
2025-07-01,S011,P018,71,78,66,0,83
2025-07-01,S011,P019,94,126,112,1,107
2025-07-01,S011,P020,140,117,209,0,48
2025-07-01,S012,P001,81,66,47,0,100
2025-07-01,S012,P002,72,83,138,2,15
2025-07-01,S012,P003,202,174,53,0,323
2025-07-01,S012,P004,180,134,205,0,109
2025-07-01,S012,P005,188,13,190,1,10
2025-07-01,S012,P006,182,51,85,0,148
2025-07-01,S012,P007,141,136,103,0,174
2025-07-01,S012,P008,159,89,19,2,227
2025-07-01,S012,P009,134,111,163,1,81
2025-07-01,S012,P010,115,87,161,0,41
2025-07-01,S012,P011,236,69,13,2,290
2025-07-01,S012,P012,79,157,118,0,118
2025-07-01,S012,P013,127,135,79,3,180
2025-07-01,S012,P014,168,4,30,0,142
2025-07-01,S012,P015,119,107,52,1,173
2025-07-01,S012,P016,21,26,29,1,17
2025-07-01,S012,P017,54,137,70,0,121
2025-07-01,S012,P018,138,41,160,1,18
2025-07-01,S012,P019,151,64,60,3,152
2025-07-01,S012,P020,160,6,114,0,52
2025-07-01,S013,P001,165,144,289,2,18
2025-07-01,S013,P002,23,177,16,1,183
2025-07-01,S013,P003,174,42,209,3,4
2025-07-01,S013,P004,232,21,35,2,216
2025-07-01,S013,P005,235,99,5,3,326
2025-07-01,S013,P006,170,117,148,3,136
2025-07-01,S013,P007,43,123,34,3,129
2025-07-01,S013,P008,70,128,50,3,145
2025-07-01,S013,P009,156,91,81,2,164
2025-07-01,S013,P010,133,176,283,3,23
2025-07-01,S013,P011,125,19,116,3,112
2025-07-01,S013,P012,202,41,186,1,56
2025-07-01,S013,P013,193,57,35,2,213
2025-07-01,S013,P014,242,92,280,2,52
2025-07-01,S013,P015,60,14,56,1,17
2025-07-01,S013,P016,188,77,63,1,201
2025-07-01,S013,P017,141,61,85,1,116
2025-07-01,S013,P018,30,44,7,0,67
2025-07-01,S013,P019,147,164,83,2,226
2025-07-01,S013,P020,127,132,242,3,14
2025-07-01,S014,P001,41,57,14,2,82
2025-07-01,S014,P002,87,28,17,0,98
2025-07-01,S014,P003,222,21,163,0,80
2025-07-01,S014,P004,76,26,74,0,28
2025-07-01,S014,P005,32,69,100,3,0
2025-07-01,S014,P006,237,172,402,0,7
2025-07-01,S014,P007,28,112,117,3,20
2025-07-01,S014,P008,26,124,53,3,94
2025-07-01,S014,P009,65,145,76,2,132
2025-07-01,S014,P010,249,121,116,3,251
2025-07-01,S014,P011,198,61,18,0,241
2025-07-01,S014,P012,129,127,50,0,206
2025-07-01,S014,P013,166,110,156,0,120
2025-07-01,S014,P014,249,128,139,0,238
2025-07-01,S014,P015,236,129,303,0,62
2025-07-01,S014,P016,155,86,174,3,64
2025-07-01,S014,P017,50,135,106,1,78
2025-07-01,S014,P018,163,88,217,1,33
2025-07-01,S014,P019,83,170,179,2,72
2025-07-01,S014,P020,94,43,0,3,134
2025-07-01,S015,P001,220,102,269,0,53
2025-07-01,S015,P002,22,36,41,0,17
2025-07-01,S015,P003,215,27,125,3,114
2025-07-01,S015,P004,101,88,38,1,150
2025-07-01,S015,P005,240,3,20,2,221
2025-07-01,S015,P006,123,9,87,1,44
2025-07-01,S015,P007,167,146,266,1,46
2025-07-01,S015,P008,231,77,255,2,51
2025-07-01,S015,P009,211,164,64,2,309
2025-07-01,S015,P010,197,70,222,0,45
2025-07-01,S015,P011,235,154,291,3,95
2025-07-01,S015,P012,77,92,151,3,15
2025-07-01,S015,P013,173,160,79,0,254
2025-07-01,S015,P014,81,78,132,0,27
2025-07-01,S015,P015,142,22,89,2,73
2025-07-01,S015,P016,69,81,118,0,32
2025-07-01,S015,P017,225,74,177,1,121
2025-07-01,S015,P018,56,50,40,0,66
2025-07-01,S015,P019,235,67,281,1,20
2025-07-01,S015,P020,119,85,16,0,188
2025-07-01,S016,P001,180,20,164,0,36
2025-07-01,S016,P002,227,119,169,3,174
2025-07-01,S016,P003,202,136,43,0,295
2025-07-01,S016,P004,112,101,1,2,210
2025-07-01,S016,P005,51,145,9,0,187
2025-07-01,S016,P006,141,71,26,1,185
2025-07-01,S016,P007,114,26,44,0,96
2025-07-01,S016,P008,217,20,151,3,83
2025-07-01,S016,P009,97,72,13,2,154
2025-07-01,S016,P010,64,65,25,0,104
2025-07-01,S016,P011,217,7,112,0,112
2025-07-01,S016,P012,200,37,47,2,188
2025-07-01,S016,P013,155,170,87,0,238
2025-07-01,S016,P014,52,77,96,0,33
2025-07-01,S016,P015,177,83,63,2,195
2025-07-01,S016,P016,81,48,50,1,78
2025-07-01,S016,P017,57,134,78,2,111
2025-07-01,S016,P018,128,56,16,3,165
2025-07-01,S016,P019,66,180,195,2,49
2025-07-01,S016,P020,87,162,50,0,199
2025-07-01,S017,P001,115,43,7,3,148
2025-07-01,S017,P002,183,112,253,0,42
2025-07-01,S017,P003,51,87,134,2,2
2025-07-01,S017,P004,112,118,113,3,114
2025-07-01,S017,P005,118,100,99,1,118
2025-07-01,S017,P006,103,133,41,0,195
2025-07-01,S017,P007,89,112,82,1,118
2025-07-01,S017,P008,77,33,66,1,43
2025-07-01,S017,P009,80,64,124,2,18
2025-07-01,S017,P010,132,17,45,0,104
2025-07-01,S017,P011,150,34,9,1,174
2025-07-01,S017,P012,61,0,44,3,14
2025-07-01,S017,P013,72,175,226,0,21
2025-07-01,S017,P014,35,155,113,1,76
2025-07-01,S017,P015,131,0,12,0,119
2025-07-01,S017,P016,159,107,60,0,206
2025-07-01,S017,P017,136,163,67,0,232
2025-07-01,S017,P018,139,123,187,2,73
2025-07-01,S017,P019,136,106,102,1,139
2025-07-01,S017,P020,52,140,159,3,30
2025-07-01,S018,P001,118,171,132,2,155
2025-07-01,S018,P002,209,172,25,1,355
2025-07-01,S018,P003,48,13,36,2,23
2025-07-01,S018,P004,139,120,28,0,231
2025-07-01,S018,P005,175,131,192,1,113
2025-07-01,S018,P006,55,138,46,1,146
2025-07-01,S018,P007,168,79,71,0,176
2025-07-01,S018,P008,213,46,183,0,76
2025-07-01,S018,P009,86,173,26,0,233
2025-07-01,S018,P010,47,39,55,0,31
2025-07-01,S018,P011,75,65,124,1,15
2025-07-01,S018,P012,162,147,21,0,288
2025-07-01,S018,P013,69,125,180,3,11
2025-07-01,S018,P014,171,18,124,1,64
2025-07-01,S018,P015,215,168,65,1,317
2025-07-01,S018,P016,190,167,208,0,149
2025-07-01,S018,P017,229,48,133,1,143
2025-07-01,S018,P018,144,118,73,0,189
2025-07-01,S018,P019,59,160,138,0,81
2025-07-01,S018,P020,188,14,117,0,85
2025-07-01,S019,P001,128,117,83,0,162
2025-07-01,S019,P002,71,126,3,0,194
2025-07-01,S019,P003,215,158,211,2,160
2025-07-01,S019,P004,106,93,193,0,6
2025-07-01,S019,P005,159,169,157,3,168
2025-07-01,S019,P006,120,80,61,3,136
2025-07-01,S019,P007,79,6,23,2,60
2025-07-01,S019,P008,128,79,133,0,74
2025-07-01,S019,P009,73,52,64,2,59
2025-07-01,S019,P010,90,59,82,0,67
2025-07-01,S019,P011,180,164,232,1,111
2025-07-01,S019,P012,27,58,5,0,80
2025-07-01,S019,P013,80,33,37,2,74
2025-07-01,S019,P014,113,39,149,0,3
2025-07-01,S019,P015,139,69,14,3,191
2025-07-01,S019,P016,183,127,77,0,233
2025-07-01,S019,P017,150,74,193,0,31
2025-07-01,S019,P018,50,111,103,0,58
2025-07-01,S019,P019,202,55,26,0,231
2025-07-01,S019,P020,87,135,186,0,36
2025-07-01,S020,P001,165,13,147,2,29
2025-07-01,S020,P002,121,144,153,2,110
2025-07-01,S020,P003,134,5,25,2,112
2025-07-01,S020,P004,155,29,78,0,106
2025-07-01,S020,P005,176,26,87,2,113
2025-07-01,S020,P006,180,47,18,0,209
2025-07-01,S020,P007,182,115,46,0,251
2025-07-01,S020,P008,244,179,312,0,111
2025-07-01,S020,P009,211,19,191,-1,39
2025-07-01,S020,P010,153,40,151,3,39
2025-07-01,S020,P011,28,19,41,1,5
2025-07-01,S020,P012,153,150,160,3,140
2025-07-01,S020,P013,187,70,123,0,134
2025-07-01,S020,P014,54,168,104,0,118
2025-07-01,S020,P015,224,18,14,0,228
2025-07-01,S020,P016,226,45,51,3,217
2025-07-01,S020,P017,176,138,251,0,63
2025-07-01,S020,P018,50,93,20,3,120
2025-07-01,S020,P019,164,84,0,3,245
2025-07-01,S020,P020,130,171,50,0,251
2025-07-01,S021,P001,232,127,176,1,182
2025-07-01,S021,P002,224,128,214,0,138
2025-07-01,S021,P003,62,88,119,1,30
2025-07-01,S021,P004,197,155,42,1,309
2025-07-01,S021,P005,216,58,182,0,92
2025-07-01,S021,P006,237,90,223,2,102
2025-07-01,S021,P007,47,46,41,2,50
2025-07-01,S021,P008,183,90,239,1,33
2025-07-01,S021,P009,233,71,297,0,7
2025-07-01,S021,P010,149,17,105,2,59
2025-07-01,S021,P011,220,71,146,2,143
2025-07-01,S021,P012,223,64,119,1,167
2025-07-01,S021,P013,162,13,162,0,13
2025-07-01,S021,P014,145,135,36,1,243
2025-07-01,S021,P015,84,66,17,0,133
2025-07-01,S021,P016,164,168,180,0,152
2025-07-01,S021,P017,62,65,91,3,33
2025-07-01,S021,P018,101,26,100,2,25
2025-07-01,S021,P019,78,99,68,0,109
2025-07-01,S021,P020,171,110,81,0,200
2025-07-01,S022,P001,102,95,34,3,160
2025-07-01,S022,P002,194,36,193,3,34
2025-07-01,S022,P003,109,38,47,0,100
2025-07-01,S022,P004,83,71,103,0,51
2025-07-01,S022,P005,72,178,63,0,187
2025-07-01,S022,P006,33,179,89,0,123
2025-07-01,S022,P007,155,21,168,0,8
2025-07-01,S022,P008,104,169,111,1,161
2025-07-01,S022,P009,178,46,222,0,2
2025-07-01,S022,P010,100,24,75,0,49
2025-07-01,S022,P011,182,119,29,2,270
2025-07-01,S022,P012,158,159,200,2,115
2025-07-01,S022,P013,230,16,33,3,210
2025-07-01,S022,P014,90,58,65,2,81
2025-07-01,S022,P015,238,31,147,0,122
2025-07-01,S022,P016,109,56,9,2,154
2025-07-01,S022,P017,247,108,310,-1,44
2025-07-01,S022,P018,167,165,18,2,312
2025-07-01,S022,P019,126,72,64,0,134
2025-07-01,S022,P020,129,82,151,1,59
2025-07-01,S023,P001,244,86,96,0,234
2025-07-01,S023,P002,28,67,56,0,39
2025-07-01,S023,P003,148,92,216,0,24
2025-07-01,S023,P004,188,134,65,1,256
2025-07-01,S023,P005,56,130,63,3,120
2025-07-01,S023,P006,152,94,55,0,191
2025-07-01,S023,P007,189,141,329,0,1
2025-07-01,S023,P008,110,65,74,2,-10
2025-07-01,S023,P009,145,84,219,0,10
2025-07-01,S023,P010,77,149,5,-1,220
2025-07-01,S023,P011,185,49,213,1,20
2025-07-01,S023,P012,26,93,92,3,24
2025-07-01,S023,P013,66,24,57,0,33
2025-07-01,S023,P014,189,141,268,0,62
2025-07-01,S023,P015,112,121,160,0,73
2025-07-01,S023,P016,29,48,24,0,53
2025-07-01,S023,P017,206,94,215,1,84
2025-07-01,S023,P018,163,59,188,0,34
2025-07-01,S023,P019,37,126,135,0,28
2025-07-01,S023,P020,126,116,23,2,217
2025-07-01,S024,P001,120,24,60,1,83
2025-07-01,S024,P002,71,12,82,0,1
2025-07-01,S024,P003,222,88,216,1,93
2025-07-01,S024,P004,136,99,147,0,88
2025-07-01,S024,P005,38,25,11,3,49
2025-07-01,S024,P006,128,63,50,2,139
2025-07-01,S024,P007,129,41,164,0,6
2025-07-01,S024,P008,151,92,48,2,193
2025-07-01,S024,P009,208,65,149,2,122
2025-07-01,S024,P010,83,135,104,0,114
2025-07-01,S024,P011,84,42,12,2,112
2025-07-01,S024,P012,175,70,100,0,145
2025-07-01,S024,P013,120,112,160,0,72
2025-07-01,S024,P014,37,155,87,0,105
2025-07-01,S024,P015,36,60,53,0,43
2025-07-01,S024,P016,97,80,117,2,58
2025-07-01,S024,P017,226,130,241,0,115
2025-07-01,S024,P018,23,78,71,3,27
2025-07-01,S024,P019,205,125,234,3,93
2025-07-01,S024,P020,91,98,20,0,169
2025-07-01,S025,P001,157,68,19,2,204
2025-07-01,S025,P002,27,74,68,0,33
2025-07-01,S025,P003,130,162,204,1,87
2025-07-01,S025,P004,238,137,308,1,66
2025-07-01,S025,P005,131,43,117,0,57
2025-07-01,S025,P006,177,179,325,2,29
2025-07-01,S025,P007,121,127,181,3,64
2025-07-01,S025,P008,166,17,31,3,149
2025-07-01,S025,P009,135,100,120,0,115
2025-07-01,S025,P010,195,55,12,1,237
2025-07-01,S025,P011,137,20,124,1,32
2025-07-01,S025,P012,183,48,137,0,94
2025-07-01,S025,P013,154,81,181,0,54
2025-07-01,S025,P014,87,59,55,2,89
2025-07-01,S025,P015,44,144,90,0,98
2025-07-01,S025,P016,31,53,58,3,23
2025-07-01,S025,P017,75,153,190,0,38
2025-07-01,S025,P018,150,48,94,0,104
2025-07-01,S025,P019,156,131,221,2,64
2025-07-01,S025,P020,225,103,72,0,256
2025-07-01,S026,P001,124,105,184,0,45
2025-07-01,S026,P002,248,147,308,3,84
2025-07-01,S026,P003,162,3,34,2,129
2025-07-01,S026,P004,171,157,295,0,33
2025-07-01,S026,P005,164,28,97,2,93
2025-07-01,S026,P006,193,99,86,0,206
2025-07-01,S026,P007,215,16,205,1,25
2025-07-01,S026,P008,109,123,227,0,5
2025-07-01,S026,P009,234,161,148,0,247
2025-07-01,S026,P010,107,114,175,0,46
2025-07-01,S026,P011,246,179,140,0,285
2025-07-01,S026,P012,79,25,50,2,52
2025-07-01,S026,P013,194,159,148,0,205
2025-07-01,S026,P014,57,155,200,2,10
2025-07-01,S026,P015,232,145,311,2,64
2025-07-01,S026,P016,63,170,159,3,71
2025-07-01,S026,P017,124,21,57,3,85
2025-07-01,S026,P018,216,164,263,0,117
2025-07-01,S026,P019,191,128,158,3,158
2025-07-01,S026,P020,236,116,164,0,188
2025-07-01,S027,P001,59,111,160,0,10
2025-07-01,S027,P002,82,98,132,2,46
2025-07-01,S027,P003,86,117,191,3,9
2025-07-01,S027,P004,219,88,79,0,228
2025-07-01,S027,P005,81,154,49,2,184
2025-07-01,S027,P006,115,23,108,3,27
2025-07-01,S027,P007,82,170,65,0,187
2025-07-01,S027,P008,37,84,23,0,98
2025-07-01,S027,P009,211,86,8,0,289
2025-07-01,S027,P010,163,105,72,0,196
2025-07-01,S027,P011,25,67,19,0,73
2025-07-01,S027,P012,204,4,14,3,191
2025-07-01,S027,P013,177,86,235,0,28
2025-07-01,S027,P014,243,168,102,0,309
2025-07-01,S027,P015,88,95,78,0,105
2025-07-01,S027,P016,215,87,72,0,230
2025-07-01,S027,P017,180,24,75,0,129
2025-07-01,S027,P018,156,95,65,3,183
2025-07-01,S027,P019,247,10,32,2,223
2025-07-01,S027,P020,46,167,157,0,56
2025-07-01,S028,P001,91,24,80,3,32
2025-07-01,S028,P002,139,115,240,0,14
2025-07-01,S028,P003,134,72,170,3,33
2025-07-01,S028,P004,218,110,245,0,83
2025-07-01,S028,P005,148,134,204,2,76
2025-07-01,S028,P006,25,70,64,1,30
2025-07-01,S028,P007,175,132,89,0,218
2025-07-01,S028,P008,114,133,48,0,199
2025-07-01,S028,P009,194,143,313,-1,23
2025-07-01,S028,P010,53,22,62,0,13
2025-07-01,S028,P011,224,142,34,0,332
2025-07-01,S028,P012,174,176,234,3,113
2025-07-01,S028,P013,102,126,54,0,174
2025-07-01,S028,P014,54,180,93,0,141
2025-07-01,S028,P015,201,29,156,0,74
2025-07-01,S028,P016,37,79,44,0,72
2025-07-01,S028,P017,97,171,247,0,21
2025-07-01,S028,P018,94,14,40,0,68
2025-07-01,S028,P019,130,13,6,0,137
2025-07-01,S028,P020,143,15,15,1,142
2025-07-01,S029,P001,160,103,67,0,196
2025-07-01,S029,P002,133,23,12,1,143
2025-07-01,S029,P003,156,108,198,0,66
2025-07-01,S029,P004,155,100,24,2,229
2025-07-01,S029,P005,104,15,0,3,116
2025-07-01,S029,P006,163,132,263,2,30
2025-07-01,S029,P007,136,9,34,2,109
2025-07-01,S029,P008,61,44,13,3,89
2025-07-01,S029,P009,248,112,333,2,25
2025-07-01,S029,P010,207,84,283,1,7
2025-07-01,S029,P011,171,164,126,1,208
2025-07-01,S029,P012,231,172,127,1,275
2025-07-01,S029,P013,33,86,57,0,62
2025-07-01,S029,P014,168,27,152,0,43
2025-07-01,S029,P015,105,133,41,2,195
2025-07-01,S029,P016,139,45,56,0,128
2025-07-01,S029,P017,165,37,25,2,-10
2025-07-01,S029,P018,167,136,26,0,277
2025-07-01,S029,P019,141,27,46,0,122
2025-07-01,S029,P020,96,64,126,0,34
2025-07-01,S030,P001,98,81,4,0,175
2025-07-01,S030,P002,110,111,76,0,145
2025-07-01,S030,P003,95,174,142,3,124
2025-07-01,S030,P004,74,50,93,2,29
2025-07-01,S030,P005,25,119,31,0,113
2025-07-01,S030,P006,173,148,28,0,293
2025-07-01,S030,P007,41,24,65,0,0
2025-07-01,S030,P008,95,83,8,1,169
2025-07-01,S030,P009,100,93,171,0,22
2025-07-01,S030,P010,207,69,62,0,214
2025-07-01,S030,P011,27,39,42,3,21
2025-07-01,S030,P012,111,109,87,2,131
2025-07-01,S030,P013,117,147,198,0,66
2025-07-01,S030,P014,106,160,145,3,118
2025-07-01,S030,P015,113,127,147,3,90
2025-07-01,S030,P016,132,131,236,0,27
2025-07-01,S030,P017,71,121,69,3,120
2025-07-01,S030,P018,59,77,107,2,27
2025-07-01,S030,P019,76,34,21,0,89
2025-07-01,S030,P020,59,24,20,0,63
2025-07-01,S031,P001,188,27,20,0,195
2025-07-01,S031,P002,202,23,167,1,57
2025-07-01,S031,P003,56,124,9,0,171
2025-07-01,S031,P004,208,36,168,0,76
2025-07-01,S031,P005,41,4,13,0,32
2025-07-01,S031,P006,218,42,4,3,253
2025-07-01,S031,P007,245,4,175,0,74
2025-07-01,S031,P008,158,46,133,0,71
2025-07-01,S031,P009,47,55,68,1,33
2025-07-01,S031,P010,175,165,294,1,45
2025-07-01,S031,P011,74,0,64,0,10
2025-07-01,S031,P012,42,145,126,3,58
2025-07-01,S031,P013,206,106,239,2,71
2025-07-01,S031,P014,238,94,230,2,100
2025-07-01,S031,P015,97,169,223,0,43
2025-07-01,S031,P016,201,44,116,3,126
2025-07-01,S031,P017,117,22,35,0,104
2025-07-01,S031,P018,107,35,5,1,136
2025-07-01,S031,P019,79,67,99,1,46
2025-07-01,S031,P020,221,89,140,1,169
2025-07-01,S032,P001,209,75,260,0,24
2025-07-01,S032,P002,143,48,134,3,54
2025-07-01,S032,P003,83,151,72,3,159
2025-07-01,S032,P004,233,55,269,0,19
2025-07-01,S032,P005,196,152,117,0,231
2025-07-01,S032,P006,31,165,101,0,95
2025-07-01,S032,P007,66,3,58,3,8
2025-07-01,S032,P008,217,25,215,0,27
2025-07-01,S032,P009,118,23,13,3,125
2025-07-01,S032,P010,132,156,181,0,107
2025-07-01,S032,P011,42,148,14,2,174
2025-07-01,S032,P012,80,117,194,1,2
2025-07-01,S032,P013,165,126,210,0,81
2025-07-01,S032,P014,135,49,78,0,106
2025-07-01,S032,P015,235,106,55,2,284
2025-07-01,S032,P016,72,124,69,1,126
2025-07-01,S032,P017,50,41,46,2,43
2025-07-01,S032,P018,95,14,83,1,25
2025-07-01,S032,P019,194,27,216,0,5
2025-07-01,S032,P020,81,92,45,1,127
2025-07-01,S033,P001,133,39,29,2,141
2025-07-01,S033,P002,73,59,2,0,130
2025-07-01,S033,P003,218,26,129,3,112
2025-07-01,S033,P004,127,57,51,0,133
2025-07-01,S033,P005,25,34,0,2,57
2025-07-01,S033,P006,129,31,91,0,69
2025-07-01,S033,P007,148,112,142,3,115
2025-07-01,S033,P008,135,96,100,0,131
2025-07-01,S033,P009,82,48,125,0,5
2025-07-01,S033,P010,112,135,94,3,150
2025-07-01,S033,P011,143,45,57,0,131
2025-07-01,S033,P012,173,48,115,1,105
2025-07-01,S033,P013,101,128,202,3,24
2025-07-01,S033,P014,227,45,246,0,26
2025-07-01,S033,P015,127,24,77,1,73
2025-07-01,S033,P016,60,179,159,0,80
2025-07-01,S033,P017,52,22,24,2,48
2025-07-01,S033,P018,78,107,109,0,76
2025-07-01,S033,P019,30,89,93,0,26
2025-07-01,S033,P020,62,144,2,0,204
2025-07-01,S034,P001,33,118,2,0,149
2025-07-01,S034,P002,212,45,174,0,83
2025-07-01,S034,P003,169,101,54,1,215
2025-07-01,S034,P004,209,75,48,1,235
2025-07-01,S034,P005,201,61,151,0,111
2025-07-01,S034,P006,24,55,10,0,69
2025-07-01,S034,P007,109,165,252,0,22
2025-07-01,S034,P008,232,146,331,2,45
2025-07-01,S034,P009,20,104,7,1,116
2025-07-01,S034,P010,114,62,94,1,81
2025-07-01,S034,P011,147,29,77,2,97
2025-07-01,S034,P012,107,3,69,2,39
2025-07-01,S034,P013,222,174,226,0,170
2025-07-01,S034,P014,93,81,103,0,71
2025-07-01,S034,P015,215,38,138,0,115
2025-07-01,S034,P016,247,146,34,1,358
2025-07-01,S034,P017,83,118,141,1,59
2025-07-01,S034,P018,166,179,227,3,115
2025-07-01,S034,P019,169,160,10,0,319
2025-07-01,S034,P020,202,60,88,0,174
2025-07-01,S035,P001,59,166,177,0,48
2025-07-01,S035,P002,217,19,39,0,197
2025-07-01,S035,P003,207,76,91,0,192
2025-07-01,S035,P004,45,27,69,0,3
2025-07-01,S035,P005,96,100,42,3,151
2025-07-01,S035,P006,229,112,150,0,191
2025-07-01,S035,P007,128,115,240,2,1
2025-07-01,S035,P008,172,57,154,2,73
2025-07-01,S035,P009,176,112,247,0,41
2025-07-01,S035,P010,37,172,65,0,144
2025-07-01,S035,P011,146,148,187,0,107
2025-07-01,S035,P012,171,180,218,0,133
2025-07-01,S035,P013,239,105,182,0,162
2025-07-01,S035,P014,138,90,55,2,171
2025-07-01,S035,P015,51,37,19,0,69
2025-07-01,S035,P016,93,165,106,3,149
2025-07-01,S035,P017,79,74,150,0,3
2025-07-01,S035,P018,182,72,202,3,49
2025-07-01,S035,P019,240,8,210,1,37
2025-07-01,S035,P020,149,29,58,2,118
2025-08-01,S001,P001,165,0,36,0,129
2025-08-01,S001,P002,90,4,76,0,18
2025-08-01,S001,P003,77,75,122,2,28
2025-08-01,S001,P004,194,126,81,0,239
2025-08-01,S001,P005,207,141,114,2,232
2025-08-01,S001,P006,104,150,188,3,63
2025-08-01,S001,P007,59,91,58,2,90
2025-08-01,S001,P008,107,60,53,1,113
2025-08-01,S001,P009,128,132,180,0,80
2025-08-01,S001,P010,29,16,15,0,30
2025-08-01,S001,P011,238,38,4,0,272
2025-08-01,S001,P012,73,57,124,3,3
2025-08-01,S001,P013,230,97,287,0,40
2025-08-01,S001,P014,87,71,145,3,10
2025-08-01,S001,P015,86,158,206,3,35
2025-08-01,S001,P016,98,15,45,3,65
2025-08-01,S001,P017,234,16,33,0,217
2025-08-01,S001,P018,103,58,98,0,63
2025-08-01,S001,P019,101,106,207,3,0
2025-08-01,S001,P020,172,90,46,0,216
2025-08-01,S002,P001,220,24,198,0,46
2025-08-01,S002,P002,87,171,119,0,139
2025-08-01,S002,P003,46,177,171,2,50
2025-08-01,S002,P004,165,73,142,0,96
2025-08-01,S002,P005,94,27,31,0,90
2025-08-01,S002,P006,242,165,400,0,7
2025-08-01,S002,P007,220,6,140,1,85
2025-08-01,S002,P008,187,2,70,0,119
2025-08-01,S002,P009,76,87,130,0,33
2025-08-01,S002,P010,76,169,127,0,118
2025-08-01,S002,P011,124,153,130,2,145
2025-08-01,S002,P012,49,107,8,3,145
2025-08-01,S002,P013,38,178,54,1,161
2025-08-01,S002,P014,211,61,34,0,238
2025-08-01,S002,P015,109,64,140,2,31
2025-08-01,S002,P016,169,79,132,0,116
2025-08-01,S002,P017,39,49,33,0,55
2025-08-01,S002,P018,209,100,269,2,38
2025-08-01,S002,P019,34,88,62,3,57
2025-08-01,S002,P020,173,179,194,3,155
2025-08-01,S003,P001,79,8,47,2,38
2025-08-01,S003,P002,25,177,145,3,54
2025-08-01,S003,P003,142,95,201,0,36
2025-08-01,S003,P004,195,153,158,1,189
2025-08-01,S003,P005,179,137,58,0,258
2025-08-01,S003,P006,20,2,11,1,10
2025-08-01,S003,P007,246,166,30,1,381
2025-08-01,S003,P008,133,25,134,1,23
2025-08-01,S003,P009,186,143,130,0,199
2025-08-01,S003,P010,174,48,162,0,60
2025-08-01,S003,P011,32,119,42,2,107
2025-08-01,S003,P012,52,108,72,0,88
2025-08-01,S003,P013,195,83,133,0,145
2025-08-01,S003,P014,244,158,110,2,290
2025-08-01,S003,P015,29,105,101,1,32
2025-08-01,S003,P016,40,144,40,0,144
2025-08-01,S003,P017,172,94,204,1,61
2025-08-01,S003,P018,102,1,72,3,28
2025-08-01,S003,P019,63,39,23,0,79
2025-08-01,S003,P020,163,57,124,2,94
2025-08-01,S004,P001,60,69,76,3,50
2025-08-01,S004,P002,41,96,53,0,84
2025-08-01,S004,P003,87,161,176,1,71
2025-08-01,S004,P004,239,149,241,0,147
2025-08-01,S004,P005,248,101,87,0,262
2025-08-01,S004,P006,41,164,139,1,65
2025-08-01,S004,P007,151,69,190,0,30
2025-08-01,S004,P008,174,11,18,0,167
2025-08-01,S004,P009,87,89,139,2,35
2025-08-01,S004,P010,226,87,68,0,245
2025-08-01,S004,P011,81,8,14,0,75
2025-08-01,S004,P012,77,14,67,0,24
2025-08-01,S004,P013,148,82,106,3,121
2025-08-01,S004,P014,23,67,20,0,70
2025-08-01,S004,P015,200,164,352,1,11
2025-08-01,S004,P016,126,138,89,3,172
2025-08-01,S004,P017,79,5,73,2,9
2025-08-01,S004,P018,250,85,271,3,61
2025-08-01,S004,P019,181,20,81,0,120
2025-08-01,S004,P020,98,78,167,3,6
2025-08-01,S005,P001,65,67,44,0,88
2025-08-01,S005,P002,186,137,79,3,241
2025-08-01,S005,P003,35,60,58,0,37
2025-08-01,S005,P004,182,84,51,2,213
2025-08-01,S005,P005,180,46,60,0,166
2025-08-01,S005,P006,163,142,130,0,175
2025-08-01,S005,P007,167,18,74,1,110
2025-08-01,S005,P008,104,62,104,3,59
2025-08-01,S005,P009,173,14,19,0,168
2025-08-01,S005,P010,165,146,296,0,15
2025-08-01,S005,P011,229,14,203,0,40
2025-08-01,S005,P012,45,20,30,0,35
2025-08-01,S005,P013,175,145,79,2,239
2025-08-01,S005,P014,36,91,71,0,56
2025-08-01,S005,P015,38,156,168,3,23
2025-08-01,S005,P016,178,126,10,2,292
2025-08-01,S005,P017,85,14,16,0,83
2025-08-01,S005,P018,121,75,76,0,120
2025-08-01,S005,P019,96,90,150,0,36
2025-08-01,S005,P020,122,20,16,2,124
2025-08-01,S006,P001,89,82,38,0,133
2025-08-01,S006,P002,178,15,122,0,71
2025-08-01,S006,P003,61,109,137,3,30
2025-08-01,S006,P004,141,65,85,1,120
2025-08-01,S006,P005,110,24,104,2,28
2025-08-01,S006,P006,147,137,39,3,242
2025-08-01,S006,P007,217,58,148,0,127
2025-08-01,S006,P008,197,133,282,2,46
2025-08-01,S006,P009,81,45,0,3,123
2025-08-01,S006,P010,192,38,24,0,206
2025-08-01,S006,P011,58,27,7,2,76
2025-08-01,S006,P012,34,60,34,2,58
2025-08-01,S006,P013,187,177,71,3,290
2025-08-01,S006,P014,185,165,84,3,263
2025-08-01,S006,P015,216,49,104,0,161
2025-08-01,S006,P016,168,108,65,0,211
2025-08-01,S006,P017,125,108,148,-1,84
2025-08-01,S006,P018,147,152,118,3,178
2025-08-01,S006,P019,104,161,183,0,82
2025-08-01,S006,P020,194,131,200,2,123
2025-08-01,S007,P001,221,152,114,0,259
2025-08-01,S007,P002,78,64,100,0,42
2025-08-01,S007,P003,52,137,67,1,121
2025-08-01,S007,P004,125,118,165,3,75
2025-08-01,S007,P005,199,107,9,1,296
2025-08-01,S007,P006,33,93,65,1,60
2025-08-01,S007,P007,128,103,78,2,151
2025-08-01,S007,P008,236,166,390,0,12
2025-08-01,S007,P009,203,97,277,0,23
2025-08-01,S007,P010,133,109,67,0,175
2025-08-01,S007,P011,32,172,28,0,176
2025-08-01,S007,P012,107,9,27,3,86
2025-08-01,S007,P013,98,134,16,2,214
2025-08-01,S007,P014,70,146,96,0,120
2025-08-01,S007,P015,142,57,56,3,140
2025-08-01,S007,P016,144,14,296,0,84
2025-08-01,S007,P017,183,172,219,0,136
2025-08-01,S007,P018,225,101,66,2,258
2025-08-01,S007,P019,94,131,218,3,4
2025-08-01,S007,P020,184,63,7,0,240
2025-08-01,S008,P001,241,158,141,0,258
2025-08-01,S008,P002,152,104,63,0,193
2025-08-01,S008,P003,63,135,20,3,175
2025-08-01,S008,P004,175,152,233,0,94
2025-08-01,S008,P005,173,60,51,0,182
2025-08-01,S008,P006,57,171,52,3,173
2025-08-01,S008,P007,168,158,256,0,70
2025-08-01,S008,P008,132,45,85,2,90
2025-08-01,S008,P009,200,15,71,0,144
2025-08-01,S008,P010,174,171,99,3,243
2025-08-01,S008,P011,123,162,105,1,179
2025-08-01,S008,P012,134,176,100,2,208
2025-08-01,S008,P013,209,108,224,3,90
2025-08-01,S008,P014,85,129,60,0,154
2025-08-01,S008,P015,43,45,3,3,82
2025-08-01,S008,P016,150,96,48,3,195
2025-08-01,S008,P017,131,27,107,0,51
2025-08-01,S008,P018,53,150,45,1,157
2025-08-01,S008,P019,229,161,365,0,25
2025-08-01,S008,P020,224,19,170,2,71
2025-08-01,S009,P001,243,169,249,1,162
2025-08-01,S009,P002,88,159,181,2,64
2025-08-01,S009,P003,143,64,152,3,166
2025-08-01,S009,P004,104,69,29,1,143
2025-08-01,S009,P005,242,125,288,1,78
2025-08-01,S009,P006,106,53,134,0,25
2025-08-01,S009,P007,28,0,5,2,21
2025-08-01,S009,P008,229,107,159,0,177
2025-08-01,S009,P009,227,113,327,3,10
2025-08-01,S009,P010,217,118,208,0,127
2025-08-01,S009,P011,228,177,225,0,180
2025-08-01,S009,P012,100,88,62,0,126
2025-08-01,S009,P013,228,177,283,3,119
2025-08-01,S009,P014,89,72,140,3,18
2025-08-01,S009,P015,37,129,110,0,56
2025-08-01,S009,P016,34,89,1,0,122
2025-08-01,S009,P017,23,55,1,0,77
2025-08-01,S009,P018,116,57,33,1,139
2025-08-01,S009,P019,187,63,195,0,55
2025-08-01,S009,P020,230,19,94,0,155
2025-08-01,S010,P001,89,111,2,0,198
2025-08-01,S010,P002,171,95,63,1,202
2025-08-01,S010,P003,177,119,245,3,48
2025-08-01,S010,P004,55,15,16,2,52
2025-08-01,S010,P005,224,167,192,1,198
2025-08-01,S010,P006,43,57,64,1,35
2025-08-01,S010,P007,127,69,137,0,59
2025-08-01,S010,P008,37,43,19,0,61
2025-08-01,S010,P009,45,8,30,0,23
2025-08-01,S010,P010,138,115,54,2,197
2025-08-01,S010,P011,79,91,2,0,168
2025-08-01,S010,P012,230,113,301,2,40
2025-08-01,S010,P013,114,46,116,1,43
2025-08-01,S010,P014,182,15,129,0,68
2025-08-01,S010,P015,64,66,40,0,90
2025-08-01,S010,P016,53,164,75,0,142
2025-08-01,S010,P017,76,76,120,1,31
2025-08-01,S010,P018,159,52,37,0,174
2025-08-01,S010,P019,61,152,43,0,170
2025-08-01,S010,P020,76,117,168,2,23
2025-08-01,S011,P001,221,54,39,0,236
2025-08-01,S011,P002,161,164,151,3,171
2025-08-01,S011,P003,33,25,21,3,34
2025-08-01,S011,P004,90,112,130,1,71
2025-08-01,S011,P005,248,158,371,1,34
2025-08-01,S011,P006,214,94,142,2,164
2025-08-01,S011,P007,197,62,25,3,231
2025-08-01,S011,P008,51,103,4,0,150
2025-08-01,S011,P009,150,116,191,0,75
2025-08-01,S011,P010,45,135,25,1,154
2025-08-01,S011,P011,80,143,181,0,42
2025-08-01,S011,P012,43,49,26,0,66
2025-08-01,S011,P013,170,173,199,0,144
2025-08-01,S011,P014,232,57,209,0,80
2025-08-01,S011,P015,217,42,91,0,168
2025-08-01,S011,P016,212,175,83,3,301
2025-08-01,S011,P017,40,17,27,0,30
2025-08-01,S011,P018,137,7,36,0,108
2025-08-01,S011,P019,151,126,263,1,13
2025-08-01,S011,P020,26,84,41,3,66
2025-08-01,S012,P001,79,168,7,0,240
2025-08-01,S012,P002,242,90,254,0,78
2025-08-01,S012,P003,66,50,112,1,3
2025-08-01,S012,P004,181,125,161,0,145
2025-08-01,S012,P005,35,153,53,0,135
2025-08-01,S012,P006,111,136,185,3,59
2025-08-01,S012,P007,102,126,127,1,100
2025-08-01,S012,P008,141,103,30,0,214
2025-08-01,S012,P009,174,106,132,2,146
2025-08-01,S012,P010,99,86,15,1,169
2025-08-01,S012,P011,59,97,134,3,19
2025-08-01,S012,P012,224,113,15,0,322
2025-08-01,S012,P013,133,117,59,0,191
2025-08-01,S012,P014,228,136,329,0,35
2025-08-01,S012,P015,174,154,133,3,192
2025-08-01,S012,P016,247,155,42,2,358
2025-08-01,S012,P017,246,62,228,0,80
2025-08-01,S012,P018,125,50,114,3,58
2025-08-01,S012,P019,156,173,154,0,175
2025-08-01,S012,P020,58,136,98,0,96
2025-08-01,S013,P001,249,151,349,2,49
2025-08-01,S013,P002,137,165,249,3,50
2025-08-01,S013,P003,57,92,137,3,9
2025-08-01,S013,P004,208,136,152,3,189
2025-08-01,S013,P005,196,7,63,0,140
2025-08-01,S013,P006,249,18,255,3,9
2025-08-01,S013,P007,153,74,210,2,15
2025-08-01,S013,P008,234,76,140,0,170
2025-08-01,S013,P009,105,179,67,0,217
2025-08-01,S013,P010,201,53,121,2,131
2025-08-01,S013,P011,58,109,122,0,45
2025-08-01,S013,P012,243,164,163,3,241
2025-08-01,S013,P013,120,6,106,3,17
2025-08-01,S013,P014,196,135,154,0,177
2025-08-01,S013,P015,144,123,112,1,154
2025-08-01,S013,P016,118,107,144,0,81
2025-08-01,S013,P017,208,84,292,3,0
2025-08-01,S013,P018,184,23,151,0,56
2025-08-01,S013,P019,30,177,184,2,21
2025-08-01,S013,P020,133,52,28,1,156
2025-08-01,S014,P001,48,124,44,1,127
2025-08-01,S014,P002,247,62,72,-1,237
2025-08-01,S014,P003,239,165,309,0,95
2025-08-01,S014,P004,96,37,113,1,19
2025-08-01,S014,P005,215,120,61,1,273
2025-08-01,S014,P006,57,177,135,2,97
2025-08-01,S014,P007,89,105,159,0,35
2025-08-01,S014,P008,131,152,19,0,264
2025-08-01,S014,P009,205,166,27,0,344
2025-08-01,S014,P010,70,8,22,0,56
2025-08-01,S014,P011,178,59,196,0,41
2025-08-01,S014,P012,186,167,283,0,70
2025-08-01,S014,P013,86,176,67,0,195
2025-08-01,S014,P014,177,166,324,0,19
2025-08-01,S014,P015,176,140,28,3,285
2025-08-01,S014,P016,180,153,46,-1,287
2025-08-01,S014,P017,139,27,88,0,78
2025-08-01,S014,P018,67,111,58,0,120
2025-08-01,S014,P019,64,96,13,0,147
2025-08-01,S014,P020,85,176,149,0,112
2025-08-01,S015,P001,30,130,85,0,75
2025-08-01,S015,P002,217,146,316,0,47
2025-08-01,S015,P003,137,72,208,0,1
2025-08-01,S015,P004,46,18,22,2,40
2025-08-01,S015,P005,226,157,78,0,305
2025-08-01,S015,P006,138,22,4,0,156
2025-08-01,S015,P007,231,169,342,1,57
2025-08-01,S015,P008,238,27,195,1,69
2025-08-01,S015,P009,226,140,57,0,309
2025-08-01,S015,P010,52,128,55,0,125
2025-08-01,S015,P011,185,131,59,0,257
2025-08-01,S015,P012,132,146,109,3,166
2025-08-01,S015,P013,97,167,70,0,194
2025-08-01,S015,P014,38,99,85,3,49
2025-08-01,S015,P015,186,100,150,0,136
2025-08-01,S015,P016,99,52,0,0,151
2025-08-01,S015,P017,83,143,29,1,196
2025-08-01,S015,P018,122,26,64,0,84
2025-08-01,S015,P019,133,89,208,2,12
2025-08-01,S015,P020,214,159,20,0,353
2025-08-01,S016,P001,168,113,232,2,47
2025-08-01,S016,P002,43,144,4,0,183
2025-08-01,S016,P003,227,49,73,2,201
2025-08-01,S016,P004,142,113,179,0,76
2025-08-01,S016,P005,122,61,68,0,115
2025-08-01,S016,P006,165,98,47,2,214
2025-08-01,S016,P007,201,139,110,0,230
2025-08-01,S016,P008,58,139,100,0,97
2025-08-01,S016,P009,92,59,76,1,74
2025-08-01,S016,P010,228,147,263,0,112
2025-08-01,S016,P011,192,104,190,0,106
2025-08-01,S016,P012,100,24,117,2,5
2025-08-01,S016,P013,117,66,38,3,142
2025-08-01,S016,P014,22,176,77,2,119
2025-08-01,S016,P015,135,46,131,0,50
2025-08-01,S016,P016,65,105,20,2,148
2025-08-01,S016,P017,122,146,170,2,96
2025-08-01,S016,P018,149,102,130,3,118
2025-08-01,S016,P019,232,131,195,0,168
2025-08-01,S016,P020,149,119,143,3,122
2025-08-01,S017,P001,26,127,114,3,36
2025-08-01,S017,P002,88,11,47,2,50
2025-08-01,S017,P003,194,143,157,2,178
2025-08-01,S017,P004,44,128,72,0,100
2025-08-01,S017,P005,177,52,56,1,172
2025-08-01,S017,P006,145,160,59,3,243
2025-08-01,S017,P007,38,75,59,0,54
2025-08-01,S017,P008,124,19,47,0,96
2025-08-01,S017,P009,61,87,133,1,14
2025-08-01,S017,P010,174,74,120,0,128
2025-08-01,S017,P011,136,38,119,0,55
2025-08-01,S017,P012,60,51,28,2,81
2025-08-01,S017,P013,69,75,5,2,137
2025-08-01,S017,P014,47,92,103,3,33
2025-08-01,S017,P015,228,49,257,2,18
2025-08-01,S017,P016,212,68,23,3,254
2025-08-01,S017,P017,90,132,33,3,186
2025-08-01,S017,P018,248,90,176,0,162
2025-08-01,S017,P019,160,33,167,1,25
2025-08-01,S017,P020,68,126,85,2,107
2025-08-01,S018,P001,61,51,85,0,27
2025-08-01,S018,P002,148,50,167,0,31
2025-08-01,S018,P003,219,64,232,0,51
2025-08-01,S018,P004,147,37,106,0,78
2025-08-01,S018,P005,204,172,145,1,230
2025-08-01,S018,P006,238,154,309,0,83
2025-08-01,S018,P007,250,108,300,0,58
2025-08-01,S018,P008,128,143,270,1,0
2025-08-01,S018,P009,125,37,21,0,141
2025-08-01,S018,P010,114,14,68,3,57
2025-08-01,S018,P011,201,48,185,2,62
2025-08-01,S018,P012,227,76,258,2,43
2025-08-01,S018,P013,36,155,51,3,137
2025-08-01,S018,P014,240,6,83,0,163
2025-08-01,S018,P015,107,37,125,0,-10
2025-08-01,S018,P016,222,149,47,3,321
2025-08-01,S018,P017,126,145,51,1,219
2025-08-01,S018,P018,48,118,39,1,126
2025-08-01,S018,P019,211,147,313,0,45
2025-08-01,S018,P020,215,29,24,0,220
2025-08-01,S019,P001,89,113,76,0,126
2025-08-01,S019,P002,90,90,151,0,29
2025-08-01,S019,P003,89,54,11,0,132
2025-08-01,S019,P004,211,151,43,0,319
2025-08-01,S019,P005,242,156,308,2,88
2025-08-01,S019,P006,141,115,242,0,14
2025-08-01,S019,P007,140,104,7,2,235
2025-08-01,S019,P008,85,67,82,1,69
2025-08-01,S019,P009,146,158,127,0,177
2025-08-01,S019,P010,73,23,42,0,54
2025-08-01,S019,P011,110,24,80,1,53
2025-08-01,S019,P012,217,51,186,2,80
2025-08-01,S019,P013,190,99,148,1,140
2025-08-01,S019,P014,90,84,12,0,162
2025-08-01,S019,P015,160,53,124,1,88
2025-08-01,S019,P016,45,7,20,0,32
2025-08-01,S019,P017,203,19,21,0,201
2025-08-01,S019,P018,26,94,120,1,0
2025-08-01,S019,P019,61,85,85,0,61
2025-08-01,S019,P020,191,31,94,0,128
2025-08-01,S020,P001,35,116,10,3,138
2025-08-01,S020,P002,235,147,216,0,166
2025-08-01,S020,P003,189,87,23,0,253
2025-08-01,S020,P004,75,33,21,2,85
2025-08-01,S020,P005,170,60,75,2,153
2025-08-01,S020,P006,185,58,68,0,175
2025-08-01,S020,P007,149,82,221,0,10
2025-08-01,S020,P008,103,147,166,2,82
2025-08-01,S020,P009,182,18,28,3,169
2025-08-01,S020,P010,69,163,80,1,151
2025-08-01,S020,P011,205,65,234,1,35
2025-08-01,S020,P012,233,102,211,0,124
2025-08-01,S020,P013,82,38,62,0,58
2025-08-01,S020,P014,110,29,125,2,12
2025-08-01,S020,P015,61,35,81,0,15
2025-08-01,S020,P016,183,108,89,0,202
2025-08-01,S020,P017,68,33,77,2,22
2025-08-01,S020,P018,103,59,149,3,10
2025-08-01,S020,P019,105,111,79,0,137
2025-08-01,S020,P020,46,34,55,0,25
2025-08-01,S021,P001,173,162,71,-1,264
2025-08-01,S021,P002,88,156,38,0,206
2025-08-01,S021,P003,207,44,203,1,47
2025-08-01,S021,P004,23,115,116,2,20
2025-08-01,S021,P005,142,13,19,1,135
2025-08-01,S021,P006,133,103,132,2,102
2025-08-01,S021,P007,238,117,332,1,22
2025-08-01,S021,P008,95,4,6,0,93
2025-08-01,S021,P009,98,174,105,3,164
2025-08-01,S021,P010,106,176,175,0,107
2025-08-01,S021,P011,192,107,119,0,180
2025-08-01,S021,P012,232,47,66,3,210
2025-08-01,S021,P013,236,137,311,0,62
2025-08-01,S021,P014,243,145,348,3,37
2025-08-01,S021,P015,213,36,116,0,133
2025-08-01,S021,P016,77,108,134,0,51
2025-08-01,S021,P017,65,161,44,0,182
2025-08-01,S021,P018,124,126,186,0,64
2025-08-01,S021,P019,162,20,129,0,53
2025-08-01,S021,P020,104,132,195,2,39
2025-08-01,S022,P001,106,54,144,1,15
2025-08-01,S022,P002,234,161,352,0,43
2025-08-01,S022,P003,56,164,123,0,97
2025-08-01,S022,P004,129,27,12,0,144
2025-08-01,S022,P005,193,121,284,3,27
2025-08-01,S022,P006,68,136,7,0,197
2025-08-01,S022,P007,39,95,85,3,46
2025-08-01,S022,P008,53,35,25,1,62
2025-08-01,S022,P009,73,18,57,0,34
2025-08-01,S022,P010,43,8,12,0,39
2025-08-01,S022,P011,158,12,76,0,94
2025-08-01,S022,P012,230,132,265,0,97
2025-08-01,S022,P013,235,100,203,2,130
2025-08-01,S022,P014,189,113,22,0,280
2025-08-01,S022,P015,170,143,245,1,67
2025-08-01,S022,P016,131,121,126,3,123
2025-08-01,S022,P017,178,2,126,0,54
2025-08-01,S022,P018,143,9,108,3,41
2025-08-01,S022,P019,218,173,3,0,388
2025-08-01,S022,P020,150,8,63,0,-10
2025-08-01,S023,P001,108,139,178,3,66
2025-08-01,S023,P002,26,60,80,0,6
2025-08-01,S023,P003,103,61,42,0,122
2025-08-01,S023,P004,77,137,123,0,91
2025-08-01,S023,P005,202,177,311,3,65
2025-08-01,S023,P006,127,38,95,0,70
2025-08-01,S023,P007,101,121,111,0,111
2025-08-01,S023,P008,202,133,668,0,168
2025-08-01,S023,P009,160,171,90,1,240
2025-08-01,S023,P010,236,101,226,0,111
2025-08-01,S023,P011,57,143,69,0,131
2025-08-01,S023,P012,71,128,189,2,8
2025-08-01,S023,P013,167,36,152,3,48
2025-08-01,S023,P014,211,146,75,3,279
2025-08-01,S023,P015,66,128,93,0,101
2025-08-01,S023,P016,199,135,50,0,284
2025-08-01,S023,P017,191,92,9,3,271
2025-08-01,S023,P018,235,60,223,0,72
2025-08-01,S023,P019,246,32,240,0,38
2025-08-01,S023,P020,21,172,105,0,88
2025-08-01,S024,P001,240,147,122,3,262
2025-08-01,S024,P002,58,175,76,0,157
2025-08-01,S024,P003,101,38,121,0,18
2025-08-01,S024,P004,47,105,100,0,52
2025-08-01,S024,P005,98,121,88,0,131
2025-08-01,S024,P006,89,58,133,0,14
2025-08-01,S024,P007,184,8,160,2,30
2025-08-01,S024,P008,164,119,66,2,215
2025-08-01,S024,P009,89,174,112,0,151
2025-08-01,S024,P010,61,136,197,3,0
2025-08-01,S024,P011,247,93,73,1,266
2025-08-01,S024,P012,44,44,81,2,5
2025-08-01,S024,P013,201,42,83,3,157
2025-08-01,S024,P014,45,159,177,0,27
2025-08-01,S024,P015,187,140,155,2,170
2025-08-01,S024,P016,217,76,279,1,13
2025-08-01,S024,P017,74,180,440,2,142
2025-08-01,S024,P018,201,66,261,0,6
2025-08-01,S024,P019,199,135,120,0,214
2025-08-01,S024,P020,98,141,199,2,38
2025-08-01,S025,P001,123,152,182,2,91
2025-08-01,S025,P002,231,78,53,0,256
2025-08-01,S025,P003,80,43,4,0,119
2025-08-01,S025,P004,99,81,99,3,78
2025-08-01,S025,P005,242,99,315,3,23
2025-08-01,S025,P006,54,4,7,3,48
2025-08-01,S025,P007,211,6,12,3,202
2025-08-01,S025,P008,106,54,101,0,59
2025-08-01,S025,P009,218,4,158,0,64
2025-08-01,S025,P010,74,171,85,2,158
2025-08-01,S025,P011,31,178,15,1,193
2025-08-01,S025,P012,152,164,285,3,28
2025-08-01,S025,P013,96,1,68,2,27
2025-08-01,S025,P014,250,0,1,0,249
2025-08-01,S025,P015,190,42,82,1,149
2025-08-01,S025,P016,214,126,130,0,210
2025-08-01,S025,P017,156,178,155,0,179
2025-08-01,S025,P018,225,180,343,3,59
2025-08-01,S025,P019,103,135,100,2,136
2025-08-01,S025,P020,112,69,178,0,3
2025-08-01,S026,P001,146,99,196,0,49
2025-08-01,S026,P002,90,126,125,0,91
2025-08-01,S026,P003,69,140,117,1,91
2025-08-01,S026,P004,59,2,16,0,45
2025-08-01,S026,P005,56,156,146,2,64
2025-08-01,S026,P006,153,7,28,0,132
2025-08-01,S026,P007,91,54,0,0,145
2025-08-01,S026,P008,41,119,72,3,85
2025-08-01,S026,P009,121,0,60,0,61
2025-08-01,S026,P010,207,47,218,3,33
2025-08-01,S026,P011,195,23,105,2,111
2025-08-01,S026,P012,163,48,199,3,9
2025-08-01,S026,P013,150,175,109,3,213
2025-08-01,S026,P014,72,116,56,0,132
2025-08-01,S026,P015,208,24,220,0,12
2025-08-01,S026,P016,167,61,5,0,223
2025-08-01,S026,P017,207,82,19,0,270
2025-08-01,S026,P018,102,59,155,0,6
2025-08-01,S026,P019,104,127,224,3,4
2025-08-01,S026,P020,236,44,62,0,218
2025-08-01,S027,P001,192,89,150,3,128
2025-08-01,S027,P002,27,57,71,0,13
2025-08-01,S027,P003,81,11,1,0,91
2025-08-01,S027,P004,173,97,4,2,264
2025-08-01,S027,P005,128,156,272,0,12
2025-08-01,S027,P006,187,121,241,0,67
2025-08-01,S027,P007,53,102,134,2,19
2025-08-01,S027,P008,119,176,62,0,233
2025-08-01,S027,P009,199,127,169,1,156
2025-08-01,S027,P010,131,117,172,1,75
2025-08-01,S027,P011,79,61,75,0,65
2025-08-01,S027,P012,67,128,81,1,113
2025-08-01,S027,P013,97,12,64,0,45
2025-08-01,S027,P014,100,36,42,0,94
2025-08-01,S027,P015,88,174,120,0,142
2025-08-01,S027,P016,98,71,51,3,115
2025-08-01,S027,P017,194,101,61,0,234
2025-08-01,S027,P018,114,68,100,0,82
2025-08-01,S027,P019,107,4,38,0,73
2025-08-01,S027,P020,161,116,118,0,159
2025-08-01,S028,P001,45,143,89,0,99
2025-08-01,S028,P002,183,34,20,3,194
2025-08-01,S028,P003,47,90,104,1,32
2025-08-01,S028,P004,45,145,18,0,172
2025-08-01,S028,P005,23,112,102,0,33
2025-08-01,S028,P006,197,120,309,0,8
2025-08-01,S028,P007,28,8,28,2,6
2025-08-01,S028,P008,111,106,193,1,23
2025-08-01,S028,P009,61,35,24,2,70
2025-08-01,S028,P010,118,144,198,2,62
2025-08-01,S028,P011,62,30,52,2,38
2025-08-01,S028,P012,148,110,46,0,212
2025-08-01,S028,P013,54,36,33,0,57
2025-08-01,S028,P014,239,16,244,1,10
2025-08-01,S028,P015,140,91,145,0,86
2025-08-01,S028,P016,209,87,120,0,176
2025-08-01,S028,P017,24,18,38,0,4
2025-08-01,S028,P018,160,17,83,1,93
2025-08-01,S028,P019,106,173,187,2,90
2025-08-01,S028,P020,127,19,134,0,12
2025-08-01,S029,P001,73,73,92,3,51
2025-08-01,S029,P002,182,102,175,0,109
2025-08-01,S029,P003,153,170,196,1,126
2025-08-01,S029,P004,73,33,26,0,80
2025-08-01,S029,P005,96,78,29,0,145
2025-08-01,S029,P006,211,138,133,2,214
2025-08-01,S029,P007,164,122,187,0,99
2025-08-01,S029,P008,85,165,110,3,137
2025-08-01,S029,P009,73,154,186,0,41
2025-08-01,S029,P010,118,8,114,1,11
2025-08-01,S029,P011,33,37,32,0,38
2025-08-01,S029,P012,62,38,88,2,10
2025-08-01,S029,P013,89,67,48,0,108
2025-08-01,S029,P014,177,27,116,0,88
2025-08-01,S029,P015,178,101,156,0,123
2025-08-01,S029,P016,143,82,96,2,127
2025-08-01,S029,P017,97,113,168,0,42
2025-08-01,S029,P018,140,116,214,0,42
2025-08-01,S029,P019,64,23,73,0,14
2025-08-01,S029,P020,30,40,44,3,23
2025-08-01,S030,P001,93,21,36,1,77
2025-08-01,S030,P002,69,166,122,1,112
2025-08-01,S030,P003,248,128,108,3,265
2025-08-01,S030,P004,52,54,29,0,77
2025-08-01,S030,P005,180,117,15,0,282
2025-08-01,S030,P006,63,8,39,0,32
2025-08-01,S030,P007,32,5,15,2,20
2025-08-01,S030,P008,190,58,169,1,78
2025-08-01,S030,P009,150,13,57,3,103
2025-08-01,S030,P010,68,81,37,0,112
2025-08-01,S030,P011,149,6,68,2,85
2025-08-01,S030,P012,74,157,148,3,80
2025-08-01,S030,P013,135,32,108,1,58
2025-08-01,S030,P014,198,59,94,3,160
2025-08-01,S030,P015,183,86,186,2,81
2025-08-01,S030,P016,98,150,204,0,44
2025-08-01,S030,P017,183,25,1,2,205
2025-08-01,S030,P018,212,144,224,0,132
2025-08-01,S030,P019,182,36,207,2,9
2025-08-01,S030,P020,56,29,5,2,78
2025-08-01,S031,P001,32,69,83,0,18
2025-08-01,S031,P002,61,46,5,0,102
2025-08-01,S031,P003,245,15,64,3,193
2025-08-01,S031,P004,62,19,79,0,2
2025-08-01,S031,P005,224,137,138,0,223
2025-08-01,S031,P006,79,13,23,1,68
2025-08-01,S031,P007,67,116,15,3,165
2025-08-01,S031,P008,25,33,10,1,47
2025-08-01,S031,P009,100,106,105,3,98
2025-08-01,S031,P010,75,167,211,0,31
2025-08-01,S031,P011,144,23,63,1,103
2025-08-01,S031,P012,80,103,130,1,52
2025-08-01,S031,P013,111,31,33,3,106
2025-08-01,S031,P014,83,141,127,2,95
2025-08-01,S031,P015,118,27,35,0,110
2025-08-01,S031,P016,176,148,136,1,187
2025-08-01,S031,P017,43,149,135,3,54
2025-08-01,S031,P018,84,132,105,-1,108
2025-08-01,S031,P019,181,138,60,3,256
2025-08-01,S031,P020,74,75,95,3,51
2025-08-01,S032,P001,35,44,33,2,44
2025-08-01,S032,P002,140,48,13,2,173
2025-08-01,S032,P003,79,5,12,0,72
2025-08-01,S032,P004,51,40,0,2,89
2025-08-01,S032,P005,28,34,4,3,55
2025-08-01,S032,P006,93,36,1,2,126
2025-08-01,S032,P007,106,33,123,0,16
2025-08-01,S032,P008,183,134,214,0,103
2025-08-01,S032,P009,117,88,110,0,95
2025-08-01,S032,P010,220,41,239,1,21
2025-08-01,S032,P011,29,97,28,0,98
2025-08-01,S032,P012,223,37,63,0,197
2025-08-01,S032,P013,217,118,228,0,107
2025-08-01,S032,P014,98,165,42,0,221
2025-08-01,S032,P015,79,52,37,3,91
2025-08-01,S032,P016,65,112,79,3,95
2025-08-01,S032,P017,235,114,117,3,229
2025-08-01,S032,P018,109,172,19,-1,262
2025-08-01,S032,P019,149,120,84,0,185
2025-08-01,S032,P020,182,128,231,2,77
2025-08-01,S033,P001,85,39,91,3,30
2025-08-01,S033,P002,248,113,68,0,293
2025-08-01,S033,P003,43,113,132,2,22
2025-08-01,S033,P004,245,93,224,1,113
2025-08-01,S033,P005,206,160,265,2,99
2025-08-01,S033,P006,165,171,170,0,166
2025-08-01,S033,P007,91,120,16,0,195
2025-08-01,S033,P008,179,81,227,2,31
2025-08-01,S033,P009,31,108,31,2,106
2025-08-01,S033,P010,178,50,169,3,56
2025-08-01,S033,P011,158,175,37,2,294
2025-08-01,S033,P012,93,92,149,1,35
2025-08-01,S033,P013,100,82,87,2,93
2025-08-01,S033,P014,116,85,113,0,88
2025-08-01,S033,P015,247,121,61,0,307
2025-08-01,S033,P016,141,136,201,1,75
2025-08-01,S033,P017,105,114,154,0,65
2025-08-01,S033,P018,129,145,49,0,225
2025-08-01,S033,P019,201,81,171,1,110
2025-08-01,S033,P020,28,67,19,1,75
2025-08-01,S034,P001,196,59,20,1,234
2025-08-01,S034,P002,150,131,119,0,162
2025-08-01,S034,P003,69,49,91,0,27
2025-08-01,S034,P004,31,127,54,0,104
2025-08-01,S034,P005,243,93,103,2,231
2025-08-01,S034,P006,82,45,46,0,81
2025-08-01,S034,P007,96,19,72,0,43
2025-08-01,S034,P008,155,117,249,1,22
2025-08-01,S034,P009,147,37,84,0,100
2025-08-01,S034,P010,148,82,93,1,136
2025-08-01,S034,P011,135,164,48,0,251
2025-08-01,S034,P012,83,65,82,0,66
2025-08-01,S034,P013,147,63,2,3,205
2025-08-01,S034,P014,130,163,252,1,40
2025-08-01,S034,P015,184,177,65,0,296
2025-08-01,S034,P016,126,21,118,0,29
2025-08-01,S034,P017,103,158,48,0,213
2025-08-01,S034,P018,124,50,66,2,106
2025-08-01,S034,P019,104,168,62,1,209
2025-08-01,S034,P020,166,141,61,3,243
2025-08-01,S035,P001,93,133,108,0,118
2025-08-01,S035,P002,224,95,288,1,30
2025-08-01,S035,P003,77,111,144,1,43
2025-08-01,S035,P004,23,127,95,0,55
2025-08-01,S035,P005,206,73,123,2,154
2025-08-01,S035,P006,237,20,6,1,250
2025-08-01,S035,P007,39,10,6,1,42
2025-08-01,S035,P008,123,60,88,2,93
2025-08-01,S035,P009,168,125,164,1,128
2025-08-01,S035,P010,186,29,67,0,148
2025-08-01,S035,P011,82,109,187,2,2
2025-08-01,S035,P012,43,92,8,0,127
2025-08-01,S035,P013,202,48,127,3,120
2025-08-01,S035,P014,63,79,27,3,112
2025-08-01,S035,P015,206,157,86,0,277
2025-08-01,S035,P016,216,51,202,0,65
2025-08-01,S035,P017,226,100,96,1,229
2025-08-01,S035,P018,145,88,157,2,74
2025-08-01,S035,P019,226,75,24,0,277
2025-08-01,S035,P020,192,137,14,2,313
2025-09-01,S001,P001,54,174,171,0,57
2025-09-01,S001,P002,164,88,140,3,109
2025-09-01,S001,P003,133,164,261,2,34
2025-09-01,S001,P004,99,160,3,0,256
2025-09-01,S001,P005,25,125,125,0,25
2025-09-01,S001,P006,35,136,83,0,88
2025-09-01,S001,P007,226,127,118,2,233
2025-09-01,S001,P008,35,88,38,3,82
2025-09-01,S001,P009,144,103,110,0,137
2025-09-01,S001,P010,21,116,84,1,52
2025-09-01,S001,P011,51,112,16,3,144
2025-09-01,S001,P012,224,37,92,0,169
2025-09-01,S001,P013,191,146,190,3,144
2025-09-01,S001,P014,242,162,27,0,377
2025-09-01,S001,P015,142,34,14,0,162
2025-09-01,S001,P016,245,155,395,0,5
2025-09-01,S001,P017,188,79,58,0,209
2025-09-01,S001,P018,196,76,225,0,47
2025-09-01,S001,P019,152,71,211,0,12
2025-09-01,S001,P020,48,5,33,2,18
2025-09-01,S002,P001,249,80,320,0,9
2025-09-01,S002,P002,68,83,104,1,46
2025-09-01,S002,P003,160,53,179,0,34
2025-09-01,S002,P004,121,27,19,2,127
2025-09-01,S002,P005,157,36,61,2,130
2025-09-01,S002,P006,161,171,20,0,312
2025-09-01,S002,P007,186,89,235,3,37
2025-09-01,S002,P008,180,59,184,0,55
2025-09-01,S002,P009,59,162,185,0,36
2025-09-01,S002,P010,43,175,95,0,123
2025-09-01,S002,P011,159,142,217,1,83
2025-09-01,S002,P012,145,93,123,3,112
2025-09-01,S002,P013,227,32,235,3,21
2025-09-01,S002,P014,68,151,183,2,-10
2025-09-01,S002,P015,117,108,205,1,19
2025-09-01,S002,P016,38,8,4,3,39
2025-09-01,S002,P017,235,96,53,2,276
2025-09-01,S002,P018,108,164,184,0,88
2025-09-01,S002,P019,74,156,43,0,187
2025-09-01,S002,P020,39,100,46,0,93
2025-09-01,S003,P001,163,25,131,0,57
2025-09-01,S003,P002,193,4,76,0,121
2025-09-01,S003,P003,104,153,164,3,90
2025-09-01,S003,P004,22,64,33,0,53
2025-09-01,S003,P005,194,110,122,3,179
2025-09-01,S003,P006,190,4,142,2,50
2025-09-01,S003,P007,112,63,82,1,92
2025-09-01,S003,P008,26,139,90,0,75
2025-09-01,S003,P009,214,122,181,0,155
2025-09-01,S003,P010,132,165,216,0,81
2025-09-01,S003,P011,183,170,299,0,54
2025-09-01,S003,P012,217,165,154,3,225
2025-09-01,S003,P013,27,174,147,2,52
2025-09-01,S003,P014,66,112,168,0,10
2025-09-01,S003,P015,242,53,238,1,56
2025-09-01,S003,P016,78,42,16,3,101
2025-09-01,S003,P017,181,54,32,3,200
2025-09-01,S003,P018,30,30,47,2,11
2025-09-01,S003,P019,201,21,130,0,92
2025-09-01,S003,P020,207,100,156,0,151
2025-09-01,S004,P001,175,170,56,1,288
2025-09-01,S004,P002,114,144,228,2,28
2025-09-01,S004,P003,210,158,329,2,37
2025-09-01,S004,P004,48,13,31,0,30
2025-09-01,S004,P005,148,87,114,1,120
2025-09-01,S004,P006,111,51,158,0,4
2025-09-01,S004,P007,186,64,181,0,69
2025-09-01,S004,P008,78,108,61,0,125
2025-09-01,S004,P009,84,51,80,0,55
2025-09-01,S004,P010,181,33,160,0,54
2025-09-01,S004,P011,40,46,80,0,6
2025-09-01,S004,P012,96,88,139,1,44
2025-09-01,S004,P013,56,5,52,2,7
2025-09-01,S004,P014,214,74,14,2,272
2025-09-01,S004,P015,32,118,120,0,30
2025-09-01,S004,P016,199,139,286,1,51
2025-09-01,S004,P017,238,124,165,2,195
2025-09-01,S004,P018,111,76,132,2,53
2025-09-01,S004,P019,107,26,55,0,78
2025-09-01,S004,P020,203,148,17,0,334
2025-09-01,S005,P001,91,70,159,0,2
2025-09-01,S005,P002,48,107,47,2,106
2025-09-01,S005,P003,32,122,6,0,148
2025-09-01,S005,P004,107,152,201,0,58
2025-09-01,S005,P005,104,169,182,0,91
2025-09-01,S005,P006,161,77,165,0,73
2025-09-01,S005,P007,107,175,77,0,205
2025-09-01,S005,P008,182,90,57,3,212
2025-09-01,S005,P009,218,108,69,0,257
2025-09-01,S005,P010,63,3,4,0,62
2025-09-01,S005,P011,164,177,148,0,193
2025-09-01,S005,P012,185,1,157,0,29
2025-09-01,S005,P013,230,73,61,0,242
2025-09-01,S005,P014,221,142,349,3,11
2025-09-01,S005,P015,126,83,80,1,128
2025-09-01,S005,P016,237,146,16,0,367
2025-09-01,S005,P017,192,113,123,0,182
2025-09-01,S005,P018,130,141,269,2,0
2025-09-01,S005,P019,54,47,18,3,80
2025-09-01,S005,P020,142,19,131,0,30
2025-09-01,S006,P001,20,5,3,-1,22
2025-09-01,S006,P002,83,23,87,3,16
2025-09-01,S006,P003,112,154,98,0,168
2025-09-01,S006,P004,116,50,20,3,143
2025-09-01,S006,P005,97,149,181,3,62
2025-09-01,S006,P006,61,170,113,0,118
2025-09-01,S006,P007,56,31,82,1,4
2025-09-01,S006,P008,144,143,216,0,71
2025-09-01,S006,P009,117,172,102,2,185
2025-09-01,S006,P010,198,77,184,3,88
2025-09-01,S006,P011,142,78,111,1,108
2025-09-01,S006,P012,102,21,33,0,90
2025-09-01,S006,P013,109,150,244,0,15
2025-09-01,S006,P014,186,169,24,0,331
2025-09-01,S006,P015,193,118,48,0,263
2025-09-01,S006,P016,235,42,215,0,62
2025-09-01,S006,P017,111,149,0,0,260
2025-09-01,S006,P018,176,37,127,0,86
2025-09-01,S006,P019,78,24,86,1,15
2025-09-01,S006,P020,84,37,89,3,29
2025-09-01,S007,P001,42,135,70,0,107
2025-09-01,S007,P002,24,174,196,2,0
2025-09-01,S007,P003,160,80,226,2,12
2025-09-01,S007,P004,47,104,130,0,21
2025-09-01,S007,P005,47,95,102,3,37
2025-09-01,S007,P006,131,107,162,0,76
2025-09-01,S007,P007,182,41,219,0,4
2025-09-01,S007,P008,108,179,119,1,167
2025-09-01,S007,P009,155,118,202,0,71
2025-09-01,S007,P010,161,148,219,0,90
2025-09-01,S007,P011,33,50,19,3,61
2025-09-01,S007,P012,202,122,47,1,276
2025-09-01,S007,P013,169,5,24,0,150
2025-09-01,S007,P014,104,127,190,1,40
2025-09-01,S007,P015,134,16,73,2,75
2025-09-01,S007,P016,128,24,129,3,20
2025-09-01,S007,P017,40,38,14,1,63
2025-09-01,S007,P018,58,80,99,0,39
2025-09-01,S007,P019,62,83,38,2,105
2025-09-01,S007,P020,143,1,3,1,140
2025-09-01,S008,P001,44,121,102,0,63
2025-09-01,S008,P002,180,82,9,3,250
2025-09-01,S008,P003,23,103,78,0,48
2025-09-01,S008,P004,180,119,49,0,250
2025-09-01,S008,P005,246,118,208,0,156
2025-09-01,S008,P006,52,172,134,2,88
2025-09-01,S008,P007,133,101,38,1,195
2025-09-01,S008,P008,57,172,160,3,66
2025-09-01,S008,P009,84,75,59,0,100
2025-09-01,S008,P010,79,175,13,0,241
2025-09-01,S008,P011,26,178,50,0,154
2025-09-01,S008,P012,123,22,116,1,28
2025-09-01,S008,P013,121,73,71,0,123
2025-09-01,S008,P014,243,169,113,3,296
2025-09-01,S008,P015,210,158,74,0,294
2025-09-01,S008,P016,200,170,202,0,168
2025-09-01,S008,P017,224,2,217,1,8
2025-09-01,S008,P018,48,123,137,2,32
2025-09-01,S008,P019,248,42,2,0,288
2025-09-01,S008,P020,214,27,68,0,173
2025-09-01,S009,P001,51,55,15,0,91
2025-09-01,S009,P002,76,161,126,0,111
2025-09-01,S009,P003,72,93,102,1,62
2025-09-01,S009,P004,186,150,168,0,168
2025-09-01,S009,P005,137,131,251,1,16
2025-09-01,S009,P006,63,155,42,0,176
2025-09-01,S009,P007,77,143,81,3,136
2025-09-01,S009,P008,230,174,161,2,241
2025-09-01,S009,P009,48,18,32,0,34
2025-09-01,S009,P010,75,13,77,3,8
2025-09-01,S009,P011,121,169,86,1,203
2025-09-01,S009,P012,172,86,106,2,150
2025-09-01,S009,P013,190,94,7,1,276
2025-09-01,S009,P014,153,114,227,3,37
2025-09-01,S009,P015,99,36,13,3,119
2025-09-01,S009,P016,46,172,34,0,184
2025-09-01,S009,P017,175,140,160,2,153
2025-09-01,S009,P018,43,180,74,0,149
2025-09-01,S009,P019,232,160,274,1,117
2025-09-01,S009,P020,85,124,191,3,15
2025-09-01,S010,P001,86,169,118,0,137
2025-09-01,S010,P002,115,15,101,0,29
2025-09-01,S010,P003,231,2,34,0,199
2025-09-01,S010,P004,20,140,74,0,86
2025-09-01,S010,P005,212,122,258,3,73
2025-09-01,S010,P006,125,67,154,3,35
2025-09-01,S010,P007,186,152,49,0,289
2025-09-01,S010,P008,117,137,118,2,134
2025-09-01,S010,P009,164,61,68,2,206
2025-09-01,S010,P010,158,88,24,3,219
2025-09-01,S010,P011,128,96,159,0,65
2025-09-01,S010,P012,183,128,2,1,308
2025-09-01,S010,P013,26,175,20,0,181
2025-09-01,S010,P014,114,78,189,1,2
2025-09-01,S010,P015,205,3,12,0,196
2025-09-01,S010,P016,221,147,260,0,108
2025-09-01,S010,P017,230,138,358,0,10
2025-09-01,S010,P018,203,52,134,1,120
2025-09-01,S010,P019,23,48,4,2,65
2025-09-01,S010,P020,180,77,9,2,246
2025-09-01,S011,P001,201,130,305,2,24
2025-09-01,S011,P002,93,144,51,0,186
2025-09-01,S011,P003,81,73,66,3,85
2025-09-01,S011,P004,63,66,6,0,123
2025-09-01,S011,P005,76,178,149,0,105
2025-09-01,S011,P006,139,6,52,3,90
2025-09-01,S011,P007,109,35,100,3,41
2025-09-01,S011,P008,87,135,21,3,198
2025-09-01,S011,P009,100,137,226,0,11
2025-09-01,S011,P010,132,38,32,2,136
2025-09-01,S011,P011,198,53,169,0,82
2025-09-01,S011,P012,166,41,123,0,84
2025-09-01,S011,P013,58,86,139,0,5
2025-09-01,S011,P014,174,118,50,0,242
2025-09-01,S011,P015,155,63,139,0,79
2025-09-01,S011,P016,50,104,84,1,69
2025-09-01,S011,P017,172,43,156,3,56
2025-09-01,S011,P018,62,3,31,2,32
2025-09-01,S011,P019,234,67,55,0,246
2025-09-01,S011,P020,147,147,172,0,122
2025-09-01,S012,P001,201,80,87,0,194
2025-09-01,S012,P002,92,21,85,1,27
2025-09-01,S012,P003,72,47,111,0,8
2025-09-01,S012,P004,245,145,54,0,336
2025-09-01,S012,P005,218,173,138,0,253
2025-09-01,S012,P006,38,175,199,0,14
2025-09-01,S012,P007,78,151,229,0,0
2025-09-01,S012,P008,128,61,166,0,23
2025-09-01,S012,P009,164,71,61,3,171
2025-09-01,S012,P010,236,160,282,0,114
2025-09-01,S012,P011,144,13,120,0,37
2025-09-01,S012,P012,182,172,28,0,326
2025-09-01,S012,P013,108,85,58,1,134
2025-09-01,S012,P014,25,172,17,0,180
2025-09-01,S012,P015,48,3,23,3,25
2025-09-01,S012,P016,141,103,176,0,68
2025-09-01,S012,P017,224,124,193,0,155
2025-09-01,S012,P018,166,162,19,0,309
2025-09-01,S012,P019,196,17,79,1,133
2025-09-01,S012,P020,243,71,255,0,59
2025-09-01,S013,P001,209,53,24,2,236
2025-09-01,S013,P002,73,108,57,1,123
2025-09-01,S013,P003,117,13,76,2,52
2025-09-01,S013,P004,173,36,182,0,27
2025-09-01,S013,P005,40,46,81,0,5
2025-09-01,S013,P006,176,149,300,0,25
2025-09-01,S013,P007,52,107,128,0,31
2025-09-01,S013,P008,103,176,101,3,175
2025-09-01,S013,P009,178,15,65,3,125
2025-09-01,S013,P010,170,100,225,3,42
2025-09-01,S013,P011,59,92,107,2,42
2025-09-01,S013,P012,145,141,98,1,187
2025-09-01,S013,P013,113,152,21,2,242
2025-09-01,S013,P014,149,79,61,3,164
2025-09-01,S013,P015,237,164,231,0,170
2025-09-01,S013,P016,208,142,285,3,62
2025-09-01,S013,P017,135,155,206,0,84
2025-09-01,S013,P018,202,145,200,2,145
2025-09-01,S013,P019,36,128,7,0,157
2025-09-01,S013,P020,67,167,149,1,84
2025-09-01,S014,P001,123,18,132,0,9
2025-09-01,S014,P002,116,86,179,3,20
2025-09-01,S014,P003,158,1,139,0,20
2025-09-01,S014,P004,194,60,65,0,189
2025-09-01,S014,P005,70,17,71,3,13
2025-09-01,S014,P006,218,74,99,3,190
2025-09-01,S014,P007,223,79,254,0,48
2025-09-01,S014,P008,246,176,55,2,365
2025-09-01,S014,P009,117,123,165,3,72
2025-09-01,S014,P010,109,2,43,3,65
2025-09-01,S014,P011,132,82,78,0,136
2025-09-01,S014,P012,224,148,18,1,353
2025-09-01,S014,P013,132,53,62,0,123
2025-09-01,S014,P014,33,0,3,0,30
2025-09-01,S014,P015,92,180,131,0,141
2025-09-01,S014,P016,35,85,52,2,66
2025-09-01,S014,P017,192,75,220,3,44
2025-09-01,S014,P018,52,163,76,0,139
2025-09-01,S014,P019,143,147,112,0,178
2025-09-01,S014,P020,91,11,4,2,96
2025-09-01,S015,P001,76,162,193,2,43
2025-09-01,S015,P002,76,27,55,0,48
2025-09-01,S015,P003,171,22,151,2,40
2025-09-01,S015,P004,29,155,16,0,168
2025-09-01,S015,P005,60,37,63,0,34
2025-09-01,S015,P006,88,143,124,3,104
2025-09-01,S015,P007,172,99,54,1,216
2025-09-01,S015,P008,220,32,209,2,41
2025-09-01,S015,P009,67,63,91,3,36
2025-09-01,S015,P010,63,119,102,0,80
2025-09-01,S015,P011,140,47,112,1,74
2025-09-01,S015,P012,38,101,85,0,54
2025-09-01,S015,P013,144,131,105,2,168
2025-09-01,S015,P014,229,82,14,2,295
2025-09-01,S015,P015,64,159,102,0,121
2025-09-01,S015,P016,206,26,15,2,215
2025-09-01,S015,P017,30,166,62,0,134
2025-09-01,S015,P018,170,13,73,1,109
2025-09-01,S015,P019,114,162,189,0,87
2025-09-01,S015,P020,152,129,80,0,201
2025-09-01,S016,P001,96,92,70,2,116
2025-09-01,S016,P002,68,121,170,2,17
2025-09-01,S016,P003,237,155,351,0,41
2025-09-01,S016,P004,229,28,155,1,101
2025-09-01,S016,P005,116,52,136,0,32
2025-09-01,S016,P006,230,148,366,0,12
2025-09-01,S016,P007,140,47,62,0,125
2025-09-01,S016,P008,218,13,76,2,153
2025-09-01,S016,P009,169,53,213,0,9
2025-09-01,S016,P010,109,41,16,2,132
2025-09-01,S016,P011,28,62,58,-1,32
2025-09-01,S016,P012,135,25,138,3,19
2025-09-01,S016,P013,108,101,179,1,29
2025-09-01,S016,P014,73,104,150,0,27
2025-09-01,S016,P015,75,179,170,1,83
2025-09-01,S016,P016,225,164,144,2,243
2025-09-01,S016,P017,46,26,57,0,15
2025-09-01,S016,P018,76,94,54,1,115
2025-09-01,S016,P019,27,141,86,0,82
2025-09-01,S016,P020,23,87,62,2,46
2025-09-01,S017,P001,173,19,36,0,156
2025-09-01,S017,P002,67,94,112,3,46
2025-09-01,S017,P003,235,89,148,2,174
2025-09-01,S017,P004,113,51,95,1,68
2025-09-01,S017,P005,80,124,109,1,94
2025-09-01,S017,P006,133,168,192,3,106
2025-09-01,S017,P007,208,130,202,3,133
2025-09-01,S017,P008,220,37,43,2,212
2025-09-01,S017,P009,111,62,107,3,63
2025-09-01,S017,P010,155,42,88,0,109
2025-09-01,S017,P011,51,156,138,1,68
2025-09-01,S017,P012,80,176,25,1,230
2025-09-01,S017,P013,204,98,132,0,170
2025-09-01,S017,P014,204,106,133,2,175
2025-09-01,S017,P015,246,69,211,1,103
2025-09-01,S017,P016,220,24,173,0,71
2025-09-01,S017,P017,30,155,39,0,146
2025-09-01,S017,P018,86,12,69,2,27
2025-09-01,S017,P019,135,153,30,0,258
2025-09-01,S017,P020,132,90,79,0,143
2025-09-01,S018,P001,31,9,26,0,14
2025-09-01,S018,P002,233,112,165,1,179
2025-09-01,S018,P003,56,132,151,2,35
2025-09-01,S018,P004,153,149,236,1,65
2025-09-01,S018,P005,229,179,175,1,232
2025-09-01,S018,P006,130,37,49,2,116
2025-09-01,S018,P007,32,86,58,3,57
2025-09-01,S018,P008,108,167,44,0,231
2025-09-01,S018,P009,206,137,136,0,207
2025-09-01,S018,P010,245,143,302,0,86
2025-09-01,S018,P011,33,83,42,0,74
2025-09-01,S018,P012,239,110,243,0,106
2025-09-01,S018,P013,165,55,137,3,80
2025-09-01,S018,P014,209,89,22,0,276
2025-09-01,S018,P015,105,114,214,0,5
2025-09-01,S018,P016,100,115,195,0,20
2025-09-01,S018,P017,168,170,100,2,236
2025-09-01,S018,P018,206,53,70,0,189
2025-09-01,S018,P019,118,54,50,1,121
2025-09-01,S018,P020,68,60,113,2,13
2025-09-01,S019,P001,154,80,215,3,16
2025-09-01,S019,P002,227,22,96,2,151
2025-09-01,S019,P003,189,87,19,0,257
2025-09-01,S019,P004,156,116,188,0,84
2025-09-01,S019,P005,91,9,25,0,75
2025-09-01,S019,P006,83,95,16,0,162
2025-09-01,S019,P007,243,92,72,0,263
2025-09-01,S019,P008,123,142,121,0,144
2025-09-01,S019,P009,232,177,137,0,272
2025-09-01,S019,P010,204,29,178,0,55
2025-09-01,S019,P011,236,111,216,0,131
2025-09-01,S019,P012,70,167,112,0,125
2025-09-01,S019,P013,185,10,184,0,11
2025-09-01,S019,P014,229,103,130,1,201
2025-09-01,S019,P015,135,64,45,0,154
2025-09-01,S019,P016,216,23,59,3,177
2025-09-01,S019,P017,207,149,187,2,167
2025-09-01,S019,P018,156,12,144,0,24
2025-09-01,S019,P019,159,143,143,0,159
2025-09-01,S019,P020,56,164,53,0,167
2025-09-01,S020,P001,140,99,187,1,51
2025-09-01,S020,P002,32,151,146,0,37
2025-09-01,S020,P003,41,69,94,2,14
2025-09-01,S020,P004,250,88,170,0,168
2025-09-01,S020,P005,44,1,2,2,41
2025-09-01,S020,P006,118,35,19,2,132
2025-09-01,S020,P007,46,93,113,0,26
2025-09-01,S020,P008,232,96,143,2,183
2025-09-01,S020,P009,172,102,123,3,148
2025-09-01,S020,P010,94,43,104,0,33
2025-09-01,S020,P011,234,83,116,0,201
2025-09-01,S020,P012,117,45,141,1,20
2025-09-01,S020,P013,228,58,131,0,155
2025-09-01,S020,P014,165,94,123,3,133
2025-09-01,S020,P015,141,108,57,2,190
2025-09-01,S020,P016,202,154,59,1,296
2025-09-01,S020,P017,77,169,234,3,9
2025-09-01,S020,P018,156,157,24,3,286
2025-09-01,S020,P019,146,159,305,3,0
2025-09-01,S020,P020,162,17,29,0,150
2025-09-01,S021,P001,84,64,16,1,131
2025-09-01,S021,P002,61,3,26,0,38
2025-09-01,S021,P003,72,129,181,2,18
2025-09-01,S021,P004,248,64,10,0,302
2025-09-01,S021,P005,69,103,29,0,143
2025-09-01,S021,P006,227,9,33,2,201
2025-09-01,S021,P007,45,48,82,3,8
2025-09-01,S021,P008,92,94,46,1,139
2025-09-01,S021,P009,149,33,30,1,151
2025-09-01,S021,P010,81,63,60,3,81
2025-09-01,S021,P011,194,70,24,0,240
2025-09-01,S021,P012,149,166,32,1,282
2025-09-01,S021,P013,113,78,2,0,189
2025-09-01,S021,P014,115,65,144,1,35
2025-09-01,S021,P015,79,166,232,0,13
2025-09-01,S021,P016,35,155,91,2,97
2025-09-01,S021,P017,132,55,16,0,171
2025-09-01,S021,P018,235,26,126,3,132
2025-09-01,S021,P019,143,92,156,0,79
2025-09-01,S021,P020,30,70,6,1,93
2025-09-01,S022,P001,168,174,286,2,-10
2025-09-01,S022,P002,44,130,24,1,149
2025-09-01,S022,P003,68,138,70,0,136
2025-09-01,S022,P004,182,76,215,0,43
2025-09-01,S022,P005,127,4,86,3,42
2025-09-01,S022,P006,162,74,12,1,223
2025-09-01,S022,P007,65,32,34,2,61
2025-09-01,S022,P008,132,95,146,0,81
2025-09-01,S022,P009,211,67,8,3,267
2025-09-01,S022,P010,26,168,101,0,93
2025-09-01,S022,P011,96,108,107,2,95
2025-09-01,S022,P012,186,136,24,0,298
2025-09-01,S022,P013,128,141,232,0,37
2025-09-01,S022,P014,85,147,169,2,61
2025-09-01,S022,P015,247,66,48,1,264
2025-09-01,S022,P016,63,73,24,0,112
2025-09-01,S022,P017,184,83,202,1,64
2025-09-01,S022,P018,191,92,134,2,147
2025-09-01,S022,P019,73,99,111,0,61
2025-09-01,S022,P020,138,175,186,1,126
2025-09-01,S023,P001,56,180,117,0,119
2025-09-01,S023,P002,58,38,17,0,79
2025-09-01,S023,P003,242,141,109,3,271
2025-09-01,S023,P004,174,93,75,2,190
2025-09-01,S023,P005,68,168,216,2,18
2025-09-01,S023,P006,42,4,21,3,22
2025-09-01,S023,P007,47,106,130,2,21
2025-09-01,S023,P008,59,153,49,0,163
2025-09-01,S023,P009,91,72,117,0,46
2025-09-01,S023,P010,218,126,308,0,36
2025-09-01,S023,P011,21,153,172,0,2
2025-09-01,S023,P012,122,51,129,0,44
2025-09-01,S023,P013,49,99,32,3,113
2025-09-01,S023,P014,81,145,166,0,60
2025-09-01,S023,P015,224,167,168,0,223
2025-09-01,S023,P016,201,119,199,1,120
2025-09-01,S023,P017,180,58,222,2,14
2025-09-01,S023,P018,136,20,18,2,136
2025-09-01,S023,P019,139,63,165,1,36
2025-09-01,S023,P020,58,120,168,0,10
2025-09-01,S024,P001,188,114,183,0,119
2025-09-01,S024,P002,196,62,29,1,228
2025-09-01,S024,P003,127,39,56,0,110
2025-09-01,S024,P004,121,164,133,0,152
2025-09-01,S024,P005,232,137,120,3,246
2025-09-01,S024,P006,198,40,232,0,6
2025-09-01,S024,P007,233,50,236,2,45
2025-09-01,S024,P008,93,122,108,3,104
2025-09-01,S024,P009,160,147,136,1,170
2025-09-01,S024,P010,68,58,57,3,66
2025-09-01,S024,P011,131,113,168,0,76
2025-09-01,S024,P012,57,79,86,0,50
2025-09-01,S024,P013,32,29,38,3,20
2025-09-01,S024,P014,232,151,142,0,241
2025-09-01,S024,P015,50,12,16,0,46
2025-09-01,S024,P016,55,131,116,0,70
2025-09-01,S024,P017,117,16,49,3,81
2025-09-01,S024,P018,134,79,59,1,153
2025-09-01,S024,P019,243,151,350,0,44
2025-09-01,S024,P020,135,25,154,0,6
2025-09-01,S025,P001,81,167,210,2,36
2025-09-01,S025,P002,110,85,42,3,150
2025-09-01,S025,P003,151,86,216,1,20
2025-09-01,S025,P004,62,58,30,0,90
2025-09-01,S025,P005,171,111,43,0,239
2025-09-01,S025,P006,154,130,184,1,99
2025-09-01,S025,P007,160,161,196,3,122
2025-09-01,S025,P008,211,127,32,0,306
2025-09-01,S025,P009,189,52,64,1,176
2025-09-01,S025,P010,221,84,58,2,245
2025-09-01,S025,P011,189,94,135,0,148
2025-09-01,S025,P012,129,120,174,0,75
2025-09-01,S025,P013,47,123,93,1,76
2025-09-01,S025,P014,116,116,22,0,210
2025-09-01,S025,P015,218,172,76,1,313
2025-09-01,S025,P016,154,143,266,0,31
2025-09-01,S025,P017,159,146,107,0,198
2025-09-01,S025,P018,108,121,133,3,93
2025-09-01,S025,P019,60,102,35,0,127
2025-09-01,S025,P020,125,130,63,3,189
2025-09-01,S026,P001,26,108,103,0,31
2025-09-01,S026,P002,80,94,25,0,149
2025-09-01,S026,P003,30,179,22,0,187
2025-09-01,S026,P004,26,90,77,0,39
2025-09-01,S026,P005,65,116,15,2,164
2025-09-01,S026,P006,64,47,35,0,76
2025-09-01,S026,P007,106,34,125,0,15
2025-09-01,S026,P008,163,165,92,1,235
2025-09-01,S026,P009,214,121,109,2,224
2025-09-01,S026,P010,208,85,144,0,149
2025-09-01,S026,P011,176,15,10,2,179
2025-09-01,S026,P012,44,120,64,3,97
2025-09-01,S026,P013,170,50,23,2,195
2025-09-01,S026,P014,180,61,233,1,7
2025-09-01,S026,P015,235,58,168,0,125
2025-09-01,S026,P016,57,153,51,0,159
2025-09-01,S026,P017,22,146,103,1,64
2025-09-01,S026,P018,125,20,61,1,83
2025-09-01,S026,P019,247,148,276,3,116
2025-09-01,S026,P020,86,149,72,0,163
2025-09-01,S027,P001,244,21,46,0,219
2025-09-01,S027,P002,144,128,237,0,35
2025-09-01,S027,P003,78,87,87,0,78
2025-09-01,S027,P004,183,107,158,0,132
2025-09-01,S027,P005,213,94,197,0,110
2025-09-01,S027,P006,245,54,159,2,138
2025-09-01,S027,P007,111,102,153,1,59
2025-09-01,S027,P008,88,91,98,1,80
2025-09-01,S027,P009,111,152,180,2,81
2025-09-01,S027,P010,248,10,39,2,217
2025-09-01,S027,P011,48,11,15,0,44
2025-09-01,S027,P012,168,71,174,1,64
2025-09-01,S027,P013,61,140,93,2,106
2025-09-01,S027,P014,177,137,127,3,184
2025-09-01,S027,P015,106,153,235,0,24
2025-09-01,S027,P016,232,115,202,0,145
2025-09-01,S027,P017,213,134,98,0,249
2025-09-01,S027,P018,60,143,77,0,126
2025-09-01,S027,P019,121,163,227,2,55
2025-09-01,S027,P020,245,165,141,0,269
2025-09-01,S028,P001,34,152,3,2,181
2025-09-01,S028,P002,129,115,43,0,201
2025-09-01,S028,P003,75,105,44,2,134
2025-09-01,S028,P004,200,137,95,0,242
2025-09-01,S028,P005,31,124,83,0,72
2025-09-01,S028,P006,81,174,226,3,26
2025-09-01,S028,P007,206,56,203,1,58
2025-09-01,S028,P008,133,170,57,3,243
2025-09-01,S028,P009,183,1,129,2,53
2025-09-01,S028,P010,247,15,236,0,26
2025-09-01,S028,P011,92,129,1,0,220
2025-09-01,S028,P012,199,49,30,3,215
2025-09-01,S028,P013,225,154,212,2,165
2025-09-01,S028,P014,68,173,59,0,182
2025-09-01,S028,P015,99,124,150,0,73
2025-09-01,S028,P016,83,91,4,0,170
2025-09-01,S028,P017,100,172,109,1,162
2025-09-01,S028,P018,244,34,36,0,242
2025-09-01,S028,P019,149,68,167,0,50
2025-09-01,S028,P020,32,44,56,0,20
2025-09-01,S029,P001,74,117,181,0,10
2025-09-01,S029,P002,239,150,81,0,308
2025-09-01,S029,P003,149,132,95,1,185
2025-09-01,S029,P004,65,118,4,3,176
2025-09-01,S029,P005,226,84,0,3,307
2025-09-01,S029,P006,73,139,29,1,182
2025-09-01,S029,P007,180,94,78,1,195
2025-09-01,S029,P008,55,70,8,0,117
2025-09-01,S029,P009,210,164,349,2,23
2025-09-01,S029,P010,153,64,161,0,56
2025-09-01,S029,P011,70,31,11,0,90
2025-09-01,S029,P012,180,21,121,0,80
2025-09-01,S029,P013,111,131,218,3,21
2025-09-01,S029,P014,173,109,185,0,97
2025-09-01,S029,P015,92,126,9,3,206
2025-09-01,S029,P016,179,7,35,0,151
2025-09-01,S029,P017,236,18,43,0,211
2025-09-01,S029,P018,217,87,294,3,7
2025-09-01,S029,P019,181,59,75,0,165
2025-09-01,S029,P020,96,7,2,3,98
2025-09-01,S030,P001,24,98,93,1,28
2025-09-01,S030,P002,134,124,134,0,124
2025-09-01,S030,P003,131,61,75,0,117
2025-09-01,S030,P004,120,122,120,0,122
2025-09-01,S030,P005,228,160,26,1,361
2025-09-01,S030,P006,162,165,11,1,315
2025-09-01,S030,P007,138,148,150,2,134
2025-09-01,S030,P008,228,19,113,0,134
2025-09-01,S030,P009,141,152,108,0,185
2025-09-01,S030,P010,62,88,37,3,110
2025-09-01,S030,P011,168,16,173,0,11
2025-09-01,S030,P012,148,43,130,0,61
2025-09-01,S030,P013,110,144,21,0,233
2025-09-01,S030,P014,40,70,14,2,94
2025-09-01,S030,P015,218,52,89,1,180
2025-09-01,S030,P016,144,88,35,0,197
2025-09-01,S030,P017,76,179,88,0,167
2025-09-01,S030,P018,174,52,16,1,209
2025-09-01,S030,P019,87,50,19,2,116
2025-09-01,S030,P020,241,156,222,0,175
2025-09-01,S031,P001,89,12,44,0,57
2025-09-01,S031,P002,171,61,183,0,49
2025-09-01,S031,P003,207,59,112,0,238
2025-09-01,S031,P004,80,129,161,0,48
2025-09-01,S031,P005,94,104,194,0,4
2025-09-01,S031,P006,89,122,123,1,87
2025-09-01,S031,P007,187,146,138,0,195
2025-09-01,S031,P008,33,41,64,3,7
2025-09-01,S031,P009,245,12,112,0,145
2025-09-01,S031,P010,102,121,384,1,126
2025-09-01,S031,P011,28,151,43,0,136
2025-09-01,S031,P012,122,13,42,2,91
2025-09-01,S031,P013,178,165,214,3,126
2025-09-01,S031,P014,128,171,170,3,126
2025-09-01,S031,P015,42,47,39,3,47
2025-09-01,S031,P016,242,171,182,0,231
2025-09-01,S031,P017,133,118,147,3,101
2025-09-01,S031,P018,152,65,151,2,64
2025-09-01,S031,P019,39,56,12,2,81
2025-09-01,S031,P020,117,91,32,1,175
2025-09-01,S032,P001,207,111,73,0,245
2025-09-01,S032,P002,103,172,224,3,48
2025-09-01,S032,P003,210,153,89,0,274
2025-09-01,S032,P004,28,62,18,2,70
2025-09-01,S032,P005,139,142,202,0,79
2025-09-01,S032,P006,153,142,209,3,83
2025-09-01,S032,P007,141,103,14,2,228
2025-09-01,S032,P008,187,140,281,2,44
2025-09-01,S032,P009,74,70,48,2,94
2025-09-01,S032,P010,122,1,27,3,93
2025-09-01,S032,P011,94,50,113,1,30
2025-09-01,S032,P012,216,166,254,3,125
2025-09-01,S032,P013,146,112,137,0,121
2025-09-01,S032,P014,224,3,68,0,159
2025-09-01,S032,P015,242,28,113,1,156
2025-09-01,S032,P016,241,68,134,0,175
2025-09-01,S032,P017,176,23,159,0,40
2025-09-01,S032,P018,61,153,187,0,27
2025-09-01,S032,P019,243,19,0,2,260
2025-09-01,S032,P020,149,120,194,1,74
2025-09-01,S033,P001,22,10,30,0,2
2025-09-01,S033,P002,113,99,83,3,126
2025-09-01,S033,P003,182,82,152,0,112
2025-09-01,S033,P004,76,37,67,3,43
2025-09-01,S033,P005,144,123,72,0,195
2025-09-01,S033,P006,219,109,58,0,270
2025-09-01,S033,P007,109,53,29,3,130
2025-09-01,S033,P008,68,75,47,3,93
2025-09-01,S033,P009,220,25,179,2,64
2025-09-01,S033,P010,73,176,181,2,66
2025-09-01,S033,P011,125,128,111,2,140
2025-09-01,S033,P012,249,57,38,2,266
2025-09-01,S033,P013,25,56,49,1,31
2025-09-01,S033,P014,114,179,270,0,23
2025-09-01,S033,P015,210,14,54,2,168
2025-09-01,S033,P016,194,126,52,0,268
2025-09-01,S033,P017,213,5,102,0,116
2025-09-01,S033,P018,181,116,149,3,145
2025-09-01,S033,P019,52,87,137,0,2
2025-09-01,S033,P020,178,78,191,3,62
2025-09-01,S034,P001,174,19,17,3,173
2025-09-01,S034,P002,217,26,58,2,183
2025-09-01,S034,P003,33,145,46,3,129
2025-09-01,S034,P004,49,74,26,2,95
2025-09-01,S034,P005,53,37,86,0,4
2025-09-01,S034,P006,171,130,262,2,37
2025-09-01,S034,P007,27,148,155,0,20
2025-09-01,S034,P008,81,12,57,1,35
2025-09-01,S034,P009,92,164,137,1,118
2025-09-01,S034,P010,218,0,60,0,158
2025-09-01,S034,P011,48,104,51,0,101
2025-09-01,S034,P012,38,117,19,1,135
2025-09-01,S034,P013,239,39,226,1,51
2025-09-01,S034,P014,206,41,127,3,117
2025-09-01,S034,P015,72,106,45,0,133
2025-09-01,S034,P016,41,111,150,0,2
2025-09-01,S034,P017,120,154,57,0,217
2025-09-01,S034,P018,157,7,68,0,96
2025-09-01,S034,P019,240,160,324,0,76
2025-09-01,S034,P020,230,51,168,2,111
2025-09-01,S035,P001,40,165,162,0,43
2025-09-01,S035,P002,138,32,93,0,77
2025-09-01,S035,P003,138,141,231,0,48
2025-09-01,S035,P004,216,106,164,3,155
2025-09-01,S035,P005,202,60,253,0,9
2025-09-01,S035,P006,73,120,127,0,66
2025-09-01,S035,P007,189,133,245,3,74
2025-09-01,S035,P008,80,52,96,1,35
2025-09-01,S035,P009,151,137,47,0,241
2025-09-01,S035,P010,75,89,30,2,132
2025-09-01,S035,P011,31,59,76,1,13
2025-09-01,S035,P012,138,48,3,0,183
2025-09-01,S035,P013,246,15,63,0,198
2025-09-01,S035,P014,98,32,21,0,109
2025-09-01,S035,P015,69,92,104,0,57
2025-09-01,S035,P016,107,57,460,1,48
2025-09-01,S035,P017,175,173,69,3,276
2025-09-01,S035,P018,230,149,290,3,86
2025-09-01,S035,P019,122,99,46,2,173
2025-09-01,S035,P020,70,38,72,3,33
2025-10-01,S001,P001,56,88,35,0,109
2025-10-01,S001,P002,151,107,231,2,25
2025-10-01,S001,P003,65,31,39,3,54
2025-10-01,S001,P004,101,12,58,3,52
2025-10-01,S001,P005,70,92,76,0,86
2025-10-01,S001,P006,169,30,112,3,84
2025-10-01,S001,P007,130,100,21,3,206
2025-10-01,S001,P008,104,20,83,0,41
2025-10-01,S001,P009,178,148,118,0,208
2025-10-01,S001,P010,38,19,23,0,34
2025-10-01,S001,P011,175,166,333,2,6
2025-10-01,S001,P012,157,30,139,0,48
2025-10-01,S001,P013,188,112,1,1,298
2025-10-01,S001,P014,205,26,92,0,139
2025-10-01,S001,P015,72,114,119,0,67
2025-10-01,S001,P016,61,63,69,1,54
2025-10-01,S001,P017,162,22,103,3,78
2025-10-01,S001,P018,25,35,41,2,17
2025-10-01,S001,P019,51,139,128,0,62
2025-10-01,S001,P020,24,148,47,3,122
2025-10-01,S002,P001,89,125,193,2,19
2025-10-01,S002,P002,129,104,58,0,175
2025-10-01,S002,P003,108,169,143,0,134
2025-10-01,S002,P004,198,3,113,0,88
2025-10-01,S002,P005,61,71,67,1,64
2025-10-01,S002,P006,231,75,211,1,94
2025-10-01,S002,P007,147,134,23,1,257
2025-10-01,S002,P008,230,140,273,3,94
2025-10-01,S002,P009,98,148,183,3,60
2025-10-01,S002,P010,56,15,65,0,6
2025-10-01,S002,P011,101,157,51,1,206
2025-10-01,S002,P012,187,178,40,0,325
2025-10-01,S002,P013,193,176,173,1,195
2025-10-01,S002,P014,204,101,226,2,77
2025-10-01,S002,P015,237,142,334,0,45
2025-10-01,S002,P016,201,31,128,2,102
2025-10-01,S002,P017,76,17,64,1,28
2025-10-01,S002,P018,135,177,135,3,174
2025-10-01,S002,P019,104,23,124,0,3
2025-10-01,S002,P020,54,89,105,0,38
2025-10-01,S003,P001,140,142,168,1,113
2025-10-01,S003,P002,113,6,80,3,36
2025-10-01,S003,P003,92,168,235,2,23
2025-10-01,S003,P004,179,163,297,0,45
2025-10-01,S003,P005,143,69,122,0,90
2025-10-01,S003,P006,97,19,62,3,51
2025-10-01,S003,P007,60,105,143,2,20
2025-10-01,S003,P008,210,143,174,1,178
2025-10-01,S003,P009,206,67,55,0,218
2025-10-01,S003,P010,189,147,191,0,145
2025-10-01,S003,P011,90,63,84,2,67
2025-10-01,S003,P012,121,150,199,0,72
2025-10-01,S003,P013,115,90,172,0,33
2025-10-01,S003,P014,170,67,170,0,67
2025-10-01,S003,P015,242,139,1,0,380
2025-10-01,S003,P016,229,105,157,2,175
2025-10-01,S003,P017,149,61,161,3,46
2025-10-01,S003,P018,108,16,480,3,1
2025-10-01,S003,P019,54,171,53,0,172
2025-10-01,S003,P020,127,144,174,1,96
2025-10-01,S004,P001,35,0,7,2,26
2025-10-01,S004,P002,218,160,370,2,6
2025-10-01,S004,P003,210,174,355,2,27
2025-10-01,S004,P004,90,85,28,1,146
2025-10-01,S004,P005,26,22,45,0,3
2025-10-01,S004,P006,174,24,15,2,181
2025-10-01,S004,P007,32,115,140,-1,5
2025-10-01,S004,P008,30,12,34,1,7
2025-10-01,S004,P009,228,78,235,1,70
2025-10-01,S004,P010,59,149,208,1,0
2025-10-01,S004,P011,68,94,142,0,-10
2025-10-01,S004,P012,194,3,181,0,16
2025-10-01,S004,P013,145,84,99,0,130
2025-10-01,S004,P014,34,116,70,0,80
2025-10-01,S004,P015,125,69,176,0,18
2025-10-01,S004,P016,112,58,40,0,130
2025-10-01,S004,P017,117,76,652,0,30
2025-10-01,S004,P018,110,91,76,0,125
2025-10-01,S004,P019,50,66,84,3,29
2025-10-01,S004,P020,147,178,200,0,125
2025-10-01,S005,P001,223,150,122,0,251
2025-10-01,S005,P002,210,82,266,2,24
2025-10-01,S005,P003,201,48,96,0,153
2025-10-01,S005,P004,121,27,8,3,137
2025-10-01,S005,P005,20,159,2,0,177
2025-10-01,S005,P006,216,63,50,3,226
2025-10-01,S005,P007,239,51,52,2,236
2025-10-01,S005,P008,241,179,32,0,388
2025-10-01,S005,P009,225,115,77,0,263
2025-10-01,S005,P010,144,112,162,1,93
2025-10-01,S005,P011,157,43,158,2,40
2025-10-01,S005,P012,23,80,26,2,75
2025-10-01,S005,P013,119,149,142,0,126
2025-10-01,S005,P014,69,155,5,2,217
2025-10-01,S005,P015,159,150,221,0,88
2025-10-01,S005,P016,120,11,109,0,22
2025-10-01,S005,P017,193,141,109,0,225
2025-10-01,S005,P018,222,57,61,0,218
2025-10-01,S005,P019,95,141,69,2,165
2025-10-01,S005,P020,202,117,108,0,211
2025-10-01,S006,P001,82,84,7,3,156
2025-10-01,S006,P002,54,32,50,3,33
2025-10-01,S006,P003,202,5,46,0,161
2025-10-01,S006,P004,89,147,214,0,22
2025-10-01,S006,P005,129,86,60,0,155
2025-10-01,S006,P006,125,138,7,0,256
2025-10-01,S006,P007,98,11,8,3,98
2025-10-01,S006,P008,197,141,253,1,84
2025-10-01,S006,P009,194,41,48,1,186
2025-10-01,S006,P010,97,111,45,3,160
2025-10-01,S006,P011,42,31,72,0,1
2025-10-01,S006,P012,143,167,132,0,178
2025-10-01,S006,P013,20,179,134,3,62
2025-10-01,S006,P014,136,82,52,0,166
2025-10-01,S006,P015,214,101,276,0,39
2025-10-01,S006,P016,97,81,54,1,123
2025-10-01,S006,P017,154,39,200,1,142
2025-10-01,S006,P018,240,23,147,0,116
2025-10-01,S006,P019,200,157,68,0,289
2025-10-01,S006,P020,58,87,87,0,58
2025-10-01,S007,P001,63,52,14,2,99
2025-10-01,S007,P002,176,171,334,0,13
2025-10-01,S007,P003,199,108,284,0,23
2025-10-01,S007,P004,217,134,127,2,222
2025-10-01,S007,P005,144,14,48,0,110
2025-10-01,S007,P006,227,52,11,1,267
2025-10-01,S007,P007,122,17,74,2,63
2025-10-01,S007,P008,220,25,135,3,107
2025-10-01,S007,P009,25,76,48,2,51
2025-10-01,S007,P010,25,54,44,0,35
2025-10-01,S007,P011,133,137,172,0,98
2025-10-01,S007,P012,29,6,20,0,15
2025-10-01,S007,P013,42,152,182,1,11
2025-10-01,S007,P014,195,66,123,1,137
2025-10-01,S007,P015,120,20,94,0,46
2025-10-01,S007,P016,145,85,150,0,80
2025-10-01,S007,P017,106,126,139,0,93
2025-10-01,S007,P018,83,3,18,3,65
2025-10-01,S007,P019,29,160,49,0,140
2025-10-01,S007,P020,101,143,30,0,214
2025-10-01,S008,P001,158,36,53,0,141
2025-10-01,S008,P002,236,5,69,0,172
2025-10-01,S008,P003,214,111,72,1,252
2025-10-01,S008,P004,117,150,159,2,106
2025-10-01,S008,P005,60,99,76,3,80
2025-10-01,S008,P006,169,146,27,1,287
2025-10-01,S008,P007,65,56,20,2,99
2025-10-01,S008,P008,150,22,124,0,48
2025-10-01,S008,P009,248,172,230,3,187
2025-10-01,S008,P010,126,76,16,0,186
2025-10-01,S008,P011,117,100,64,1,152
2025-10-01,S008,P012,117,104,193,0,28
2025-10-01,S008,P013,22,4,4,1,21
2025-10-01,S008,P014,79,171,98,0,152
2025-10-01,S008,P015,214,82,106,0,190
2025-10-01,S008,P016,152,92,72,0,172
2025-10-01,S008,P017,180,121,7,2,292
2025-10-01,S008,P018,159,26,141,1,43
2025-10-01,S008,P019,118,112,154,0,-10
2025-10-01,S008,P020,30,179,4,0,205
2025-10-01,S009,P001,186,35,53,1,167
2025-10-01,S009,P002,243,22,8,0,257
2025-10-01,S009,P003,155,12,7,0,160
2025-10-01,S009,P004,89,143,45,2,185
2025-10-01,S009,P005,72,12,30,2,52
2025-10-01,S009,P006,163,110,177,3,93
2025-10-01,S009,P007,74,105,126,0,53
2025-10-01,S009,P008,36,178,37,0,177
2025-10-01,S009,P009,102,76,81,0,97
2025-10-01,S009,P010,226,165,300,0,91
2025-10-01,S009,P011,213,49,97,2,163
2025-10-01,S009,P012,112,17,1,3,125
2025-10-01,S009,P013,123,176,176,0,123
2025-10-01,S009,P014,196,46,67,0,175
2025-10-01,S009,P015,25,54,44,0,35
2025-10-01,S009,P016,198,108,147,0,159
2025-10-01,S009,P017,54,119,22,1,150
2025-10-01,S009,P018,241,43,278,0,6
2025-10-01,S009,P019,75,100,121,1,53
2025-10-01,S009,P020,139,49,44,0,144
2025-10-01,S010,P001,247,123,253,0,117
2025-10-01,S010,P002,249,14,86,0,177
2025-10-01,S010,P003,215,125,102,0,238
2025-10-01,S010,P004,146,170,157,0,159
2025-10-01,S010,P005,44,166,20,3,187
2025-10-01,S010,P006,194,138,201,1,130
2025-10-01,S010,P007,141,139,206,3,71
2025-10-01,S010,P008,164,109,95,0,178
2025-10-01,S010,P009,249,168,323,2,92
2025-10-01,S010,P010,28,6,31,0,3
2025-10-01,S010,P011,184,147,123,1,207
2025-10-01,S010,P012,154,76,7,3,220
2025-10-01,S010,P013,31,45,12,3,61
2025-10-01,S010,P014,22,160,121,0,61
2025-10-01,S010,P015,204,96,282,3,15
2025-10-01,S010,P016,78,8,9,0,77
2025-10-01,S010,P017,69,92,39,0,122
2025-10-01,S010,P018,20,9,23,0,6
2025-10-01,S010,P019,77,135,10,0,202
2025-10-01,S010,P020,56,88,59,0,85
2025-10-01,S011,P001,23,88,65,0,46
2025-10-01,S011,P002,239,100,166,0,173
2025-10-01,S011,P003,81,29,24,0,86
2025-10-01,S011,P004,87,113,144,2,54
2025-10-01,S011,P005,102,6,99,3,6
2025-10-01,S011,P006,156,48,137,1,66
2025-10-01,S011,P007,60,123,64,0,119
2025-10-01,S011,P008,189,46,38,3,194
2025-10-01,S011,P009,224,144,346,0,22
2025-10-01,S011,P010,21,171,190,1,1
2025-10-01,S011,P011,120,7,56,3,68
2025-10-01,S011,P012,22,142,106,0,58
2025-10-01,S011,P013,58,89,23,0,124
2025-10-01,S011,P014,245,119,284,3,77
2025-10-01,S011,P015,122,166,126,1,161
2025-10-01,S011,P016,40,105,116,3,26
2025-10-01,S011,P017,164,123,56,2,229
2025-10-01,S011,P018,163,107,16,0,254
2025-10-01,S011,P019,29,173,37,3,162
2025-10-01,S011,P020,185,104,164,0,125
2025-10-01,S012,P001,74,13,23,0,64
2025-10-01,S012,P002,185,165,98,1,251
2025-10-01,S012,P003,53,38,64,1,26
2025-10-01,S012,P004,217,117,233,0,101
2025-10-01,S012,P005,38,102,3,0,137
2025-10-01,S012,P006,201,100,91,2,208
2025-10-01,S012,P007,31,12,5,3,35
2025-10-01,S012,P008,145,12,20,1,136
2025-10-01,S012,P009,141,168,299,0,10
2025-10-01,S012,P010,217,122,53,0,286
2025-10-01,S012,P011,179,32,94,0,117
2025-10-01,S012,P012,216,148,122,0,242
2025-10-01,S012,P013,197,25,35,0,187
2025-10-01,S012,P014,126,99,71,3,151
2025-10-01,S012,P015,70,89,123,0,36
2025-10-01,S012,P016,179,95,221,0,53
2025-10-01,S012,P017,117,24,126,2,13
2025-10-01,S012,P018,130,180,140,0,170
2025-10-01,S012,P019,240,96,52,2,282
2025-10-01,S012,P020,43,121,150,0,14
2025-10-01,S013,P001,26,158,100,0,84
2025-10-01,S013,P002,69,165,125,0,109
2025-10-01,S013,P003,163,41,51,3,150
2025-10-01,S013,P004,44,119,84,3,76
2025-10-01,S013,P005,93,109,68,2,132
2025-10-01,S013,P006,190,117,111,1,195
2025-10-01,S013,P007,91,31,84,0,38
2025-10-01,S013,P008,224,162,217,0,169
2025-10-01,S013,P009,135,116,58,3,190
2025-10-01,S013,P010,69,22,59,0,32
2025-10-01,S013,P011,45,1,16,2,28
2025-10-01,S013,P012,21,38,48,3,8
2025-10-01,S013,P013,34,116,131,0,19
2025-10-01,S013,P014,239,125,117,0,247
2025-10-01,S013,P015,213,101,106,2,206
2025-10-01,S013,P016,130,72,103,2,97
2025-10-01,S013,P017,165,134,134,0,165
2025-10-01,S013,P018,131,43,64,2,108
2025-10-01,S013,P019,117,34,43,0,108
2025-10-01,S013,P020,41,99,139,3,0
2025-10-01,S014,P001,101,176,110,0,167
2025-10-01,S014,P002,158,103,35,3,223
2025-10-01,S014,P003,102,31,51,0,82
2025-10-01,S014,P004,109,55,94,1,69
2025-10-01,S014,P005,117,133,112,1,137
2025-10-01,S014,P006,90,44,5,3,126
2025-10-01,S014,P007,238,176,369,0,45
2025-10-01,S014,P008,142,12,56,0,98
2025-10-01,S014,P009,170,177,136,3,208
2025-10-01,S014,P010,171,117,233,2,53
2025-10-01,S014,P011,93,100,167,0,26
2025-10-01,S014,P012,74,152,0,0,226
2025-10-01,S014,P013,190,52,195,3,44
2025-10-01,S014,P014,224,13,131,0,106
2025-10-01,S014,P015,22,103,67,0,58
2025-10-01,S014,P016,216,113,201,0,128
2025-10-01,S014,P017,27,155,36,0,146
2025-10-01,S014,P018,227,117,128,3,213
2025-10-01,S014,P019,214,19,172,2,59
2025-10-01,S014,P020,223,64,142,3,142
2025-10-01,S015,P001,121,123,82,2,160
2025-10-01,S015,P002,45,1,30,0,16
2025-10-01,S015,P003,194,119,231,0,82
2025-10-01,S015,P004,134,116,68,0,182
2025-10-01,S015,P005,248,106,33,0,321
2025-10-01,S015,P006,190,125,195,2,118
2025-10-01,S015,P007,154,81,167,0,68
2025-10-01,S015,P008,238,147,44,2,339
2025-10-01,S015,P009,212,147,93,0,266
2025-10-01,S015,P010,142,119,170,0,91
2025-10-01,S015,P011,73,150,90,1,132
2025-10-01,S015,P012,68,155,116,3,104
2025-10-01,S015,P013,210,154,111,2,251
2025-10-01,S015,P014,170,3,98,3,72
2025-10-01,S015,P015,20,69,67,1,21
2025-10-01,S015,P016,157,132,246,3,40
2025-10-01,S015,P017,28,39,27,0,40
2025-10-01,S015,P018,231,34,194,3,68
2025-10-01,S015,P019,50,126,48,2,126
2025-10-01,S015,P020,95,68,1,2,160
2025-10-01,S016,P001,109,101,14,0,196
2025-10-01,S016,P002,30,57,68,1,18
2025-10-01,S016,P003,221,86,90,3,214
2025-10-01,S016,P004,75,58,9,0,124
2025-10-01,S016,P005,174,180,350,2,2
2025-10-01,S016,P006,20,81,73,0,28
2025-10-01,S016,P007,45,162,204,1,2
2025-10-01,S016,P008,169,85,169,3,82
2025-10-01,S016,P009,136,175,192,0,119
2025-10-01,S016,P010,71,160,137,3,91
2025-10-01,S016,P011,45,172,100,3,114
2025-10-01,S016,P012,104,145,247,1,1
2025-10-01,S016,P013,42,105,83,3,61
2025-10-01,S016,P014,170,156,113,0,213
2025-10-01,S016,P015,55,100,118,1,36
2025-10-01,S016,P016,59,36,19,3,73
2025-10-01,S016,P017,94,132,99,0,127
2025-10-01,S016,P018,58,97,106,2,47
2025-10-01,S016,P019,65,9,34,3,37
2025-10-01,S016,P020,85,154,226,1,12
2025-10-01,S017,P001,113,132,48,0,197
2025-10-01,S017,P002,38,136,43,0,131
2025-10-01,S017,P003,202,39,23,2,216
2025-10-01,S017,P004,164,10,136,2,36
2025-10-01,S017,P005,200,104,292,2,10
2025-10-01,S017,P006,222,26,59,0,189
2025-10-01,S017,P007,181,50,115,2,114
2025-10-01,S017,P008,132,19,62,2,87
2025-10-01,S017,P009,78,81,41,0,118
2025-10-01,S017,P010,246,118,204,0,160
2025-10-01,S017,P011,241,82,300,3,20
2025-10-01,S017,P012,250,94,295,1,48
2025-10-01,S017,P013,228,90,38,0,280
2025-10-01,S017,P014,199,113,187,0,125
2025-10-01,S017,P015,132,102,182,0,52
2025-10-01,S017,P016,216,174,317,0,73
2025-10-01,S017,P017,250,66,261,1,54
2025-10-01,S017,P018,185,18,98,1,104
2025-10-01,S017,P019,227,150,242,0,135
2025-10-01,S017,P020,64,50,85,0,-10
2025-10-01,S018,P001,55,77,121,0,11
2025-10-01,S018,P002,104,58,141,0,21
2025-10-01,S018,P003,75,23,91,1,6
2025-10-01,S018,P004,46,78,90,1,33
2025-10-01,S018,P005,58,81,129,2,8
2025-10-01,S018,P006,139,128,232,0,35
2025-10-01,S018,P007,107,123,196,0,34
2025-10-01,S018,P008,39,4,29,3,11
2025-10-01,S018,P009,60,159,96,0,123
2025-10-01,S018,P010,24,58,42,1,39
2025-10-01,S018,P011,131,147,198,2,78
2025-10-01,S018,P012,90,76,118,1,47
2025-10-01,S018,P013,47,91,55,3,80
2025-10-01,S018,P014,207,102,86,1,222
2025-10-01,S018,P015,74,14,24,2,62
2025-10-01,S018,P016,33,124,58,0,99
2025-10-01,S018,P017,104,80,72,2,110
2025-10-01,S018,P018,54,143,191,2,4
2025-10-01,S018,P019,186,165,147,0,204
2025-10-01,S018,P020,54,108,101,1,60
2025-10-01,S019,P001,92,145,166,1,70
2025-10-01,S019,P002,63,137,196,0,4
2025-10-01,S019,P003,145,142,112,0,175
2025-10-01,S019,P004,219,65,204,3,77
2025-10-01,S019,P005,185,56,109,-1,130
2025-10-01,S019,P006,86,150,0,0,236
2025-10-01,S019,P007,34,81,73,1,41
2025-10-01,S019,P008,223,135,60,0,298
2025-10-01,S019,P009,71,149,88,0,132
2025-10-01,S019,P010,198,82,3,1,276
2025-10-01,S019,P011,116,102,213,1,4
2025-10-01,S019,P012,34,65,9,0,90
2025-10-01,S019,P013,64,59,105,-1,18
2025-10-01,S019,P014,105,109,154,0,60
2025-10-01,S019,P015,144,68,207,1,4
2025-10-01,S019,P016,126,1,60,3,64
2025-10-01,S019,P017,243,93,34,2,300
2025-10-01,S019,P018,121,36,27,3,127
2025-10-01,S019,P019,160,121,94,0,187
2025-10-01,S019,P020,211,172,119,2,262
2025-10-01,S020,P001,232,91,313,0,10
2025-10-01,S020,P002,164,151,182,2,131
2025-10-01,S020,P003,203,104,102,1,204
2025-10-01,S020,P004,57,32,70,0,19
2025-10-01,S020,P005,40,81,30,0,91
2025-10-01,S020,P006,83,171,16,0,238
2025-10-01,S020,P007,168,104,61,0,211
2025-10-01,S020,P008,142,34,130,1,45
2025-10-01,S020,P009,45,57,64,0,38
2025-10-01,S020,P010,194,56,23,3,224
2025-10-01,S020,P011,71,154,113,0,112
2025-10-01,S020,P012,30,17,20,0,27
2025-10-01,S020,P013,66,156,102,3,117
2025-10-01,S020,P014,132,88,152,3,65
2025-10-01,S020,P015,69,45,89,3,22
2025-10-01,S020,P016,40,33,36,0,37
2025-10-01,S020,P017,135,59,179,2,13
2025-10-01,S020,P018,90,38,75,0,53
2025-10-01,S020,P019,224,55,135,1,143
2025-10-01,S020,P020,229,169,92,0,306
2025-10-01,S021,P001,64,134,118,0,80
2025-10-01,S021,P002,203,36,75,0,164
2025-10-01,S021,P003,101,98,8,2,189
2025-10-01,S021,P004,213,84,104,2,191
2025-10-01,S021,P005,181,118,41,2,256
2025-10-01,S021,P006,161,115,41,0,235
2025-10-01,S021,P007,43,20,12,1,50
2025-10-01,S021,P008,93,65,42,0,116
2025-10-01,S021,P009,104,165,30,0,239
2025-10-01,S021,P010,108,143,245,1,5
2025-10-01,S021,P011,65,105,51,1,118
2025-10-01,S021,P012,45,104,111,0,38
2025-10-01,S021,P013,106,171,176,0,101
2025-10-01,S021,P014,75,103,78,3,97
2025-10-01,S021,P015,246,73,223,0,96
2025-10-01,S021,P016,244,96,218,3,119
2025-10-01,S021,P017,55,169,123,0,101
2025-10-01,S021,P018,134,147,257,1,23
2025-10-01,S021,P019,47,180,182,0,45
2025-10-01,S021,P020,71,27,80,3,15
2025-10-01,S022,P001,57,37,66,2,26
2025-10-01,S022,P002,103,17,86,0,34
2025-10-01,S022,P003,44,81,109,1,15
2025-10-01,S022,P004,142,51,20,0,173
2025-10-01,S022,P005,21,34,42,1,12
2025-10-01,S022,P006,197,47,134,0,110
2025-10-01,S022,P007,56,144,78,2,120
2025-10-01,S022,P008,49,150,16,0,183
2025-10-01,S022,P009,77,4,53,2,26
2025-10-01,S022,P010,78,28,87,0,19
2025-10-01,S022,P011,50,84,55,2,77
2025-10-01,S022,P012,94,34,93,3,32
2025-10-01,S022,P013,76,172,33,2,213
2025-10-01,S022,P014,39,80,94,0,25
2025-10-01,S022,P015,237,125,111,0,251
2025-10-01,S022,P016,53,50,30,3,70
2025-10-01,S022,P017,171,28,70,0,129
2025-10-01,S022,P018,118,66,44,3,137
2025-10-01,S022,P019,81,46,116,0,11
2025-10-01,S022,P020,120,162,163,0,119
2025-10-01,S023,P001,80,91,10,0,161
2025-10-01,S023,P002,72,94,74,1,91
2025-10-01,S023,P003,242,12,96,0,158
2025-10-01,S023,P004,166,144,1,3,306
2025-10-01,S023,P005,191,47,180,1,57
2025-10-01,S023,P006,112,83,52,0,143
2025-10-01,S023,P007,217,165,255,-1,127
2025-10-01,S023,P008,95,73,22,0,146
2025-10-01,S023,P009,162,44,42,0,164
2025-10-01,S023,P010,33,31,14,3,47
2025-10-01,S023,P011,103,79,178,2,2
2025-10-01,S023,P012,108,53,38,0,123
2025-10-01,S023,P013,51,139,143,0,47
2025-10-01,S023,P014,221,115,114,0,222
2025-10-01,S023,P015,45,173,187,2,29
2025-10-01,S023,P016,51,63,84,0,30
2025-10-01,S023,P017,29,101,36,3,91
2025-10-01,S023,P018,245,90,113,1,221
2025-10-01,S023,P019,248,151,74,0,325
2025-10-01,S023,P020,233,28,230,3,28
2025-10-01,S024,P001,66,82,117,3,28
2025-10-01,S024,P002,45,37,45,0,37
2025-10-01,S024,P003,126,16,69,3,70
2025-10-01,S024,P004,57,18,3,0,72
2025-10-01,S024,P005,54,53,90,-1,17
2025-10-01,S024,P006,202,115,234,0,83
2025-10-01,S024,P007,164,58,181,1,40
2025-10-01,S024,P008,140,106,164,3,79
2025-10-01,S024,P009,71,115,34,3,149
2025-10-01,S024,P010,204,9,100,1,112
2025-10-01,S024,P011,171,72,57,0,186
2025-10-01,S024,P012,236,84,109,2,209
2025-10-01,S024,P013,200,79,0,0,279
2025-10-01,S024,P014,174,17,85,3,103
2025-10-01,S024,P015,103,102,202,0,3
2025-10-01,S024,P016,72,116,163,0,25
2025-10-01,S024,P017,230,126,170,1,185
2025-10-01,S024,P018,233,165,256,0,142
2025-10-01,S024,P019,53,153,56,0,150
2025-10-01,S024,P020,224,107,219,0,112
2025-10-01,S025,P001,121,150,234,0,37
2025-10-01,S025,P002,71,125,182,2,12
2025-10-01,S025,P003,129,144,62,0,211
2025-10-01,S025,P004,124,11,57,1,77
2025-10-01,S025,P005,195,148,265,3,75
2025-10-01,S025,P006,53,114,7,0,160
2025-10-01,S025,P007,218,55,143,2,128
2025-10-01,S025,P008,110,122,141,0,91
2025-10-01,S025,P009,89,116,122,0,83
2025-10-01,S025,P010,208,82,73,3,214
2025-10-01,S025,P011,141,81,97,0,125
2025-10-01,S025,P012,34,67,83,0,18
2025-10-01,S025,P013,102,103,79,2,124
2025-10-01,S025,P014,68,80,69,1,78
2025-10-01,S025,P015,113,138,216,0,35
2025-10-01,S025,P016,25,102,44,2,81
2025-10-01,S025,P017,197,88,83,0,202
2025-10-01,S025,P018,141,59,58,0,142
2025-10-01,S025,P019,213,161,208,0,166
2025-10-01,S025,P020,234,88,212,2,108
2025-10-01,S026,P001,32,142,99,0,75
2025-10-01,S026,P002,152,171,158,1,164
2025-10-01,S026,P003,154,24,45,3,130
2025-10-01,S026,P004,131,97,203,0,25
2025-10-01,S026,P005,158,162,18,0,302
2025-10-01,S026,P006,240,146,307,3,76
2025-10-01,S026,P007,249,81,155,2,173
2025-10-01,S026,P008,62,1,41,0,22
2025-10-01,S026,P009,122,35,152,0,5
2025-10-01,S026,P010,159,46,182,0,23
2025-10-01,S026,P011,193,6,136,1,62
2025-10-01,S026,P012,144,115,242,1,16
2025-10-01,S026,P013,99,4,50,2,51
2025-10-01,S026,P014,231,95,194,3,129
2025-10-01,S026,P015,40,112,129,2,21
2025-10-01,S026,P016,204,47,195,3,53
2025-10-01,S026,P017,149,22,110,1,60
2025-10-01,S026,P018,200,96,59,0,237
2025-10-01,S026,P019,166,97,192,0,71
2025-10-01,S026,P020,134,143,45,0,232
2025-10-01,S027,P001,222,115,25,0,312
2025-10-01,S027,P002,216,160,167,1,208
2025-10-01,S027,P003,197,29,88,3,135
2025-10-01,S027,P004,23,124,76,0,71
2025-10-01,S027,P005,212,164,81,0,295
2025-10-01,S027,P006,87,158,54,0,191
2025-10-01,S027,P007,250,75,310,0,15
2025-10-01,S027,P008,47,150,61,0,136
2025-10-01,S027,P009,89,169,71,0,187
2025-10-01,S027,P010,214,145,132,1,226
2025-10-01,S027,P011,200,91,284,2,5
2025-10-01,S027,P012,69,16,80,0,5
2025-10-01,S027,P013,88,173,134,0,127
2025-10-01,S027,P014,67,22,35,0,54
2025-10-01,S027,P015,220,8,98,0,130
2025-10-01,S027,P016,47,80,93,2,32
2025-10-01,S027,P017,209,135,15,1,328
2025-10-01,S027,P018,237,124,28,0,333
2025-10-01,S027,P019,135,155,275,1,14
2025-10-01,S027,P020,197,154,154,0,197
2025-10-01,S028,P001,27,17,4,3,37
2025-10-01,S028,P002,57,103,59,2,99
2025-10-01,S028,P003,92,134,121,2,103
2025-10-01,S028,P004,135,124,55,0,204
2025-10-01,S028,P005,73,44,116,0,1
2025-10-01,S028,P006,152,82,104,2,128
2025-10-01,S028,P007,207,19,80,1,145
2025-10-01,S028,P008,78,26,67,0,37
2025-10-01,S028,P009,106,153,177,3,79
2025-10-01,S028,P010,248,20,202,0,66
2025-10-01,S028,P011,106,80,33,2,151
2025-10-01,S028,P012,192,49,211,0,30
2025-10-01,S028,P013,33,136,98,0,71
2025-10-01,S028,P014,105,69,138,2,34
2025-10-01,S028,P015,24,147,169,0,2
2025-10-01,S028,P016,249,14,28,0,235
2025-10-01,S028,P017,161,72,39,2,192
2025-10-01,S028,P018,51,144,124,0,71
2025-10-01,S028,P019,111,59,99,0,71
2025-10-01,S028,P020,207,50,243,0,14
2025-10-01,S029,P001,149,74,190,2,31
2025-10-01,S029,P002,217,164,100,1,280
2025-10-01,S029,P003,214,106,32,0,288
2025-10-01,S029,P004,210,106,10,2,304
2025-10-01,S029,P005,25,103,19,2,107
2025-10-01,S029,P006,76,162,225,0,13
2025-10-01,S029,P007,122,64,164,0,22
2025-10-01,S029,P008,205,37,18,0,224
2025-10-01,S029,P009,205,25,90,2,138
2025-10-01,S029,P010,23,65,32,0,56
2025-10-01,S029,P011,120,35,108,0,47
2025-10-01,S029,P012,204,86,107,0,183
2025-10-01,S029,P013,79,63,119,-1,23
2025-10-01,S029,P014,192,62,217,0,37
2025-10-01,S029,P015,73,12,51,2,32
2025-10-01,S029,P016,131,84,167,0,48
2025-10-01,S029,P017,153,118,145,2,124
2025-10-01,S029,P018,174,57,40,3,188
2025-10-01,S029,P019,116,77,54,2,137
2025-10-01,S029,P020,57,84,130,0,11
2025-10-01,S030,P001,63,82,141,1,3
2025-10-01,S030,P002,86,28,100,0,14
2025-10-01,S030,P003,124,51,88,0,87
2025-10-01,S030,P004,173,30,160,0,43
2025-10-01,S030,P005,166,121,143,3,141
2025-10-01,S030,P006,47,119,1,3,162
2025-10-01,S030,P007,213,108,291,0,30
2025-10-01,S030,P008,66,120,14,0,172
2025-10-01,S030,P009,170,71,117,2,122
2025-10-01,S030,P010,68,100,43,2,123
2025-10-01,S030,P011,238,103,223,0,118
2025-10-01,S030,P012,128,155,121,2,160
2025-10-01,S030,P013,122,163,10,0,275
2025-10-01,S030,P014,41,91,74,0,58
2025-10-01,S030,P015,145,31,70,0,106
2025-10-01,S030,P016,148,50,160,0,38
2025-10-01,S030,P017,20,21,3,0,38
2025-10-01,S030,P018,96,132,145,0,83
2025-10-01,S030,P019,65,88,148,1,4
2025-10-01,S030,P020,153,155,218,1,89
2025-10-01,S031,P001,116,44,157,3,0
2025-10-01,S031,P002,143,29,27,0,145
2025-10-01,S031,P003,83,63,30,2,114
2025-10-01,S031,P004,66,113,11,1,167
2025-10-01,S031,P005,93,115,21,0,187
2025-10-01,S031,P006,214,160,180,0,194
2025-10-01,S031,P007,66,28,67,2,25
2025-10-01,S031,P008,83,90,86,3,84
2025-10-01,S031,P009,166,89,253,0,2
2025-10-01,S031,P010,34,40,44,2,28
2025-10-01,S031,P011,179,141,23,3,294
2025-10-01,S031,P012,31,131,138,0,24
2025-10-01,S031,P013,66,84,58,0,92
2025-10-01,S031,P014,217,156,359,0,14
2025-10-01,S031,P015,228,32,84,0,176
2025-10-01,S031,P016,209,47,72,0,184
2025-10-01,S031,P017,128,62,51,0,139
2025-10-01,S031,P018,87,114,7,1,193
2025-10-01,S031,P019,108,135,96,0,147
2025-10-01,S031,P020,157,109,227,0,39
2025-10-01,S032,P001,248,117,232,0,133
2025-10-01,S032,P002,237,37,108,3,163
2025-10-01,S032,P003,91,22,3,3,107
2025-10-01,S032,P004,161,6,76,3,88
2025-10-01,S032,P005,29,18,32,1,14
2025-10-01,S032,P006,124,47,162,0,9
2025-10-01,S032,P007,163,97,152,3,105
2025-10-01,S032,P008,106,23,113,1,15
2025-10-01,S032,P009,140,178,64,2,252
2025-10-01,S032,P010,78,149,60,3,164
2025-10-01,S032,P011,60,114,43,0,131
2025-10-01,S032,P012,228,173,304,0,97
2025-10-01,S032,P013,177,118,176,0,119
2025-10-01,S032,P014,96,85,97,0,84
2025-10-01,S032,P015,187,177,245,0,119
2025-10-01,S032,P016,61,11,48,2,22
2025-10-01,S032,P017,187,160,139,0,208
2025-10-01,S032,P018,114,28,101,1,40
2025-10-01,S032,P019,143,136,116,1,162
2025-10-01,S032,P020,138,56,136,1,57
2025-10-01,S033,P001,187,120,118,0,189
2025-10-01,S033,P002,129,14,106,3,34
2025-10-01,S033,P003,134,85,145,2,72
2025-10-01,S033,P004,112,45,47,-1,108
2025-10-01,S033,P005,189,113,59,3,240
2025-10-01,S033,P006,118,55,15,3,155
2025-10-01,S033,P007,147,161,220,2,86
2025-10-01,S033,P008,39,150,39,0,150
2025-10-01,S033,P009,116,61,33,3,141
2025-10-01,S033,P010,148,179,67,2,258
2025-10-01,S033,P011,118,118,210,0,26
2025-10-01,S033,P012,112,141,19,0,234
2025-10-01,S033,P013,237,142,108,0,271
2025-10-01,S033,P014,151,134,9,2,274
2025-10-01,S033,P015,126,3,45,0,84
2025-10-01,S033,P016,155,7,97,3,62
2025-10-01,S033,P017,125,175,98,2,200
2025-10-01,S033,P018,149,84,55,0,-10
2025-10-01,S033,P019,138,149,32,3,252
2025-10-01,S033,P020,146,0,70,2,74
2025-10-01,S034,P001,21,139,104,0,56
2025-10-01,S034,P002,198,137,171,0,-10
2025-10-01,S034,P003,29,67,9,0,87
2025-10-01,S034,P004,24,11,24,3,8
2025-10-01,S034,P005,213,176,156,0,233
2025-10-01,S034,P006,83,67,144,3,3
2025-10-01,S034,P007,78,41,51,3,65
2025-10-01,S034,P008,64,39,73,0,30
2025-10-01,S034,P009,183,13,27,0,169
2025-10-01,S034,P010,141,101,188,0,54
2025-10-01,S034,P011,125,33,65,0,93
2025-10-01,S034,P012,173,81,82,3,169
2025-10-01,S034,P013,57,160,118,2,97
2025-10-01,S034,P014,64,83,42,0,105
2025-10-01,S034,P015,119,67,30,2,154
2025-10-01,S034,P016,228,55,18,0,265
2025-10-01,S034,P017,60,111,103,1,67
2025-10-01,S034,P018,112,55,136,3,28
2025-10-01,S034,P019,20,19,5,0,34
2025-10-01,S034,P020,66,51,23,3,91
2025-10-01,S035,P001,174,50,34,0,190
2025-10-01,S035,P002,166,150,168,3,145
2025-10-01,S035,P003,42,7,30,0,19
2025-10-01,S035,P004,63,160,12,2,209
2025-10-01,S035,P005,90,0,23,1,66
2025-10-01,S035,P006,62,143,132,0,73
2025-10-01,S035,P007,193,104,237,2,58
2025-10-01,S035,P008,111,68,79,0,100
2025-10-01,S035,P009,202,128,103,0,227
2025-10-01,S035,P010,21,81,49,2,51
2025-10-01,S035,P011,124,30,17,3,134
2025-10-01,S035,P012,197,175,177,0,195
2025-10-01,S035,P013,111,178,204,0,85
2025-10-01,S035,P014,24,88,17,1,94
2025-10-01,S035,P015,201,66,184,3,80
2025-10-01,S035,P016,50,11,32,0,29
2025-10-01,S035,P017,217,54,27,1,243
2025-10-01,S035,P018,219,111,96,2,232
2025-10-01,S035,P019,184,66,136,2,112
2025-10-01,S035,P020,116,0,69,0,47
2025-11-01,S001,P001,129,59,182,1,5
2025-11-01,S001,P002,38,124,91,0,71
2025-11-01,S001,P003,196,48,4,2,238
2025-11-01,S001,P004,93,106,123,0,76
2025-11-01,S001,P005,176,34,59,0,151
2025-11-01,S001,P006,52,176,184,0,44
2025-11-01,S001,P007,246,72,163,0,155
2025-11-01,S001,P008,247,175,372,2,48
2025-11-01,S001,P009,225,76,121,0,180
2025-11-01,S001,P010,185,81,156,2,108
2025-11-01,S001,P011,47,125,169,3,0
2025-11-01,S001,P012,118,118,69,0,167
2025-11-01,S001,P013,205,54,198,1,60
2025-11-01,S001,P014,71,65,31,2,103
2025-11-01,S001,P015,105,16,28,2,91
2025-11-01,S001,P016,34,23,55,0,2
2025-11-01,S001,P017,64,161,97,0,128
2025-11-01,S001,P018,28,178,187,0,19
2025-11-01,S001,P019,76,21,75,0,22
2025-11-01,S001,P020,174,177,308,0,43
2025-11-01,S002,P001,185,17,51,3,148
2025-11-01,S002,P002,194,56,145,0,105
2025-11-01,S002,P003,84,42,117,1,8
2025-11-01,S002,P004,221,155,25,0,351
2025-11-01,S002,P005,242,70,71,0,241
2025-11-01,S002,P006,185,63,242,0,6
2025-11-01,S002,P007,159,137,250,1,45
2025-11-01,S002,P008,193,54,155,0,92
2025-11-01,S002,P009,32,51,21,2,60
2025-11-01,S002,P010,58,173,46,2,183
2025-11-01,S002,P011,220,17,150,0,87
2025-11-01,S002,P012,60,66,116,1,9
2025-11-01,S002,P013,195,113,279,3,26
2025-11-01,S002,P014,155,35,47,2,141
2025-11-01,S002,P015,135,62,30,2,165
2025-11-01,S002,P016,241,161,132,0,270
2025-11-01,S002,P017,80,104,156,2,26
2025-11-01,S002,P018,159,16,5,2,168
2025-11-01,S002,P019,153,143,79,0,217
2025-11-01,S002,P020,90,118,12,0,196
2025-11-01,S003,P001,172,66,48,0,-10
2025-11-01,S003,P002,231,11,12,3,227
2025-11-01,S003,P003,63,93,140,3,13
2025-11-01,S003,P004,135,6,131,0,10
2025-11-01,S003,P005,235,6,121,1,119
2025-11-01,S003,P006,142,119,22,1,238
2025-11-01,S003,P007,146,47,63,3,127
2025-11-01,S003,P008,231,108,166,0,173
2025-11-01,S003,P009,188,129,64,1,252
2025-11-01,S003,P010,81,28,58,0,51
2025-11-01,S003,P011,213,77,24,2,264
2025-11-01,S003,P012,212,7,45,3,171
2025-11-01,S003,P013,76,133,60,1,148
2025-11-01,S003,P014,51,79,29,1,100
2025-11-01,S003,P015,51,68,96,1,-10
2025-11-01,S003,P016,171,140,141,2,168
2025-11-01,S003,P017,52,170,141,3,78
2025-11-01,S003,P018,63,81,71,1,72
2025-11-01,S003,P019,64,132,13,0,183
2025-11-01,S003,P020,136,128,138,0,126
2025-11-01,S004,P001,168,131,259,0,40
2025-11-01,S004,P002,54,78,10,0,122
2025-11-01,S004,P003,162,175,223,1,113
2025-11-01,S004,P004,231,62,278,0,15
2025-11-01,S004,P005,91,27,82,1,35
2025-11-01,S004,P006,44,20,52,3,9
2025-11-01,S004,P007,21,176,2,2,193
2025-11-01,S004,P008,28,37,46,1,18
2025-11-01,S004,P009,203,61,256,0,8
2025-11-01,S004,P010,30,61,71,2,18
2025-11-01,S004,P011,198,153,262,0,89
2025-11-01,S004,P012,85,111,50,0,146
2025-11-01,S004,P013,168,21,69,0,120
2025-11-01,S004,P014,183,7,168,0,22
2025-11-01,S004,P015,123,109,213,1,18
2025-11-01,S004,P016,105,141,202,2,42
2025-11-01,S004,P017,48,53,64,0,37
2025-11-01,S004,P018,33,135,84,0,84
2025-11-01,S004,P019,199,80,158,1,120
2025-11-01,S004,P020,224,141,199,1,165
2025-11-01,S005,P001,104,63,77,0,90
2025-11-01,S005,P002,156,115,61,0,210
2025-11-01,S005,P003,249,33,193,0,89
2025-11-01,S005,P004,240,109,297,0,52
2025-11-01,S005,P005,235,178,399,0,14
2025-11-01,S005,P006,222,41,76,2,185
2025-11-01,S005,P007,87,46,36,3,94
2025-11-01,S005,P008,180,96,268,0,8
2025-11-01,S005,P009,168,163,197,2,132
2025-11-01,S005,P010,58,63,84,3,34
2025-11-01,S005,P011,61,29,80,2,8
2025-11-01,S005,P012,106,106,151,2,59
2025-11-01,S005,P013,89,79,66,2,100
2025-11-01,S005,P014,46,40,32,3,51
2025-11-01,S005,P015,170,32,6,1,195
2025-11-01,S005,P016,74,42,98,0,18
2025-11-01,S005,P017,137,8,140,0,5
2025-11-01,S005,P018,112,95,69,2,136
2025-11-01,S005,P019,48,143,99,1,91
2025-11-01,S005,P020,177,176,41,0,312
2025-11-01,S006,P001,118,1,47,0,72
2025-11-01,S006,P002,191,93,146,2,136
2025-11-01,S006,P003,150,39,183,3,3
2025-11-01,S006,P004,158,180,233,0,-10
2025-11-01,S006,P005,228,94,39,0,283
2025-11-01,S006,P006,195,177,24,2,346
2025-11-01,S006,P007,61,111,158,0,14
2025-11-01,S006,P008,192,101,225,0,68
2025-11-01,S006,P009,131,107,53,3,182
2025-11-01,S006,P010,211,140,188,2,161
2025-11-01,S006,P011,119,90,154,0,55
2025-11-01,S006,P012,106,128,124,0,110
2025-11-01,S006,P013,242,124,363,0,3
2025-11-01,S006,P014,141,119,203,0,57
2025-11-01,S006,P015,47,22,62,3,4
2025-11-01,S006,P016,79,172,86,2,163
2025-11-01,S006,P017,221,89,228,0,82
2025-11-01,S006,P018,203,41,227,0,17
2025-11-01,S006,P019,107,140,43,0,204
2025-11-01,S006,P020,170,135,252,2,51
2025-11-01,S007,P001,49,154,103,0,100
2025-11-01,S007,P002,207,41,118,0,130
2025-11-01,S007,P003,93,103,37,0,159
2025-11-01,S007,P004,175,114,277,3,9
2025-11-01,S007,P005,123,55,108,0,70
2025-11-01,S007,P006,203,128,84,3,244
2025-11-01,S007,P007,147,7,139,0,15
2025-11-01,S007,P008,185,131,97,0,219
2025-11-01,S007,P009,214,134,139,3,206
2025-11-01,S007,P010,104,108,151,1,60
2025-11-01,S007,P011,241,5,199,0,47
2025-11-01,S007,P012,237,166,168,1,234
2025-11-01,S007,P013,31,171,196,1,5
2025-11-01,S007,P014,70,28,62,2,34
2025-11-01,S007,P015,200,158,139,0,219
2025-11-01,S007,P016,167,135,217,0,85
2025-11-01,S007,P017,113,117,216,0,14
2025-11-01,S007,P018,101,49,101,2,47
2025-11-01,S007,P019,238,91,58,2,269
2025-11-01,S007,P020,220,24,21,0,223
2025-11-01,S008,P001,230,122,246,3,103
2025-11-01,S008,P002,32,20,5,0,47
2025-11-01,S008,P003,194,21,170,0,45
2025-11-01,S008,P004,56,66,49,3,70
2025-11-01,S008,P005,196,33,112,2,115
2025-11-01,S008,P006,27,115,107,0,35
2025-11-01,S008,P007,151,91,180,1,61
2025-11-01,S008,P008,131,134,12,3,250
2025-11-01,S008,P009,31,103,122,0,12
2025-11-01,S008,P010,155,77,204,0,28
2025-11-01,S008,P011,82,72,83,0,71
2025-11-01,S008,P012,68,6,51,0,23
2025-11-01,S008,P013,122,127,159,3,87
2025-11-01,S008,P014,226,104,11,0,319
2025-11-01,S008,P015,136,66,166,0,36
2025-11-01,S008,P016,60,122,126,0,56
2025-11-01,S008,P017,200,128,252,0,265
2025-11-01,S008,P018,97,41,3,3,132
2025-11-01,S008,P019,233,9,208,0,34
2025-11-01,S008,P020,46,87,116,3,14
2025-11-01,S009,P001,178,171,296,0,53
2025-11-01,S009,P002,137,127,60,0,204
2025-11-01,S009,P003,40,141,164,0,17
2025-11-01,S009,P004,61,71,119,0,13
2025-11-01,S009,P005,247,71,67,0,251
2025-11-01,S009,P006,208,34,7,1,234
2025-11-01,S009,P007,69,30,14,2,83
2025-11-01,S009,P008,87,41,98,2,28
2025-11-01,S009,P009,52,85,81,1,55
2025-11-01,S009,P010,206,39,4,0,241
2025-11-01,S009,P011,60,47,66,0,41
2025-11-01,S009,P012,203,111,259,0,55
2025-11-01,S009,P013,77,16,89,0,4
2025-11-01,S009,P014,186,132,18,0,300
2025-11-01,S009,P015,56,142,73,1,124
2025-11-01,S009,P016,112,154,84,2,180
2025-11-01,S009,P017,166,101,232,2,33
2025-11-01,S009,P018,147,30,147,2,28
2025-11-01,S009,P019,48,125,47,3,123
2025-11-01,S009,P020,52,128,176,1,3
2025-11-01,S010,P001,127,18,4,3,138
2025-11-01,S010,P002,135,71,123,1,82
2025-11-01,S010,P003,218,49,240,0,27
2025-11-01,S010,P004,53,57,29,3,78
2025-11-01,S010,P005,31,40,35,2,34
2025-11-01,S010,P006,248,76,199,0,125
2025-11-01,S010,P007,126,99,29,0,196
2025-11-01,S010,P008,87,179,5,1,260
2025-11-01,S010,P009,64,141,169,2,34
2025-11-01,S010,P010,50,65,58,1,56
2025-11-01,S010,P011,128,45,85,2,86
2025-11-01,S010,P012,64,111,95,1,79
2025-11-01,S010,P013,83,144,63,2,162
2025-11-01,S010,P014,38,34,55,0,17
2025-11-01,S010,P015,177,82,255,0,4
2025-11-01,S010,P016,121,78,28,3,168
2025-11-01,S010,P017,48,129,112,3,62
2025-11-01,S010,P018,37,68,87,0,18
2025-11-01,S010,P019,215,106,135,3,183
2025-11-01,S010,P020,215,37,48,0,204
2025-11-01,S011,P001,248,26,13,2,259
2025-11-01,S011,P002,31,55,20,3,63
2025-11-01,S011,P003,184,94,132,2,144
2025-11-01,S011,P004,72,97,140,3,26
2025-11-01,S011,P005,84,116,102,0,98
2025-11-01,S011,P006,229,3,37,2,193
2025-11-01,S011,P007,224,171,229,0,166
2025-11-01,S011,P008,175,24,121,3,75
2025-11-01,S011,P009,218,166,254,0,130
2025-11-01,S011,P010,145,133,73,1,204
2025-11-01,S011,P011,71,136,142,0,65
2025-11-01,S011,P012,239,174,330,0,83
2025-11-01,S011,P013,77,172,160,2,87
2025-11-01,S011,P014,209,179,123,0,265
2025-11-01,S011,P015,129,52,105,0,76
2025-11-01,S011,P016,193,177,124,0,246
2025-11-01,S011,P017,101,119,193,0,27
2025-11-01,S011,P018,27,128,69,0,86
2025-11-01,S011,P019,161,38,100,0,99
2025-11-01,S011,P020,44,44,78,1,9
2025-11-01,S012,P001,192,74,174,2,90
2025-11-01,S012,P002,41,135,31,3,142
2025-11-01,S012,P003,156,47,21,3,179
2025-11-01,S012,P004,160,3,86,0,77
2025-11-01,S012,P005,242,69,105,0,206
2025-11-01,S012,P006,90,7,4,0,93
2025-11-01,S012,P007,67,160,115,0,112
2025-11-01,S012,P008,73,172,109,0,136
2025-11-01,S012,P009,170,24,122,0,72
2025-11-01,S012,P010,27,146,164,0,9
2025-11-01,S012,P011,106,23,79,3,47
2025-11-01,S012,P012,202,175,47,0,330
2025-11-01,S012,P013,208,68,187,1,88
2025-11-01,S012,P014,166,135,163,0,138
2025-11-01,S012,P015,67,142,16,1,192
2025-11-01,S012,P016,50,27,26,3,48
2025-11-01,S012,P017,226,74,146,2,152
2025-11-01,S012,P018,105,19,24,2,98
2025-11-01,S012,P019,99,28,3,0,124
2025-11-01,S012,P020,106,115,137,1,83
2025-11-01,S013,P001,135,106,95,2,144
2025-11-01,S013,P002,28,177,203,1,1
2025-11-01,S013,P003,62,122,178,3,3
2025-11-01,S013,P004,174,46,164,2,54
2025-11-01,S013,P005,45,62,98,0,9
2025-11-01,S013,P006,155,14,162,2,5
2025-11-01,S013,P007,92,64,114,2,40
2025-11-01,S013,P008,104,155,196,1,62
2025-11-01,S013,P009,25,106,46,0,85
2025-11-01,S013,P010,199,95,39,0,255
2025-11-01,S013,P011,36,76,101,2,9
2025-11-01,S013,P012,23,47,48,0,22
2025-11-01,S013,P013,231,114,291,0,54
2025-11-01,S013,P014,184,152,87,2,247
2025-11-01,S013,P015,163,56,76,0,143
2025-11-01,S013,P016,231,10,103,3,135
2025-11-01,S013,P017,83,73,25,0,131
2025-11-01,S013,P018,158,130,196,0,92
2025-11-01,S013,P019,194,164,139,0,219
2025-11-01,S013,P020,196,63,52,2,205
2025-11-01,S014,P001,179,67,30,2,214
2025-11-01,S014,P002,57,139,20,1,175
2025-11-01,S014,P003,21,2,7,1,15
2025-11-01,S014,P004,72,75,129,0,18
2025-11-01,S014,P005,204,151,15,3,337
2025-11-01,S014,P006,110,97,17,0,190
2025-11-01,S014,P007,120,60,9,0,171
2025-11-01,S014,P008,236,84,237,1,82
2025-11-01,S014,P009,127,25,117,0,35
2025-11-01,S014,P010,219,40,812,0,56
2025-11-01,S014,P011,170,59,227,3,0
2025-11-01,S014,P012,46,69,90,0,25
2025-11-01,S014,P013,37,38,37,0,38
2025-11-01,S014,P014,193,133,230,1,95
2025-11-01,S014,P015,208,80,243,0,45
2025-11-01,S014,P016,130,114,192,3,49
2025-11-01,S014,P017,132,167,93,0,206
2025-11-01,S014,P018,177,129,199,1,106
2025-11-01,S014,P019,130,60,168,0,22
2025-11-01,S014,P020,187,96,43,1,239
2025-11-01,S015,P001,22,41,49,2,12
2025-11-01,S015,P002,244,142,122,2,262
2025-11-01,S015,P003,64,105,133,0,36
2025-11-01,S015,P004,207,161,366,0,2
2025-11-01,S015,P005,119,104,89,0,134
2025-11-01,S015,P006,139,59,0,0,198
2025-11-01,S015,P007,45,158,102,0,101
2025-11-01,S015,P008,149,71,121,3,96
2025-11-01,S015,P009,113,95,39,0,169
2025-11-01,S015,P010,213,121,107,1,226
2025-11-01,S015,P011,102,172,131,1,142
2025-11-01,S015,P012,120,53,76,3,94
2025-11-01,S015,P013,107,151,199,3,56
2025-11-01,S015,P014,182,91,97,0,176
2025-11-01,S015,P015,63,178,72,1,168
2025-11-01,S015,P016,124,18,32,0,110
2025-11-01,S015,P017,55,41,26,2,68
2025-11-01,S015,P018,131,163,126,2,166
2025-11-01,S015,P019,104,151,64,3,188
2025-11-01,S015,P020,90,78,12,2,154
2025-11-01,S016,P001,238,43,236,0,45
2025-11-01,S016,P002,63,90,143,0,10
2025-11-01,S016,P003,198,172,351,3,16
2025-11-01,S016,P004,131,161,179,3,110
2025-11-01,S016,P005,190,17,58,0,149
2025-11-01,S016,P006,20,25,34,1,10
2025-11-01,S016,P007,41,98,78,2,59
2025-11-01,S016,P008,140,92,79,3,150
2025-11-01,S016,P009,235,38,94,0,179
2025-11-01,S016,P010,204,39,151,1,91
2025-11-01,S016,P011,236,44,227,2,51
2025-11-01,S016,P012,45,17,47,3,12
2025-11-01,S016,P013,193,137,69,0,261
2025-11-01,S016,P014,55,59,5,2,107
2025-11-01,S016,P015,124,113,83,0,154
2025-11-01,S016,P016,35,95,92,2,36
2025-11-01,S016,P017,62,93,85,1,69
2025-11-01,S016,P018,207,107,197,3,114
2025-11-01,S016,P019,183,172,315,1,39
2025-11-01,S016,P020,200,174,259,0,115
2025-11-01,S017,P001,80,176,217,1,38
2025-11-01,S017,P002,66,165,170,0,61
2025-11-01,S017,P003,140,44,26,0,158
2025-11-01,S017,P004,149,87,2,0,234
2025-11-01,S017,P005,154,137,182,2,107
2025-11-01,S017,P006,216,6,0,2,220
2025-11-01,S017,P007,153,0,100,0,53
2025-11-01,S017,P008,214,120,46,0,288
2025-11-01,S017,P009,238,104,77,0,265
2025-11-01,S017,P010,194,98,176,0,116
2025-11-01,S017,P011,90,98,62,0,126
2025-11-01,S017,P012,34,150,143,1,40
2025-11-01,S017,P013,169,9,141,1,36
2025-11-01,S017,P014,193,17,106,0,104
2025-11-01,S017,P015,73,151,194,0,30
2025-11-01,S017,P016,39,113,15,3,134
2025-11-01,S017,P017,153,148,82,3,216
2025-11-01,S017,P018,243,70,38,3,272
2025-11-01,S017,P019,29,62,35,3,53
2025-11-01,S017,P020,203,61,2,0,262
2025-11-01,S018,P001,116,81,79,3,115
2025-11-01,S018,P002,167,99,52,3,211
2025-11-01,S018,P003,87,16,57,0,46
2025-11-01,S018,P004,173,97,152,0,118
2025-11-01,S018,P005,230,169,200,0,199
2025-11-01,S018,P006,170,177,160,1,186
2025-11-01,S018,P007,189,106,65,0,230
2025-11-01,S018,P008,84,113,1,0,196
2025-11-01,S018,P009,93,88,141,2,38
2025-11-01,S018,P010,98,111,127,3,79
2025-11-01,S018,P011,158,31,87,1,-10
2025-11-01,S018,P012,61,96,39,3,115
2025-11-01,S018,P013,235,176,398,3,10
2025-11-01,S018,P014,27,58,52,0,33
2025-11-01,S018,P015,82,33,112,1,2
2025-11-01,S018,P016,194,180,314,0,60
2025-11-01,S018,P017,247,63,80,2,228
2025-11-01,S018,P018,218,154,302,3,67
2025-11-01,S018,P019,38,170,184,3,21
2025-11-01,S018,P020,81,139,146,0,74
2025-11-01,S019,P001,56,58,93,3,18
2025-11-01,S019,P002,87,112,144,0,163
2025-11-01,S019,P003,190,165,32,1,322
2025-11-01,S019,P004,249,114,16,1,346
2025-11-01,S019,P005,216,62,151,0,127
2025-11-01,S019,P006,241,107,335,0,13
2025-11-01,S019,P007,22,7,11,2,16
2025-11-01,S019,P008,200,159,90,0,269
2025-11-01,S019,P009,220,78,257,2,39
2025-11-01,S019,P010,139,72,162,0,49
2025-11-01,S019,P011,235,55,91,1,198
2025-11-01,S019,P012,208,100,2,0,306
2025-11-01,S019,P013,71,9,32,0,48
2025-11-01,S019,P014,238,44,270,-1,9
2025-11-01,S019,P015,103,136,41,0,198
2025-11-01,S019,P016,66,15,35,0,46
2025-11-01,S019,P017,206,56,254,3,5
2025-11-01,S019,P018,101,168,79,0,190
2025-11-01,S019,P019,147,136,274,0,9
2025-11-01,S019,P020,174,152,191,3,132
2025-11-01,S020,P001,201,141,287,1,54
2025-11-01,S020,P002,228,73,61,0,240
2025-11-01,S020,P003,147,173,254,3,63
2025-11-01,S020,P004,109,126,150,0,85
2025-11-01,S020,P005,154,100,54,0,200
2025-11-01,S020,P006,114,80,104,-1,87
2025-11-01,S020,P007,51,123,104,3,67
2025-11-01,S020,P008,109,39,43,1,104
2025-11-01,S020,P009,248,163,53,0,358
2025-11-01,S020,P010,159,136,202,1,92
2025-11-01,S020,P011,166,136,3,1,298
2025-11-01,S020,P012,45,45,36,0,54
2025-11-01,S020,P013,153,20,79,0,94
2025-11-01,S020,P014,218,52,173,0,97
2025-11-01,S020,P015,152,97,175,1,73
2025-11-01,S020,P016,248,70,251,0,67
2025-11-01,S020,P017,113,41,62,2,90
2025-11-01,S020,P018,28,11,11,0,28
2025-11-01,S020,P019,101,122,6,0,217
2025-11-01,S020,P020,76,142,135,0,83
2025-11-01,S021,P001,220,14,129,0,105
2025-11-01,S021,P002,129,166,130,0,165
2025-11-01,S021,P003,44,60,37,0,67
2025-11-01,S021,P004,168,40,196,3,9
2025-11-01,S021,P005,245,138,9,0,374
2025-11-01,S021,P006,223,125,275,0,73
2025-11-01,S021,P007,130,169,278,3,18
2025-11-01,S021,P008,104,33,75,1,61
2025-11-01,S021,P009,170,88,254,0,4
2025-11-01,S021,P010,196,69,159,2,104
2025-11-01,S021,P011,114,139,158,2,93
2025-11-01,S021,P012,139,49,182,3,3
2025-11-01,S021,P013,113,112,1,3,221
2025-11-01,S021,P014,82,76,62,1,95
2025-11-01,S021,P015,98,180,218,3,57
2025-11-01,S021,P016,112,123,233,0,2
2025-11-01,S021,P017,241,56,237,3,57
2025-11-01,S021,P018,132,32,79,1,84
2025-11-01,S021,P019,138,160,86,3,209
2025-11-01,S021,P020,51,17,52,-1,16
2025-11-01,S022,P001,174,154,40,0,288
2025-11-01,S022,P002,117,104,118,1,102
2025-11-01,S022,P003,199,106,266,0,39
2025-11-01,S022,P004,179,96,118,0,157
2025-11-01,S022,P005,75,175,20,1,229
2025-11-01,S022,P006,163,43,34,0,172
2025-11-01,S022,P007,133,167,124,0,176
2025-11-01,S022,P008,185,100,105,0,180
2025-11-01,S022,P009,166,42,199,2,7
2025-11-01,S022,P010,238,140,206,2,170
2025-11-01,S022,P011,137,83,155,0,65
2025-11-01,S022,P012,230,160,228,0,-10
2025-11-01,S022,P013,212,100,303,0,9
2025-11-01,S022,P014,125,85,36,1,173
2025-11-01,S022,P015,67,21,71,0,17
2025-11-01,S022,P016,130,127,140,0,117
2025-11-01,S022,P017,148,153,20,2,279
2025-11-01,S022,P018,165,11,121,0,55
2025-11-01,S022,P019,238,13,110,1,140
2025-11-01,S022,P020,240,17,187,0,70
2025-11-01,S023,P001,23,81,10,3,91
2025-11-01,S023,P002,135,168,269,2,32
2025-11-01,S023,P003,206,108,166,2,146
2025-11-01,S023,P004,209,79,285,0,3
2025-11-01,S023,P005,71,164,72,0,163
2025-11-01,S023,P006,96,145,215,1,25
2025-11-01,S023,P007,168,95,55,0,208
2025-11-01,S023,P008,95,178,203,1,69
2025-11-01,S023,P009,96,178,256,0,18
2025-11-01,S023,P010,40,169,204,3,2
2025-11-01,S023,P011,187,51,76,0,162
2025-11-01,S023,P012,132,164,284,2,10
2025-11-01,S023,P013,220,16,157,0,79
2025-11-01,S023,P014,101,104,30,0,175
2025-11-01,S023,P015,153,63,50,0,166
2025-11-01,S023,P016,98,134,168,1,63
2025-11-01,S023,P017,131,103,5,2,227
2025-11-01,S023,P018,46,47,15,2,76
2025-11-01,S023,P019,147,170,207,0,110
2025-11-01,S023,P020,199,179,319,2,57
2025-11-01,S024,P001,200,132,312,0,20
2025-11-01,S024,P002,124,86,16,3,191
2025-11-01,S024,P003,233,145,230,2,146
2025-11-01,S024,P004,215,23,215,0,23
2025-11-01,S024,P005,82,153,121,3,111
2025-11-01,S024,P006,179,102,161,0,120
2025-11-01,S024,P007,40,172,21,1,190
2025-11-01,S024,P008,174,130,162,1,141
2025-11-01,S024,P009,122,45,107,2,58
2025-11-01,S024,P010,206,156,71,1,290
2025-11-01,S024,P011,202,130,277,0,55
2025-11-01,S024,P012,70,123,7,0,186
2025-11-01,S024,P013,250,116,86,2,278
2025-11-01,S024,P014,198,143,16,0,325
2025-11-01,S024,P015,245,101,311,0,35
2025-11-01,S024,P016,75,51,94,0,32
2025-11-01,S024,P017,85,134,33,1,185
2025-11-01,S024,P018,82,178,56,-1,201
2025-11-01,S024,P019,117,163,1,0,279
2025-11-01,S024,P020,74,96,98,2,70
2025-11-01,S025,P001,88,24,6,2,104
2025-11-01,S025,P002,29,144,62,3,108
2025-11-01,S025,P003,95,83,73,1,104
2025-11-01,S025,P004,215,165,53,0,327
2025-11-01,S025,P005,214,117,248,2,81
2025-11-01,S025,P006,230,135,255,3,107
2025-11-01,S025,P007,191,14,118,2,85
2025-11-01,S025,P008,193,7,56,0,144
2025-11-01,S025,P009,196,161,173,0,184
2025-11-01,S025,P010,204,179,119,2,262
2025-11-01,S025,P011,33,129,21,1,140
2025-11-01,S025,P012,81,167,45,1,202
2025-11-01,S025,P013,181,18,98,3,98
2025-11-01,S025,P014,27,177,72,0,132
2025-11-01,S025,P015,127,43,51,2,117
2025-11-01,S025,P016,168,109,227,0,50
2025-11-01,S025,P017,153,5,16,0,142
2025-11-01,S025,P018,23,25,31,3,14
2025-11-01,S025,P019,53,33,18,2,66
2025-11-01,S025,P020,216,52,38,3,227
2025-11-01,S026,P001,144,173,289,2,26
2025-11-01,S026,P002,82,4,51,0,35
2025-11-01,S026,P003,119,70,32,0,157
2025-11-01,S026,P004,124,94,6,0,212
2025-11-01,S026,P005,213,57,48,0,222
2025-11-01,S026,P006,237,140,273,0,104
2025-11-01,S026,P007,221,110,114,3,214
2025-11-01,S026,P008,62,124,156,1,29
2025-11-01,S026,P009,190,17,45,3,159
2025-11-01,S026,P010,242,74,146,0,170
2025-11-01,S026,P011,206,78,104,1,179
2025-11-01,S026,P012,79,110,128,0,61
2025-11-01,S026,P013,205,73,166,0,112
2025-11-01,S026,P014,192,167,305,1,53
2025-11-01,S026,P015,218,167,62,2,321
2025-11-01,S026,P016,88,94,99,1,82
2025-11-01,S026,P017,52,0,6,0,46
2025-11-01,S026,P018,33,81,48,1,65
2025-11-01,S026,P019,220,88,66,0,242
2025-11-01,S026,P020,41,158,48,1,150
2025-11-01,S027,P001,83,63,32,1,113
2025-11-01,S027,P002,84,159,145,2,96
2025-11-01,S027,P003,22,38,17,0,43
2025-11-01,S027,P004,64,138,56,0,146
2025-11-01,S027,P005,132,160,255,1,36
2025-11-01,S027,P006,90,66,28,0,128
2025-11-01,S027,P007,126,3,18,2,109
2025-11-01,S027,P008,74,143,79,0,138
2025-11-01,S027,P009,162,179,320,0,21
2025-11-01,S027,P010,249,152,182,0,219
2025-11-01,S027,P011,79,172,22,2,227
2025-11-01,S027,P012,35,60,51,0,44
2025-11-01,S027,P013,126,4,99,0,31
2025-11-01,S027,P014,215,148,186,3,174
2025-11-01,S027,P015,49,149,180,0,18
2025-11-01,S027,P016,104,101,11,0,194
2025-11-01,S027,P017,108,152,39,2,219
2025-11-01,S027,P018,138,3,74,0,67
2025-11-01,S027,P019,128,180,86,1,221
2025-11-01,S027,P020,73,65,62,0,76
2025-11-01,S028,P001,119,149,126,0,142
2025-11-01,S028,P002,142,163,72,3,230
2025-11-01,S028,P003,164,110,242,0,32
2025-11-01,S028,P004,72,71,68,0,75
2025-11-01,S028,P005,107,19,92,0,34
2025-11-01,S028,P006,58,9,21,1,45
2025-11-01,S028,P007,110,68,35,0,143
2025-11-01,S028,P008,78,51,31,3,-10
2025-11-01,S028,P009,190,171,319,2,40
2025-11-01,S028,P010,51,34,49,3,33
2025-11-01,S028,P011,181,151,107,0,225
2025-11-01,S028,P012,136,38,116,0,58
2025-11-01,S028,P013,52,173,20,3,202
2025-11-01,S028,P014,187,125,232,0,80
2025-11-01,S028,P015,79,6,32,0,53
2025-11-01,S028,P016,145,139,277,2,5
2025-11-01,S028,P017,103,144,12,3,232
2025-11-01,S028,P018,38,139,428,3,67
2025-11-01,S028,P019,35,112,29,1,117
2025-11-01,S028,P020,120,139,19,0,240
2025-11-01,S029,P001,148,167,73,1,241
2025-11-01,S029,P002,87,150,192,3,42
2025-11-01,S029,P003,71,164,153,0,82
2025-11-01,S029,P004,69,56,53,1,71
2025-11-01,S029,P005,86,98,25,0,159
2025-11-01,S029,P006,210,6,92,0,124
2025-11-01,S029,P007,44,169,95,2,116
2025-11-01,S029,P008,131,112,102,1,140
2025-11-01,S029,P009,83,121,26,0,178
2025-11-01,S029,P010,77,26,85,0,18
2025-11-01,S029,P011,246,58,272,0,32
2025-11-01,S029,P012,22,37,51,3,5
2025-11-01,S029,P013,59,68,42,0,85
2025-11-01,S029,P014,137,110,210,1,36
2025-11-01,S029,P015,28,153,134,0,47
2025-11-01,S029,P016,91,22,21,0,92
2025-11-01,S029,P017,87,9,64,1,31
2025-11-01,S029,P018,97,121,194,2,22
2025-11-01,S029,P019,182,124,260,0,46
2025-11-01,S029,P020,131,25,13,0,143
2025-11-01,S030,P001,178,84,221,0,41
2025-11-01,S030,P002,246,152,97,0,301
2025-11-01,S030,P003,138,30,148,1,19
2025-11-01,S030,P004,191,22,210,3,0
2025-11-01,S030,P005,201,137,123,0,215
2025-11-01,S030,P006,185,85,125,0,145
2025-11-01,S030,P007,141,10,25,3,123
2025-11-01,S030,P008,150,95,107,0,138
2025-11-01,S030,P009,205,151,183,0,173
2025-11-01,S030,P010,177,156,108,0,225
2025-11-01,S030,P011,223,150,148,3,222
2025-11-01,S030,P012,126,88,178,1,35
2025-11-01,S030,P013,123,85,104,2,102
2025-11-01,S030,P014,21,36,24,0,33
2025-11-01,S030,P015,219,39,162,2,94
2025-11-01,S030,P016,57,48,58,0,47
2025-11-01,S030,P017,159,76,203,0,32
2025-11-01,S030,P018,114,137,138,3,-10
2025-11-01,S030,P019,198,40,40,3,195
2025-11-01,S030,P020,129,42,21,0,150
2025-11-01,S031,P001,86,12,52,0,46
2025-11-01,S031,P002,149,56,161,2,42
2025-11-01,S031,P003,155,9,164,0,0
2025-11-01,S031,P004,220,91,235,0,76
2025-11-01,S031,P005,79,53,81,0,51
2025-11-01,S031,P006,44,74,118,2,0
2025-11-01,S031,P007,48,144,79,1,112
2025-11-01,S031,P008,177,41,184,2,32
2025-11-01,S031,P009,176,77,145,2,106
2025-11-01,S031,P010,58,72,4,0,126
2025-11-01,S031,P011,123,50,112,0,61
2025-11-01,S031,P012,23,35,32,0,26
2025-11-01,S031,P013,144,133,277,0,0
2025-11-01,S031,P014,96,9,23,0,82
2025-11-01,S031,P015,242,148,244,2,144
2025-11-01,S031,P016,219,128,17,2,328
2025-11-01,S031,P017,123,27,141,0,9
2025-11-01,S031,P018,144,99,196,1,46
2025-11-01,S031,P019,222,11,211,0,22
2025-11-01,S031,P020,77,152,70,1,158
2025-11-01,S032,P001,168,77,3,0,242
2025-11-01,S032,P002,148,30,154,2,22
2025-11-01,S032,P003,157,163,12,0,308
2025-11-01,S032,P004,154,113,187,2,78
2025-11-01,S032,P005,46,49,20,0,75
2025-11-01,S032,P006,183,160,40,0,303
2025-11-01,S032,P007,210,119,95,0,234
2025-11-01,S032,P008,189,76,32,2,231
2025-11-01,S032,P009,158,148,125,-1,179
2025-11-01,S032,P010,126,10,25,0,111
2025-11-01,S032,P011,232,72,289,1,14
2025-11-01,S032,P012,64,44,102,2,4
2025-11-01,S032,P013,82,56,65,0,73
2025-11-01,S032,P014,58,3,48,1,12
2025-11-01,S032,P015,98,113,166,2,43
2025-11-01,S032,P016,148,63,200,0,11
2025-11-01,S032,P017,198,132,20,0,310
2025-11-01,S032,P018,191,39,182,0,48
2025-11-01,S032,P019,126,127,244,0,9
2025-11-01,S032,P020,34,116,64,3,83
2025-11-01,S033,P001,102,172,65,0,209
2025-11-01,S033,P002,228,38,39,3,224
2025-11-01,S033,P003,64,70,7,0,127
2025-11-01,S033,P004,35,45,37,0,43
2025-11-01,S033,P005,65,26,13,2,76
2025-11-01,S033,P006,162,129,150,0,141
2025-11-01,S033,P007,73,62,59,1,75
2025-11-01,S033,P008,157,120,28,0,249
2025-11-01,S033,P009,145,139,212,3,69
2025-11-01,S033,P010,56,35,24,3,64
2025-11-01,S033,P011,70,172,236,0,6
2025-11-01,S033,P012,57,36,52,0,41
2025-11-01,S033,P013,24,60,36,1,47
2025-11-01,S033,P014,235,170,327,2,76
2025-11-01,S033,P015,168,5,18,2,153
2025-11-01,S033,P016,234,30,46,0,218
2025-11-01,S033,P017,191,150,322,2,17
2025-11-01,S033,P018,84,152,20,0,216
2025-11-01,S033,P019,186,73,248,0,11
2025-11-01,S033,P020,118,72,44,0,146
2025-11-01,S034,P001,80,175,31,3,221
2025-11-01,S034,P002,204,63,101,0,166
2025-11-01,S034,P003,137,84,74,3,144
2025-11-01,S034,P004,46,37,78,0,5
2025-11-01,S034,P005,173,177,75,0,275
2025-11-01,S034,P006,166,85,4,0,247
2025-11-01,S034,P007,161,112,128,3,142
2025-11-01,S034,P008,127,62,171,0,18
2025-11-01,S034,P009,39,26,24,0,41
2025-11-01,S034,P010,244,75,145,0,174
2025-11-01,S034,P011,124,177,271,0,30
2025-11-01,S034,P012,160,76,123,0,113
2025-11-01,S034,P013,171,123,124,1,169
2025-11-01,S034,P014,24,137,35,1,125
2025-11-01,S034,P015,129,77,175,0,31
2025-11-01,S034,P016,234,107,257,0,84
2025-11-01,S034,P017,123,105,167,3,58
2025-11-01,S034,P018,83,76,79,0,80
2025-11-01,S034,P019,179,76,231,1,23
2025-11-01,S034,P020,94,86,52,0,128
2025-11-01,S035,P001,113,110,135,0,88
2025-11-01,S035,P002,107,44,56,2,93
2025-11-01,S035,P003,178,32,183,3,24
2025-11-01,S035,P004,41,46,78,0,9
2025-11-01,S035,P005,82,121,170,3,30
2025-11-01,S035,P006,87,17,15,0,89
2025-11-01,S035,P007,230,166,59,2,335
2025-11-01,S035,P008,162,60,47,3,172
2025-11-01,S035,P009,229,59,87,0,201
2025-11-01,S035,P010,122,9,128,1,2
2025-11-01,S035,P011,56,136,13,0,179
2025-11-01,S035,P012,136,83,88,0,131
2025-11-01,S035,P013,176,114,21,0,269
2025-11-01,S035,P014,136,14,37,3,110
2025-11-01,S035,P015,229,44,61,0,212
2025-11-01,S035,P016,195,141,193,0,143
2025-11-01,S035,P017,214,60,106,2,166
2025-11-01,S035,P018,214,65,116,0,163
2025-11-01,S035,P019,187,76,139,0,124
2025-11-01,S035,P020,126,117,126,1,116
2025-12-01,S001,P001,197,7,133,1,70
2025-12-01,S001,P002,132,61,83,3,107
2025-12-01,S001,P003,129,121,29,2,219
2025-12-01,S001,P004,25,54,64,0,15
2025-12-01,S001,P005,75,129,96,2,106
2025-12-01,S001,P006,249,144,211,0,182
2025-12-01,S001,P007,133,43,13,0,163
2025-12-01,S001,P008,44,101,145,0,0
2025-12-01,S001,P009,230,37,131,0,136
2025-12-01,S001,P010,154,154,1,2,305
2025-12-01,S001,P011,51,33,51,0,33
2025-12-01,S001,P012,118,153,604,1,119
2025-12-01,S001,P013,144,77,51,0,170
2025-12-01,S001,P014,210,134,273,1,70
2025-12-01,S001,P015,146,90,157,0,79
2025-12-01,S001,P016,170,39,14,0,195
2025-12-01,S001,P017,234,40,125,0,149
2025-12-01,S001,P018,159,158,147,0,170
2025-12-01,S001,P019,187,168,47,1,307
2025-12-01,S001,P020,70,129,92,3,104
2025-12-01,S002,P001,226,130,217,3,136
2025-12-01,S002,P002,100,36,132,0,4
2025-12-01,S002,P003,83,76,36,1,122
2025-12-01,S002,P004,189,21,40,0,170
2025-12-01,S002,P005,207,2,75,0,134
2025-12-01,S002,P006,74,64,79,0,59
2025-12-01,S002,P007,33,103,38,0,98
2025-12-01,S002,P008,173,135,275,2,31
2025-12-01,S002,P009,21,60,74,2,5
2025-12-01,S002,P010,192,59,212,0,39
2025-12-01,S002,P011,172,113,196,3,86
2025-12-01,S002,P012,184,25,78,3,128
2025-12-01,S002,P013,182,28,79,2,129
2025-12-01,S002,P014,81,97,121,0,57
2025-12-01,S002,P015,193,150,283,0,60
2025-12-01,S002,P016,232,135,239,0,128
2025-12-01,S002,P017,158,119,28,3,246
2025-12-01,S002,P018,169,13,55,0,127
2025-12-01,S002,P019,210,53,176,1,86
2025-12-01,S002,P020,98,122,113,2,105
2025-12-01,S003,P001,173,141,289,2,23
2025-12-01,S003,P002,200,82,173,0,109
2025-12-01,S003,P003,178,101,234,0,45
2025-12-01,S003,P004,56,9,13,0,52
2025-12-01,S003,P005,65,118,17,0,166
2025-12-01,S003,P006,226,80,67,2,237
2025-12-01,S003,P007,210,12,217,0,5
2025-12-01,S003,P008,201,23,174,3,47
2025-12-01,S003,P009,32,26,34,0,24
2025-12-01,S003,P010,78,167,170,0,75
2025-12-01,S003,P011,224,71,115,0,180
2025-12-01,S003,P012,66,101,159,2,6
2025-12-01,S003,P013,48,73,42,0,79
2025-12-01,S003,P014,57,109,130,0,36
2025-12-01,S003,P015,148,165,62,0,251
2025-12-01,S003,P016,155,22,104,0,73
2025-12-01,S003,P017,142,31,149,0,24
2025-12-01,S003,P018,177,83,162,0,98
2025-12-01,S003,P019,174,59,140,0,93
2025-12-01,S003,P020,202,34,117,0,119
2025-12-01,S004,P001,174,60,213,0,21
2025-12-01,S004,P002,178,56,95,0,139
2025-12-01,S004,P003,59,55,34,0,80
2025-12-01,S004,P004,90,90,21,0,159
2025-12-01,S004,P005,238,68,25,0,281
2025-12-01,S004,P006,244,143,280,-1,107
2025-12-01,S004,P007,245,2,38,0,209
2025-12-01,S004,P008,133,101,41,0,193
2025-12-01,S004,P009,154,74,85,0,143
2025-12-01,S004,P010,102,28,12,1,117
2025-12-01,S004,P011,89,88,143,0,34
2025-12-01,S004,P012,205,32,126,3,108
2025-12-01,S004,P013,52,151,102,0,101
2025-12-01,S004,P014,195,56,84,3,164
2025-12-01,S004,P015,185,51,231,1,4
2025-12-01,S004,P016,197,22,209,0,10
2025-12-01,S004,P017,83,112,91,1,103
2025-12-01,S004,P018,48,57,101,3,1
2025-12-01,S004,P019,216,102,191,0,127
2025-12-01,S004,P020,205,50,22,3,230
2025-12-01,S005,P001,67,74,74,2,65
2025-12-01,S005,P002,142,141,155,1,127
2025-12-01,S005,P003,113,6,114,2,3
2025-12-01,S005,P004,93,129,185,0,37
2025-12-01,S005,P005,124,25,146,0,3
2025-12-01,S005,P006,118,4,73,2,47
2025-12-01,S005,P007,230,142,194,0,178
2025-12-01,S005,P008,57,1,56,1,1
2025-12-01,S005,P009,87,111,193,3,2
2025-12-01,S005,P010,168,131,286,1,12
2025-12-01,S005,P011,182,141,206,0,117
2025-12-01,S005,P012,59,12,20,0,51
2025-12-01,S005,P013,234,141,230,3,142
2025-12-01,S005,P014,77,138,167,0,48
2025-12-01,S005,P015,199,63,89,2,171
2025-12-01,S005,P016,235,155,285,3,102
2025-12-01,S005,P017,87,82,95,0,74
2025-12-01,S005,P018,215,10,152,0,73
2025-12-01,S005,P019,96,138,100,3,131
2025-12-01,S005,P020,89,73,50,3,109
2025-12-01,S006,P001,88,89,107,0,70
2025-12-01,S006,P002,64,14,59,0,19
2025-12-01,S006,P003,73,46,29,0,90
2025-12-01,S006,P004,93,177,820,0,65
2025-12-01,S006,P005,37,128,97,0,68
2025-12-01,S006,P006,198,172,326,0,44
2025-12-01,S006,P007,29,86,47,1,67
2025-12-01,S006,P008,231,146,207,1,169
2025-12-01,S006,P009,215,77,217,2,73
2025-12-01,S006,P010,225,22,187,2,58
2025-12-01,S006,P011,177,64,30,0,211
2025-12-01,S006,P012,48,2,50,3,0
2025-12-01,S006,P013,164,64,144,3,81
2025-12-01,S006,P014,201,46,211,1,35
2025-12-01,S006,P015,223,164,107,0,280
2025-12-01,S006,P016,110,90,90,0,110
2025-12-01,S006,P017,72,68,60,0,80
2025-12-01,S006,P018,149,10,83,0,76
2025-12-01,S006,P019,82,96,113,2,63
2025-12-01,S006,P020,171,63,204,0,30
2025-12-01,S007,P001,242,47,245,0,44
2025-12-01,S007,P002,61,150,43,0,168
2025-12-01,S007,P003,74,142,63,2,151
2025-12-01,S007,P004,37,18,2,0,53
2025-12-01,S007,P005,44,77,27,0,94
2025-12-01,S007,P006,55,171,9,0,217
2025-12-01,S007,P007,205,172,140,3,234
2025-12-01,S007,P008,149,45,147,0,47
2025-12-01,S007,P009,181,107,144,0,144
2025-12-01,S007,P010,38,151,22,1,166
2025-12-01,S007,P011,130,125,102,1,152
2025-12-01,S007,P012,182,125,170,0,137
2025-12-01,S007,P013,195,172,38,3,326
2025-12-01,S007,P014,203,38,43,2,196
2025-12-01,S007,P015,161,80,18,0,223
2025-12-01,S007,P016,50,79,128,0,1
2025-12-01,S007,P017,221,81,280,0,22
2025-12-01,S007,P018,136,23,63,2,94
2025-12-01,S007,P019,103,136,160,1,78
2025-12-01,S007,P020,241,156,91,1,305
2025-12-01,S008,P001,92,162,229,1,24
2025-12-01,S008,P002,128,133,239,0,22
2025-12-01,S008,P003,31,50,53,0,28
2025-12-01,S008,P004,149,99,84,0,164
2025-12-01,S008,P005,66,139,130,0,75
2025-12-01,S008,P006,247,180,339,0,88
2025-12-01,S008,P007,127,13,129,0,11
2025-12-01,S008,P008,114,95,167,0,42
2025-12-01,S008,P009,209,67,44,0,232
2025-12-01,S008,P010,43,59,33,0,69
2025-12-01,S008,P011,232,73,10,0,295
2025-12-01,S008,P012,184,37,127,0,94
2025-12-01,S008,P013,174,177,336,1,14
2025-12-01,S008,P014,32,125,131,1,25
2025-12-01,S008,P015,165,34,82,0,117
2025-12-01,S008,P016,72,28,90,2,8
2025-12-01,S008,P017,71,128,182,0,17
2025-12-01,S008,P018,144,6,140,2,8
2025-12-01,S008,P019,84,48,20,2,110
2025-12-01,S008,P020,38,81,11,3,105
2025-12-01,S009,P001,169,85,9,1,244
2025-12-01,S009,P002,146,38,19,3,162
2025-12-01,S009,P003,141,135,165,0,111
2025-12-01,S009,P004,59,83,129,0,13
2025-12-01,S009,P005,104,100,186,0,18
2025-12-01,S009,P006,107,96,65,3,135
2025-12-01,S009,P007,45,44,45,1,43
2025-12-01,S009,P008,68,166,124,0,110
2025-12-01,S009,P009,125,142,130,0,137
2025-12-01,S009,P010,153,58,61,1,149
2025-12-01,S009,P011,232,119,75,0,276
2025-12-01,S009,P012,67,79,123,3,20
2025-12-01,S009,P013,177,169,177,0,169
2025-12-01,S009,P014,235,162,367,3,27
2025-12-01,S009,P015,235,97,173,2,157
2025-12-01,S009,P016,26,10,7,1,28
2025-12-01,S009,P017,122,82,51,2,151
2025-12-01,S009,P018,249,53,201,0,101
2025-12-01,S009,P019,111,122,125,0,108
2025-12-01,S009,P020,83,8,6,1,84
2025-12-01,S010,P001,239,107,88,-1,255
2025-12-01,S010,P002,139,169,20,2,286
2025-12-01,S010,P003,137,139,77,0,199
2025-12-01,S010,P004,240,36,146,3,127
2025-12-01,S010,P005,81,67,4,0,144
2025-12-01,S010,P006,239,177,353,2,61
2025-12-01,S010,P007,166,95,192,0,69
2025-12-01,S010,P008,181,104,263,1,21
2025-12-01,S010,P009,111,116,198,2,27
2025-12-01,S010,P010,222,180,988,0,155
2025-12-01,S010,P011,197,18,145,0,70
2025-12-01,S010,P012,160,51,85,0,126
2025-12-01,S010,P013,189,135,308,2,14
2025-12-01,S010,P014,66,170,41,1,194
2025-12-01,S010,P015,135,62,141,0,56
2025-12-01,S010,P016,248,36,262,0,22
2025-12-01,S010,P017,116,140,151,0,105
2025-12-01,S010,P018,150,122,10,0,262
2025-12-01,S010,P019,127,154,134,3,144
2025-12-01,S010,P020,24,90,14,2,98
2025-12-01,S011,P001,196,63,192,3,64
2025-12-01,S011,P002,203,101,110,3,191
2025-12-01,S011,P003,181,129,149,0,161
2025-12-01,S011,P004,48,36,59,0,25
2025-12-01,S011,P005,116,165,147,0,134
2025-12-01,S011,P006,94,159,23,0,230
2025-12-01,S011,P007,81,2,33,0,50
2025-12-01,S011,P008,69,1,33,0,37
2025-12-01,S011,P009,46,53,43,0,56
2025-12-01,S011,P010,247,125,171,3,198
2025-12-01,S011,P011,62,118,26,3,151
2025-12-01,S011,P012,30,176,90,3,113
2025-12-01,S011,P013,30,152,76,2,104
2025-12-01,S011,P014,62,110,87,0,85
2025-12-01,S011,P015,236,120,281,3,72
2025-12-01,S011,P016,206,121,41,0,286
2025-12-01,S011,P017,247,15,262,1,0
2025-12-01,S011,P018,91,136,121,1,105
2025-12-01,S011,P019,78,134,199,0,13
2025-12-01,S011,P020,64,60,119,0,5
2025-12-01,S012,P001,225,171,380,0,16
2025-12-01,S012,P002,41,106,6,0,-10
2025-12-01,S012,P003,51,10,2,0,59
2025-12-01,S012,P004,207,178,300,3,82
2025-12-01,S012,P005,226,18,233,0,11
2025-12-01,S012,P006,100,161,129,2,130
2025-12-01,S012,P007,222,168,31,0,359
2025-12-01,S012,P008,140,121,136,2,123
2025-12-01,S012,P009,173,83,134,0,122
2025-12-01,S012,P010,170,23,47,2,144
2025-12-01,S012,P011,204,5,6,0,203
2025-12-01,S012,P012,149,140,157,0,132
2025-12-01,S012,P013,22,120,55,2,85
2025-12-01,S012,P014,235,71,205,0,101
2025-12-01,S012,P015,100,72,80,0,92
2025-12-01,S012,P016,69,177,220,1,25
2025-12-01,S012,P017,231,73,119,3,182
2025-12-01,S012,P018,164,30,183,0,11
2025-12-01,S012,P019,150,87,0,3,234
2025-12-01,S012,P020,236,168,62,0,342
2025-12-01,S013,P001,50,29,0,3,76
2025-12-01,S013,P002,149,1,121,3,26
2025-12-01,S013,P003,27,150,131,3,43
2025-12-01,S013,P004,29,161,51,0,139
2025-12-01,S013,P005,81,145,34,0,192
2025-12-01,S013,P006,99,10,2,0,107
2025-12-01,S013,P007,44,125,119,0,50
2025-12-01,S013,P008,140,9,17,1,131
2025-12-01,S013,P009,187,74,179,0,82
2025-12-01,S013,P010,28,122,147,0,3
2025-12-01,S013,P011,168,176,165,0,179
2025-12-01,S013,P012,68,19,37,2,48
2025-12-01,S013,P013,165,118,213,1,69
2025-12-01,S013,P014,107,47,6,0,148
2025-12-01,S013,P015,147,75,136,0,86
2025-12-01,S013,P016,100,37,46,2,89
2025-12-01,S013,P017,212,128,62,3,275
2025-12-01,S013,P018,127,96,144,0,79
2025-12-01,S013,P019,184,6,40,0,150
2025-12-01,S013,P020,177,79,84,2,170
2025-12-01,S014,P001,81,4,43,0,42
2025-12-01,S014,P002,84,71,14,3,138
2025-12-01,S014,P003,69,174,192,3,48
2025-12-01,S014,P004,94,22,81,1,-10
2025-12-01,S014,P005,106,131,21,3,213
2025-12-01,S014,P006,45,77,97,0,25
2025-12-01,S014,P007,188,41,45,0,184
2025-12-01,S014,P008,106,133,92,0,147
2025-12-01,S014,P009,177,167,167,1,176
2025-12-01,S014,P010,82,8,85,1,4
2025-12-01,S014,P011,250,118,139,2,227
2025-12-01,S014,P012,205,124,235,1,93
2025-12-01,S014,P013,22,107,21,2,106
2025-12-01,S014,P014,142,147,192,0,97
2025-12-01,S014,P015,155,120,252,2,21
2025-12-01,S014,P016,164,169,281,0,52
2025-12-01,S014,P017,81,69,42,0,108
2025-12-01,S014,P018,151,116,56,3,208
2025-12-01,S014,P019,84,148,39,2,191
2025-12-01,S014,P020,242,78,217,2,101
2025-12-01,S015,P001,171,113,159,0,125
2025-12-01,S015,P002,73,22,52,3,40
2025-12-01,S015,P003,228,129,167,1,189
2025-12-01,S015,P004,189,70,242,3,14
2025-12-01,S015,P005,23,93,32,2,82
2025-12-01,S015,P006,187,55,37,3,202
2025-12-01,S015,P007,74,141,210,3,2
2025-12-01,S015,P008,128,77,47,0,158
2025-12-01,S015,P009,224,121,325,1,19
2025-12-01,S015,P010,45,110,28,0,127
2025-12-01,S015,P011,217,117,263,0,71
2025-12-01,S015,P012,194,88,196,0,86
2025-12-01,S015,P013,100,86,124,0,62
2025-12-01,S015,P014,216,132,67,0,281
2025-12-01,S015,P015,38,96,41,2,91
2025-12-01,S015,P016,199,16,106,2,107
2025-12-01,S015,P017,216,52,176,1,91
2025-12-01,S015,P018,159,71,173,3,54
2025-12-01,S015,P019,172,164,129,3,204
2025-12-01,S015,P020,234,173,191,2,214
2025-12-01,S016,P001,45,148,116,0,77
2025-12-01,S016,P002,34,74,32,1,75
2025-12-01,S016,P003,188,79,57,1,209
2025-12-01,S016,P004,119,51,81,3,86
2025-12-01,S016,P005,124,131,228,3,24
2025-12-01,S016,P006,171,170,223,2,116
2025-12-01,S016,P007,162,120,195,0,87
2025-12-01,S016,P008,190,10,103,2,95
2025-12-01,S016,P009,122,100,33,1,188
2025-12-01,S016,P010,118,85,100,2,101
2025-12-01,S016,P011,212,1,101,0,112
2025-12-01,S016,P012,65,138,153,2,48
2025-12-01,S016,P013,24,85,42,1,66
2025-12-01,S016,P014,188,164,176,1,175
2025-12-01,S016,P015,140,133,267,0,6
2025-12-01,S016,P016,39,64,101,2,0
2025-12-01,S016,P017,233,114,263,0,84
2025-12-01,S016,P018,246,8,148,0,106
2025-12-01,S016,P019,237,102,336,0,3
2025-12-01,S016,P020,191,47,111,0,127
2025-12-01,S017,P001,236,114,320,0,30
2025-12-01,S017,P002,130,107,166,0,71
2025-12-01,S017,P003,121,12,89,0,44
2025-12-01,S017,P004,107,173,51,0,229
2025-12-01,S017,P005,146,10,61,2,93
2025-12-01,S017,P006,190,162,218,1,133
2025-12-01,S017,P007,160,156,196,0,120
2025-12-01,S017,P008,109,103,39,2,171
2025-12-01,S017,P009,246,83,124,0,205
2025-12-01,S017,P010,114,89,19,1,183
2025-12-01,S017,P011,54,83,0,3,134
2025-12-01,S017,P012,84,89,100,0,73
2025-12-01,S017,P013,79,101,22,1,157
2025-12-01,S017,P014,184,141,191,0,134
2025-12-01,S017,P015,117,179,170,1,125
2025-12-01,S017,P016,161,175,132,1,203
2025-12-01,S017,P017,56,146,191,0,11
2025-12-01,S017,P018,243,14,212,2,43
2025-12-01,S017,P019,134,152,232,3,51
2025-12-01,S017,P020,193,175,59,0,309
2025-12-01,S018,P001,230,91,261,3,57
2025-12-01,S018,P002,238,62,260,0,40
2025-12-01,S018,P003,52,109,22,0,139
2025-12-01,S018,P004,117,81,198,3,0
2025-12-01,S018,P005,228,133,182,0,179
2025-12-01,S018,P006,23,11,13,0,21
2025-12-01,S018,P007,205,114,53,2,264
2025-12-01,S018,P008,178,119,271,3,23
2025-12-01,S018,P009,154,147,262,0,39
2025-12-01,S018,P010,239,123,232,3,127
2025-12-01,S018,P011,69,141,45,3,162
2025-12-01,S018,P012,232,37,15,0,254
2025-12-01,S018,P013,108,21,67,2,60
2025-12-01,S018,P014,170,152,76,0,246
2025-12-01,S018,P015,128,36,118,3,43
2025-12-01,S018,P016,203,94,19,0,278
2025-12-01,S018,P017,143,126,244,0,25
2025-12-01,S018,P018,215,94,87,0,222
2025-12-01,S018,P019,97,58,40,2,113
2025-12-01,S018,P020,88,30,0,0,118
2025-12-01,S019,P001,180,144,66,0,258
2025-12-01,S019,P002,68,74,124,0,18
2025-12-01,S019,P003,140,123,20,2,241
2025-12-01,S019,P004,69,31,54,0,46
2025-12-01,S019,P005,35,97,0,0,132
2025-12-01,S019,P006,21,4,5,0,20
2025-12-01,S019,P007,22,140,102,2,58
2025-12-01,S019,P008,209,98,303,0,4
2025-12-01,S019,P009,40,63,46,1,56
2025-12-01,S019,P010,88,111,25,3,171
2025-12-01,S019,P011,103,0,21,1,81
2025-12-01,S019,P012,109,119,60,0,168
2025-12-01,S019,P013,154,60,169,2,43
2025-12-01,S019,P014,95,175,90,0,180
2025-12-01,S019,P015,249,147,243,0,153
2025-12-01,S019,P016,152,24,69,0,107
2025-12-01,S019,P017,71,155,140,2,84
2025-12-01,S019,P018,62,128,164,0,26
2025-12-01,S019,P019,165,112,31,3,243
2025-12-01,S019,P020,163,102,187,1,77
2025-12-01,S020,P001,241,154,350,0,45
2025-12-01,S020,P002,197,26,79,0,144
2025-12-01,S020,P003,227,152,324,0,55
2025-12-01,S020,P004,192,152,48,0,296
2025-12-01,S020,P005,154,51,8,0,197
2025-12-01,S020,P006,194,94,238,1,49
2025-12-01,S020,P007,232,148,145,0,235
2025-12-01,S020,P008,47,150,77,2,118
2025-12-01,S020,P009,218,84,282,0,20
2025-12-01,S020,P010,201,76,167,0,110
2025-12-01,S020,P011,210,54,50,2,212
2025-12-01,S020,P012,100,32,36,3,93
2025-12-01,S020,P013,116,92,179,1,28
2025-12-01,S020,P014,225,70,211,0,84
2025-12-01,S020,P015,87,0,31,0,56
2025-12-01,S020,P016,126,159,268,1,16
2025-12-01,S020,P017,230,21,27,1,223
2025-12-01,S020,P018,177,171,263,0,85
2025-12-01,S020,P019,173,29,77,2,123
2025-12-01,S020,P020,162,145,277,2,28
2025-12-01,S021,P001,109,120,35,2,192
2025-12-01,S021,P002,88,10,53,3,42
2025-12-01,S021,P003,118,160,70,3,205
2025-12-01,S021,P004,52,46,43,3,52
2025-12-01,S021,P005,200,171,62,0,309
2025-12-01,S021,P006,28,174,32,3,167
2025-12-01,S021,P007,182,153,33,0,302
2025-12-01,S021,P008,240,93,29,0,304
2025-12-01,S021,P009,190,122,137,3,172
2025-12-01,S021,P010,149,77,18,1,207
2025-12-01,S021,P011,77,88,87,3,75
2025-12-01,S021,P012,168,95,1,2,-10
2025-12-01,S021,P013,82,21,29,0,74
2025-12-01,S021,P014,133,106,152,2,85
2025-12-01,S021,P015,87,147,73,1,160
2025-12-01,S021,P016,232,175,196,0,211
2025-12-01,S021,P017,207,62,218,0,51
2025-12-01,S021,P018,49,127,105,1,70
2025-12-01,S021,P019,69,45,25,2,87
2025-12-01,S021,P020,44,157,146,0,55
2025-12-01,S022,P001,195,167,37,0,325
2025-12-01,S022,P002,205,10,107,0,108
2025-12-01,S022,P003,167,128,16,0,279
2025-12-01,S022,P004,90,104,43,0,151
2025-12-01,S022,P005,243,155,11,1,386
2025-12-01,S022,P006,155,144,247,3,49
2025-12-01,S022,P007,67,109,133,0,43
2025-12-01,S022,P008,245,53,71,3,224
2025-12-01,S022,P009,201,72,147,0,126
2025-12-01,S022,P010,70,148,197,0,21
2025-12-01,S022,P011,150,144,11,0,283
2025-12-01,S022,P012,71,5,64,2,10
2025-12-01,S022,P013,42,180,109,3,110
2025-12-01,S022,P014,221,116,146,0,191
2025-12-01,S022,P015,128,179,236,0,71
2025-12-01,S022,P016,91,25,62,1,53
2025-12-01,S022,P017,65,156,135,0,86
2025-12-01,S022,P018,116,160,122,3,151
2025-12-01,S022,P019,34,171,56,2,147
2025-12-01,S022,P020,66,16,39,0,43
2025-12-01,S023,P001,39,158,29,0,168
2025-12-01,S023,P002,103,137,24,2,214
2025-12-01,S023,P003,135,0,19,2,114
2025-12-01,S023,P004,113,171,214,0,70
2025-12-01,S023,P005,218,136,248,1,105
2025-12-01,S023,P006,181,40,101,1,119
2025-12-01,S023,P007,231,47,71,0,207
2025-12-01,S023,P008,81,119,9,2,189
2025-12-01,S023,P009,187,70,130,1,126
2025-12-01,S023,P010,93,48,140,0,1
2025-12-01,S023,P011,160,50,152,2,56
2025-12-01,S023,P012,140,87,106,0,121
2025-12-01,S023,P013,182,41,44,0,179
2025-12-01,S023,P014,48,95,22,1,120
2025-12-01,S023,P015,243,151,96,1,297
2025-12-01,S023,P016,148,3,135,3,13
2025-12-01,S023,P017,153,147,142,0,158
2025-12-01,S023,P018,21,108,116,0,13
2025-12-01,S023,P019,208,53,13,0,248
2025-12-01,S023,P020,43,35,6,1,71
2025-12-01,S024,P001,160,11,160,0,11
2025-12-01,S024,P002,75,104,161,0,18
2025-12-01,S024,P003,138,92,159,3,68
2025-12-01,S024,P004,95,173,236,0,32
2025-12-01,S024,P005,149,6,137,2,16
2025-12-01,S024,P006,114,31,95,3,47
2025-12-01,S024,P007,179,65,154,0,90
2025-12-01,S024,P008,119,130,121,2,126
2025-12-01,S024,P009,179,51,190,1,39
2025-12-01,S024,P010,162,140,10,3,289
2025-12-01,S024,P011,97,79,141,3,32
2025-12-01,S024,P012,153,161,286,0,28
2025-12-01,S024,P013,223,96,80,2,237
2025-12-01,S024,P014,69,180,34,3,212
2025-12-01,S024,P015,124,56,37,3,140
2025-12-01,S024,P016,165,170,93,0,242
2025-12-01,S024,P017,177,144,120,1,200
2025-12-01,S024,P018,60,104,123,0,41
2025-12-01,S024,P019,204,16,95,3,122
2025-12-01,S024,P020,223,24,223,2,22
2025-12-01,S025,P001,118,64,161,3,18
2025-12-01,S025,P002,246,34,118,0,162
2025-12-01,S025,P003,244,158,223,0,179
2025-12-01,S025,P004,205,134,74,0,265
2025-12-01,S025,P005,63,98,138,2,21
2025-12-01,S025,P006,108,59,17,3,147
2025-12-01,S025,P007,43,116,124,0,35
2025-12-01,S025,P008,60,4,45,3,16
2025-12-01,S025,P009,215,28,161,0,82
2025-12-01,S025,P010,237,91,10,0,318
2025-12-01,S025,P011,192,2,101,3,90
2025-12-01,S025,P012,211,99,255,0,55
2025-12-01,S025,P013,105,26,92,0,39
2025-12-01,S025,P014,136,56,190,2,0
2025-12-01,S025,P015,140,25,164,1,0
2025-12-01,S025,P016,125,28,133,2,18
2025-12-01,S025,P017,219,148,82,1,284
2025-12-01,S025,P018,209,47,230,3,23
2025-12-01,S025,P019,61,107,160,0,8
2025-12-01,S025,P020,133,91,82,3,139
2025-12-01,S026,P001,52,162,81,0,133
2025-12-01,S026,P002,24,95,95,1,23
2025-12-01,S026,P003,203,11,21,2,191
2025-12-01,S026,P004,238,122,237,2,121
2025-12-01,S026,P005,246,100,279,0,67
2025-12-01,S026,P006,142,66,130,0,78
2025-12-01,S026,P007,105,116,85,1,135
2025-12-01,S026,P008,91,73,53,2,109
2025-12-01,S026,P009,187,107,259,0,35
2025-12-01,S026,P010,115,142,176,3,78
2025-12-01,S026,P011,38,62,81,0,19
2025-12-01,S026,P012,226,121,290,0,57
2025-12-01,S026,P013,241,174,397,0,18
2025-12-01,S026,P014,150,29,171,0,8
2025-12-01,S026,P015,28,103,105,1,25
2025-12-01,S026,P016,91,35,49,1,76
2025-12-01,S026,P017,27,124,84,1,66
2025-12-01,S026,P018,169,103,265,0,7
2025-12-01,S026,P019,202,7,49,0,160
2025-12-01,S026,P020,248,166,182,0,232
2025-12-01,S027,P001,42,17,10,3,46
2025-12-01,S027,P002,97,71,4,1,163
2025-12-01,S027,P003,84,84,123,1,44
2025-12-01,S027,P004,58,119,51,0,126
2025-12-01,S027,P005,50,130,71,0,109
2025-12-01,S027,P006,180,59,4,0,235
2025-12-01,S027,P007,224,131,346,0,9
2025-12-01,S027,P008,144,144,248,3,37
2025-12-01,S027,P009,243,134,290,3,84
2025-12-01,S027,P010,94,136,189,1,40
2025-12-01,S027,P011,65,63,111,2,15
2025-12-01,S027,P012,200,129,251,0,78
2025-12-01,S027,P013,194,113,275,1,31
2025-12-01,S027,P014,51,70,28,3,90
2025-12-01,S027,P015,194,150,289,1,54
2025-12-01,S027,P016,245,10,221,1,33
2025-12-01,S027,P017,245,96,208,3,-10
2025-12-01,S027,P018,192,130,269,0,53
2025-12-01,S027,P019,64,63,105,2,20
2025-12-01,S027,P020,84,159,56,0,187
2025-12-01,S028,P001,149,47,122,3,71
2025-12-01,S028,P002,247,179,250,1,175
2025-12-01,S028,P003,144,111,117,0,138
2025-12-01,S028,P004,105,178,49,0,234
2025-12-01,S028,P005,102,81,124,0,59
2025-12-01,S028,P006,58,154,134,3,75
2025-12-01,S028,P007,171,108,165,0,114
2025-12-01,S028,P008,67,148,163,0,52
2025-12-01,S028,P009,179,9,44,3,141
2025-12-01,S028,P010,228,145,330,0,43
2025-12-01,S028,P011,70,96,37,0,129
2025-12-01,S028,P012,212,50,9,0,253
2025-12-01,S028,P013,241,4,239,2,4
2025-12-01,S028,P014,218,116,85,0,249
2025-12-01,S028,P015,234,35,235,3,31
2025-12-01,S028,P016,190,33,174,0,49
2025-12-01,S028,P017,35,17,10,0,42
2025-12-01,S028,P018,147,102,249,0,0
2025-12-01,S028,P019,170,69,125,0,114
2025-12-01,S028,P020,178,21,141,3,55
2025-12-01,S029,P001,43,180,46,1,176
2025-12-01,S029,P002,60,175,127,1,107
2025-12-01,S029,P003,65,72,15,0,122
2025-12-01,S029,P004,83,21,3,0,101
2025-12-01,S029,P005,177,73,158,3,89
2025-12-01,S029,P006,130,121,102,0,149
2025-12-01,S029,P007,85,156,152,0,89
2025-12-01,S029,P008,203,174,348,2,27
2025-12-01,S029,P009,149,27,14,1,161
2025-12-01,S029,P010,173,82,204,0,51
2025-12-01,S029,P011,168,27,149,0,46
2025-12-01,S029,P012,37,121,79,1,78
2025-12-01,S029,P013,60,127,146,3,38
2025-12-01,S029,P014,219,100,142,0,177
2025-12-01,S029,P015,87,146,131,0,102
2025-12-01,S029,P016,43,26,50,1,18
2025-12-01,S029,P017,245,49,257,2,35
2025-12-01,S029,P018,62,45,5,2,100
2025-12-01,S029,P019,216,38,197,2,55
2025-12-01,S029,P020,138,77,20,0,195
2025-12-01,S030,P001,162,100,161,2,99
2025-12-01,S030,P002,162,7,20,2,147
2025-12-01,S030,P003,111,109,20,1,199
2025-12-01,S030,P004,170,74,99,0,145
2025-12-01,S030,P005,148,89,175,0,62
2025-12-01,S030,P006,244,35,255,0,24
2025-12-01,S030,P007,198,174,4,0,368
2025-12-01,S030,P008,85,134,27,2,190
2025-12-01,S030,P009,53,15,58,3,7
2025-12-01,S030,P010,174,91,189,2,74
2025-12-01,S030,P011,22,126,110,0,38
2025-12-01,S030,P012,198,57,48,0,207
2025-12-01,S030,P013,171,172,273,0,70
2025-12-01,S030,P014,213,152,149,0,216
2025-12-01,S030,P015,129,100,53,1,175
2025-12-01,S030,P016,171,5,21,0,155
2025-12-01,S030,P017,157,7,114,3,47
2025-12-01,S030,P018,205,136,333,3,5
2025-12-01,S030,P019,20,135,19,0,136
2025-12-01,S030,P020,229,149,123,0,255
2025-12-01,S031,P001,85,106,117,0,74
2025-12-01,S031,P002,20,100,89,1,30
2025-12-01,S031,P003,246,162,314,0,94
2025-12-01,S031,P004,161,12,39,0,134
2025-12-01,S031,P005,59,38,55,3,39
2025-12-01,S031,P006,143,86,195,0,34
2025-12-01,S031,P007,192,163,354,0,1
2025-12-01,S031,P008,37,173,4,0,206
2025-12-01,S031,P009,70,68,46,0,92
2025-12-01,S031,P010,145,36,162,0,19
2025-12-01,S031,P011,169,78,183,0,64
2025-12-01,S031,P012,123,42,86,0,79
2025-12-01,S031,P013,241,6,189,0,58
2025-12-01,S031,P014,127,56,128,3,52
2025-12-01,S031,P015,32,150,146,3,33
2025-12-01,S031,P016,245,92,246,1,90
2025-12-01,S031,P017,46,77,49,0,74
2025-12-01,S031,P018,81,37,8,1,109
2025-12-01,S031,P019,56,116,89,0,83
2025-12-01,S031,P020,194,173,12,1,354
2025-12-01,S032,P001,93,48,136,2,3
2025-12-01,S032,P002,206,87,97,3,193
2025-12-01,S032,P003,107,52,144,1,14
2025-12-01,S032,P004,118,2,119,2,0
2025-12-01,S032,P005,213,136,329,2,18
2025-12-01,S032,P006,44,176,43,0,177
2025-12-01,S032,P007,186,156,277,3,62
2025-12-01,S032,P008,172,111,175,0,108
2025-12-01,S032,P009,65,144,106,0,103
2025-12-01,S032,P010,28,34,18,3,41
2025-12-01,S032,P011,170,11,137,3,41
2025-12-01,S032,P012,196,77,130,0,143
2025-12-01,S032,P013,126,125,247,0,4
2025-12-01,S032,P014,188,7,37,0,158
2025-12-01,S032,P015,81,145,154,3,69
2025-12-01,S032,P016,164,46,104,0,106
2025-12-01,S032,P017,182,57,142,1,96
2025-12-01,S032,P018,164,171,239,0,96
2025-12-01,S032,P019,159,129,220,0,68
2025-12-01,S032,P020,189,154,295,0,48
2025-12-01,S033,P001,161,21,94,0,88
2025-12-01,S033,P002,90,55,52,0,93
2025-12-01,S033,P003,156,71,159,2,66
2025-12-01,S033,P004,28,157,76,3,106
2025-12-01,S033,P005,189,70,203,0,56
2025-12-01,S033,P006,181,133,225,2,87
2025-12-01,S033,P007,191,114,290,0,15
2025-12-01,S033,P008,126,7,3,0,130
2025-12-01,S033,P009,173,27,190,0,10
2025-12-01,S033,P010,205,121,67,0,259
2025-12-01,S033,P011,217,16,54,0,179
2025-12-01,S033,P012,24,144,16,1,151
2025-12-01,S033,P013,160,73,7,0,226
2025-12-01,S033,P014,116,3,101,0,18
2025-12-01,S033,P015,69,107,78,1,97
2025-12-01,S033,P016,46,27,22,3,48
2025-12-01,S033,P017,94,145,69,3,167
2025-12-01,S033,P018,41,115,105,3,48
2025-12-01,S033,P019,141,160,290,0,11
2025-12-01,S033,P020,217,102,16,0,303
2025-12-01,S034,P001,120,129,147,3,99
2025-12-01,S034,P002,117,89,150,3,53
2025-12-01,S034,P003,133,64,110,2,85
2025-12-01,S034,P004,116,5,119,1,1
2025-12-01,S034,P005,21,121,85,3,54
2025-12-01,S034,P006,128,144,137,0,135
2025-12-01,S034,P007,104,102,79,1,126
2025-12-01,S034,P008,212,2,31,0,183
2025-12-01,S034,P009,210,34,48,0,196
2025-12-01,S034,P010,225,13,130,2,106
2025-12-01,S034,P011,172,152,219,0,105
2025-12-01,S034,P012,153,0,20,0,133
2025-12-01,S034,P013,113,64,133,3,41
2025-12-01,S034,P014,131,161,139,2,151
2025-12-01,S034,P015,205,125,115,0,215
2025-12-01,S034,P016,39,143,113,1,68
2025-12-01,S034,P017,197,171,5,3,360
2025-12-01,S034,P018,165,18,175,2,6
2025-12-01,S034,P019,199,160,26,0,333
2025-12-01,S034,P020,41,78,48,3,68
2025-12-01,S035,P001,84,12,24,0,72
2025-12-01,S035,P002,159,34,23,0,170
2025-12-01,S035,P003,32,6,20,1,17
2025-12-01,S035,P004,42,170,43,0,169
2025-12-01,S035,P005,32,19,27,0,24
2025-12-01,S035,P006,176,56,145,0,87
2025-12-01,S035,P007,175,143,126,0,192
2025-12-01,S035,P008,136,78,160,3,51
2025-12-01,S035,P009,192,153,239,1,105
2025-12-01,S035,P010,125,14,104,0,35
2025-12-01,S035,P011,40,109,148,0,1
2025-12-01,S035,P012,211,15,112,0,114
2025-12-01,S035,P013,21,58,23,2,54
2025-12-01,S035,P014,60,50,102,0,8
2025-12-01,S035,P015,113,121,128,0,106
2025-12-01,S035,P016,177,72,1,0,248
2025-12-01,S035,P017,133,41,143,0,31
2025-12-01,S035,P018,176,128,181,1,122
2025-12-01,S035,P019,190,15,171,3,31
2025-12-01,S035,P020,65,56,4,2,115
