order_id,order_datetime,customer_id,product_id,store_id,campaign_id,sales_channel_en,sales_channel_ar,payment_method_en,payment_method_ar,quantity,unit_price_egp,discount_pct,gross_sales_egp,discount_egp,net_sales_egp,cost_egp,order_status,currency
ORD2025000000001,2025-05-17 22:32:02,C0004919,P003,S028,CMP006,Instagram,إنستجرام,Debit Card,بطاقة خصم,1,145.0,0.0,145.0,0.0,145.0,82.0,Completed,EGP
ORD2025000000002,2025-11-21 21:58:17,C0019773,P005,S035,CMP001,Noon,نون,Debit Card,بطاقة خصم,3,299.0,0.0,897.0,0.0,897.0,525.0,Completed,EGP
ORD2025000000003,2025-11-06 08:00:33,C0007417,P018,S028,CMP004,Retail Store,فرع,InstaPay,إنستاباي,3,149.0,0.0,447.0,0.0,447.0,240.0,Completed,EGP
ORD2025000000004,2025-11-18 04:26:02,C0024949,P010,S005,CMP003,Amazon Egypt,أمازون مصر,Credit Card,بطاقة ائتمان,1,195.0,0.0,195.0,0.0,195.0,108.0,Completed,جنيه
ORD2025000000005,2025-07-13 18:15:59,C0014449,P001,S022,CMP002,Jumia,جوميا,Cash on Delivery,الدفع عند الاستلام,2,249.0,0.15,498.0,74.7,423.3,300.0,Completed,EGP
ORD2025000000006,2025-03-20 15:09:36,C0013897,P011,S020,CMP002,Noon,نون,Meeza,ميزة,3,219.0,0.0,657.0,0.0,657.0,378.0,Completed,EGP
ORD2025000000007,2025-01-22 15:51:04,C0024410,P020,S006,CMP007,Website,الموقع الإلكتروني,Credit Card,بطاقة ائتمان,2,699.0,0.15,1398.0,209.7,1188.3,790.0,Completed,EGP
ORD2025000000008,2025-11-01 13:23:03,C0018493,P008,S005,CMP006,Retail Store,فرع,Debit Card,بطاقة خصم,1,179.0,0.2,179.0,35.8,143.2,98.0,Completed,جنيه
ORD2025000000009,2025-05-21 00:42:00,C0001369,P020,S020,CMP005,Noon,نون,Cash on Delivery,الدفع عند الاستلام,2,699.0,0.05,1398.0,69.9,1328.1,790.0,Completed,EGP
ORD2025000000010,2025-07-08 17:02:52,C0015031,P018,S002,CMP006,Website,الموقع الإلكتروني,Vodafone Cash,فودافون كاش,1,149.0,0.0,149.0,0.0,149.0,80.0,Cancelled,EGP
ORD2025000000011,2025-04-03 18:17:42,C0022925,P014,S003,CMP003,Noon,نون,Debit Card,بطاقة خصم,1,229.0,0.1,229.0,22.9,206.1,125.0,Completed,EGP
ORD2025000000012,2025-11-19 07:59:15,C0023225,P011,S018,CMP006,TikTok,تيك توك,Cash on Delivery,الدفع عند الاستلام,4,219.0,0.15,876.0,131.4,744.6,504.0,Completed,EGP
ORD2025000000013,2025-11-20 03:37:13,C0009617,P003,S024,CMP003,TikTok,تيك توك,Meeza,ميزة,2,145.0,0.15,290.0,43.5,246.5,164.0,Completed,EGP
ORD2025000000014,2025-05-06 15:45:51,C0015775,P013,S019,CMP006,Marketplace,ماركت بليس,InstaPay,إنستاباي,1,199.0,0.15,199.0,29.85,169.15,112.0,Completed,EGP
ORD2025000000015,2025-08-24 07:56:10,C0004816,P010,S023,CMP005,Retail Store,فرع,Cash on Delivery,الدفع عند الاستلام,2,195.0,0.0,390.0,0.0,390.0,216.0,Complete,جنيه
ORD2025000000016,2025-08-28 14:24:36,C0018245,P002,S022,CMP006,Facebook,فيسبوك,InstaPay,إنستاباي,1,189.0,0.1,189.0,18.9,170.1,105.0,Cancelled,EGP
ORD2025000000017,2025-07-05 23:16:34,C0018167,P018,S013,CMP003,Retail Store,فرع,Vodafone Cash,فودافون كاش,1,149.0,0.0,149.0,0.0,149.0,80.0,Completed,EGP
ORD2025000000018,2025-08-14 16:13:11,C0013076,P011,S031,CMP001,Retail Store,فرع,Credit Card,بطاقة ائتمان,3,219.0,0.05,657.0,32.85,624.15,378.0,Completed,EGP 
ORD2025000000019,2025-06-28 08:53:04,C0015122,P010,S012,CMP003,TikTok,تيك توك,Credit Card,بطاقة ائتمان,2,195.0,0.1,390.0,39.0,351.0,216.0,Completed,EGP
ORD2025000000020,2025-01-19 11:12:25,C0001722,P009,S011,CMP004,TikTok,تيك توك,Vodafone Cash,فودافون كاش,2,165.0,0.15,330.0,49.5,280.5,184.0,Completed,جنيه
ORD2025000000021,2025-05-13 03:24:31,C0015000,P005,S030,CMP003,Marketplace,ماركت بليس,Debit Card,بطاقة خصم,2,299.0,0.15,598.0,89.7,508.3,350.0,Cancelled,جنيه
ORD2025000000022,2025-02-09 08:12:16,C0004834,P004,S022,CMP003,Amazon Egypt,أمازون مصر,Vodafone Cash,فودافون كاش,4,129.0,0.05,516.0,25.8,490.2,280.0,Completed,جنيه
ORD2025000000023,2025-11-30 13:53:52,C0014534,P002,S011,CMP005,Jumia,جوميا,Meeza,ميزة,3,189.0,0.1,567.0,56.7,510.3,315.0,Completed,EGP
ORD2025000000024,2025-01-15 06:15:02,C0001093,P015,S029,CMP005,Retail Store,فرع,InstaPay,إنستاباي,3,549.0,0.0,1647.0,0.0,1647.0,915.0,Returned,EGP
ORD2025000000025,2025-10-19 00:38:05,C0002907,P019,S007,CMP003,Facebook,فيسبوك,Vodafone Cash,فودافون كاش,2,99.0,0.05,198.0,9.9,188.1,104.0,Completed,جنيه
ORD2025000000026,2025-11-02 19:24:19,C0019563,P004,S015,CMP007,Instagram,إنستجرام,Debit Card,بطاقة خصم,1,129.0,0.1,129.0,12.9,116.1,70.0,Completed,EGP 
ORD2025000000027,2025-05-18 21:49:13,C0019576,P017,S018,CMP006,Facebook,فيسبوك,Cash on Delivery,الدفع عند الاستلام,1,159.0,0.1,159.0,15.9,143.1,88.0,Completed,EGP
ORD2025000000028,2025-01-08 23:38:00,C0020281,P018,S010,CMP003,Facebook,فيسبوك,Debit Card,بطاقة خصم,2,149.0,0.05,298.0,14.9,283.1,160.0,Completed,جنيه
ORD2025000000029,2025-01-16 17:35:35,C0024206,P005,S002,CMP003,Jumia,جوميا,Meeza,ميزة,1,299.0,0.2,299.0,59.8,239.2,175.0,Completed,EGP
ORD2025000000030,2025-07-03 04:58:18,C0009253,P011,S002,CMP001,Retail Store,فرع,Vodafone Cash,فودافون كاش,4,219.0,0.15,876.0,131.4,744.6,504.0,Completed,EGP 
ORD2025000000031,2025-02-06 14:58:53,C0005731,P015,S002,CMP001,Marketplace,ماركت بليس,Credit Card,بطاقة ائتمان,1,549.0,0.0,549.0,0.0,549.0,305.0,Completed,جنيه
ORD2025000000032,2025-03-29 03:07:29,C0015707,P015,S019,CMP006,Website,الموقع الإلكتروني,Credit Card,بطاقة ائتمان,4,549.0,0.1,2196.0,219.6,1976.4,1220.0,Completed,جنيه
ORD2025000000033,2025-04-25 04:35:34,C0022069,P019,S010,CMP002,Retail Store,فرع,Credit Card,بطاقة ائتمان,1,99.0,0.0,99.0,0.0,99.0,52.0,Completed,EGP
ORD2025000000034,2025-06-20 04:26:11,C0020376,P014,S031,CMP006,Facebook,فيسبوك,Debit Card,بطاقة خصم,2,229.0,0.1,458.0,45.8,412.2,250.0,Completed,جنيه
ORD2025000000035,2025-12-16 17:53:52,C0001429,P003,S035,CMP006,Instagram,إنستجرام,InstaPay,إنستاباي,3,145.0,0.0,435.0,0.0,435.0,246.0,Completed,EGP 
ORD2025000000036,2025-08-17 00:51:56,C0016181,P015,S012,CMP007,Retail Store,فرع,Credit Card,بطاقة ائتمان,3,549.0,0.2,1647.0,329.4,1317.6,915.0,Completed,EGP
ORD2025000000037,2025-08-02 11:26:58,C0024220,P004,S023,CMP003,Website,الموقع الإلكتروني,Debit Card,بطاقة خصم,2,129.0,0.15,258.0,38.7,219.3,140.0,Completed,EGP
ORD2025000000038,2025-05-24 01:25:31,C0022946,P007,S016,CMP006,Marketplace,ماركت بليس,Vodafone Cash,فودافون كاش,1,215.0,0.2,215.0,43.0,172.0,120.0,Completed,EGP
ORD2025000000039,2025-09-17 20:45:54,C0018406,P004,S018,CMP001,Jumia,جوميا,InstaPay,إنستاباي,4,129.0,0.0,516.0,0.0,516.0,280.0,Completed,EGP
ORD2025000000040,2025-04-18 15:50:31,C0005493,P004,S018,CMP004,Amazon Egypt,أمازون مصر,Credit Card,بطاقة ائتمان,1,129.0,0.2,129.0,25.8,103.2,70.0,Cancelled,جنيه
ORD2025000000041,2025-03-09 00:55:48,C0018178,P020,S006,CMP006,Facebook,فيسبوك,Debit Card,بطاقة خصم,1,699.0,0.05,699.0,34.95,664.05,395.0,Completed,EGP
ORD2025000000042,2025-08-16 18:36:18,C0023209,P009,S011,CMP005,Facebook,فيسبوك,InstaPay,إنستاباي,1,165.0,0.05,165.0,8.25,156.75,92.0,Completed,EGP
ORD2025000000043,2025-12-15 22:24:20,C0012639,P002,S034,CMP006,Instagram,إنستجرام,Cash on Delivery,الدفع عند الاستلام,2,189.0,0.1,378.0,37.8,340.2,210.0,Cancelled,جنيه
ORD2025000000044,2025-01-23 06:31:16,C0008059,P018,S009,CMP003,Website,الموقع الإلكتروني,Debit Card,بطاقة خصم,3,149.0,0.05,447.0,22.35,424.65,240.0,Completed,EGP
ORD2025000000045,2025-07-09 08:44:02,C0012866,P003,S014,CMP002,Website,الموقع الإلكتروني,Meeza,ميزة,1,145.0,0.2,145.0,29.0,116.0,82.0,Completed,جنيه
ORD2025000000046,2025-12-09 12:22:32,C0012077,P015,S031,CMP005,Facebook,فيسبوك,Cash on Delivery,الدفع عند الاستلام,1,549.0,0.15,549.0,82.35,466.65,305.0,Completed,جنيه
ORD2025000000047,2025-01-09 00:18:18,C0011550,P004,S022,CMP002,TikTok,تيك توك,InstaPay,إنستاباي,3,129.0,0.05,387.0,19.35,367.65,210.0,Completed,جنيه
ORD2025000000048,2025-11-24 15:52:50,C0007704,P004,S012,CMP002,Retail Store,فرع,Cash on Delivery,الدفع عند الاستلام,6,129.0,0.0,774.0,0.0,774.0,420.0,Completed,جنيه
ORD2025000000049,2025-08-18 15:13:57,C0013659,P006,S023,CMP005,Website,الموقع الإلكتروني,Debit Card,بطاقة خصم,1,325.0,0.15,325.0,48.75,276.25,190.0,Completed,EGP
ORD2025000000050,2025-10-06 13:46:37,C0018682,P014,S023,CMP004,Instagram,إنستجرام,Meeza,ميزة,3,229.0,0.15,687.0,103.05,583.95,375.0,Completed,جنيه
ORD2025000000051,2025-05-22 10:39:56,C0007037,P013,S034,CMP002,Noon,نون,Vodafone Cash,فودافون كاش,1,199.0,0.0,199.0,0.0,199.0,112.0,Completed,جنيه
ORD2025000000052,2025-07-17 12:05:50,C0020275,P010,S029,CMP007,Retail Store,فرع,Cash on Delivery,الدفع عند الاستلام,2,195.0,0.2,390.0,78.0,312.0,216.0,Completed,EGP
ORD2025000000053,2025-11-15 18:24:38,C0017180,P020,S027,CMP002,Marketplace,ماركت بليس,InstaPay,إنستاباي,2,699.0,0.05,1398.0,69.9,1328.1,790.0,Completed,جنيه
ORD2025000000054,2025-06-21 04:25:21,C0020781,P009,S019,CMP005,Noon,نون,Credit Card,بطاقة ائتمان,2,165.0,0.0,330.0,0.0,330.0,184.0,Completed,EGP
ORD2025000000055,2025-07-09 13:48:56,C0011992,P017,S026,CMP002,Facebook,فيسبوك,Debit Card,بطاقة خصم,2,159.0,0.0,318.0,0.0,318.0,176.0,Completed,EGP
ORD2025000000056,2025-06-28 16:45:26,C0013102,P014,S027,CMP005,Instagram,إنستجرام,Vodafone Cash,فودافون كاش,2,229.0,0.0,458.0,0.0,458.0,250.0,Completed,EGP 
ORD2025000000057,2025-08-21 06:39:59,C0019193,P019,S025,CMP007,Pharmacy,صيدلية,InstaPay,إنستاباي,2,99.0,0.1,198.0,19.8,178.2,104.0,Completed,جنيه
ORD2025000000058,2025-07-09 09:00:26,C0019892,P004,S035,CMP007,Noon,نون,Credit Card,بطاقة ائتمان,1,129.0,0.1,129.0,12.9,116.1,70.0,Completed,EGP
ORD2025000000059,2025-10-01 01:13:28,C0009174,P016,S001,CMP004,Noon,نون,Cash on Delivery,الدفع عند الاستلام,3,479.0,0.0,1437.0,0.0,1437.0,795.0,Completed,جنيه
ORD2025000000060,2025-12-23 03:52:13,C0020383,P015,S016,CMP001,Instagram,إنستجرام,Cash on Delivery,الدفع عند الاستلام,1,549.0,0.1,549.0,54.9,494.1,305.0,Completed,جنيه
ORD2025000000061,2025-07-14 20:29:01,C0006372,P003,S016,CMP007,Website,الموقع الإلكتروني,Meeza,ميزة,2,145.0,0.0,290.0,0.0,290.0,164.0,Completed,جنيه
ORD2025000000062,2025-01-15 09:13:19,C0005126,P001,S028,CMP004,Pharmacy,صيدلية,Vodafone Cash,فودافون كاش,1,249.0,0.05,249.0,12.45,236.55,150.0,Completed,EGP
ORD2025000000063,2025-07-31 11:57:17,C0005972,P010,S027,CMP005,Website,الموقع الإلكتروني,InstaPay,إنستاباي,2,195.0,0.15,390.0,58.5,331.5,216.0,Completed,جنيه
ORD2025000000064,2025-06-24 10:56:04,C0024488,P014,S027,CMP005,Facebook,فيسبوك,Cash on Delivery,الدفع عند الاستلام,1,229.0,0.0,229.0,0.0,229.0,125.0,Completed,EGP
ORD2025000000065,2025-07-02 22:03:52,C0019017,P019,S026,CMP003,Website,الموقع الإلكتروني,Vodafone Cash,فودافون كاش,1,99.0,0.05,99.0,4.95,94.05,52.0,Completed,جنيه
ORD2025000000066,2025-01-21 12:54:55,C0003016,P007,S010,CMP005,Website,الموقع الإلكتروني,Debit Card,بطاقة خصم,2,215.0,0.0,430.0,0.0,430.0,240.0,Completed,EGP
ORD2025000000067,2025-12-30 17:23:16,C0012381,P017,S030,CMP004,Website,الموقع الإلكتروني,Debit Card,بطاقة خصم,2,159.0,0.0,318.0,0.0,318.0,176.0,Completed,EGP
ORD2025000000068,2025-07-30 16:44:00,C0024395,P019,S034,CMP003,Marketplace,ماركت بليس,InstaPay,إنستاباي,2,99.0,0.0,198.0,0.0,198.0,104.0,Completed,جنيه
ORD2025000000069,2025-08-29 17:14:22,C0021497,P019,S021,CMP002,Instagram,إنستجرام,Debit Card,بطاقة خصم,4,99.0,0.15,396.0,59.4,336.6,208.0,Completed,EGP
ORD2025000000070,2025-02-13 02:32:36,C0012785,P014,S007,CMP004,Noon,نون,InstaPay,إنستاباي,1,229.0,0.0,229.0,0.0,229.0,125.0,Completed,EGP
ORD2025000000071,2025-04-29 04:20:03,C0013175,P017,S021,CMP006,Instagram,إنستجرام,Vodafone Cash,فودافون كاش,1,159.0,0.2,159.0,31.8,127.2,88.0,Completed,EGP
ORD2025000000072,2025-02-23 17:22:30,C0022167,P006,S034,CMP006,TikTok,تيك توك,Vodafone Cash,فودافون كاش,1,325.0,0.0,325.0,0.0,325.0,190.0,Returned,جنيه
ORD2025000000073,2025-12-24 07:01:06,C0009921,P010,S033,CMP003,Noon,نون,Credit Card,بطاقة ائتمان,2,195.0,0.0,390.0,0.0,390.0,216.0,Completed,EGP
ORD2025000000074,2025-03-06 12:01:10,C0018483,P001,S027,CMP001,Amazon Egypt,أمازون مصر,Debit Card,بطاقة خصم,3,249.0,0.1,747.0,74.7,672.3,450.0,Completed,جنيه
ORD2025000000075,2025-11-21 20:29:04,C0001632,P010,S010,CMP004,Website,الموقع الإلكتروني,Vodafone Cash,فودافون كاش,3,195.0,0.05,585.0,29.25,555.75,324.0,Cancelled,EGP
ORD2025000000076,2025-12-17 02:55:03,C0015189,P016,S010,CMP007,Retail Store,فرع,Credit Card,بطاقة ائتمان,1,479.0,0.1,479.0,47.9,431.1,265.0,Complete,EGP
ORD2025000000077,2025-08-11 12:52:03,C0023267,P002,S020,CMP003,Amazon Egypt,أمازون مصر,Cash on Delivery,الدفع عند الاستلام,2,189.0,0.0,378.0,0.0,378.0,210.0,Completed,EGP
ORD2025000000078,2025-08-09 23:29:34,C0002405,P011,S011,CMP007,Facebook,فيسبوك,Meeza,ميزة,2,219.0,0.1,438.0,43.8,394.2,252.0,Completed,EGP
ORD2025000000079,2025-02-06 17:05:32,C0002126,P011,S027,CMP006,Noon,نون,Vodafone Cash,فودافون كاش,5,219.0,0.2,1095.0,219.0,876.0,630.0,Completed,EGP
ORD2025000000080,2025-07-22 11:01:51,C0008701,P003,S004,CMP004,Instagram,إنستجرام,Credit Card,بطاقة ائتمان,2,145.0,0.0,290.0,0.0,290.0,164.0,Completed,EGP
ORD2025000000081,2025-07-07 14:51:20,C0002967,P018,S030,CMP006,Website,الموقع الإلكتروني,Cash on Delivery,الدفع عند الاستلام,1,149.0,0.0,149.0,0.0,149.0,80.0,Completed,جنيه
ORD2025000000082,2025-02-18 04:46:23,C0012736,P017,S013,CMP004,Jumia,جوميا,Cash on Delivery,الدفع عند الاستلام,1,159.0,0.05,159.0,7.95,151.05,88.0,Completed,EGP
ORD2025000000083,2025-03-05 22:21:34,C0010735,P016,S018,CMP004,TikTok,تيك توك,InstaPay,إنستاباي,2,479.0,0.15,958.0,143.7,814.3,530.0,Completed,EGP
ORD2025000000084,2025-08-08 07:39:21,C0011251,P002,S008,CMP002,Facebook,فيسبوك,Vodafone Cash,فودافون كاش,1,189.0,0.0,189.0,0.0,189.0,105.0,Completed,جنيه
ORD2025000000085,2025-08-18 03:32:11,C0022088,P014,S005,CMP001,Instagram,إنستجرام,InstaPay,إنستاباي,1,229.0,0.0,229.0,0.0,229.0,125.0,Completed,EGP
ORD2025000000086,2025-06-17 20:15:02,C0021256,P013,S013,CMP007,Instagram,إنستجرام,Credit Card,بطاقة ائتمان,1,199.0,0.05,199.0,9.95,189.05,112.0,Completed,جنيه
ORD2025000000087,2025-09-09 23:37:55,C0018494,P001,S023,CMP004,Pharmacy,صيدلية,Credit Card,بطاقة ائتمان,1,249.0,0.0,249.0,0.0,249.0,150.0,Cancelled,جنيه مصري
ORD2025000000088,2025-05-05 07:50:55,C0003966,P017,S027,CMP001,Website,الموقع الإلكتروني,InstaPay,إنستاباي,2,159.0,0.0,318.0,0.0,318.0,176.0,Completed,جنيه
ORD2025000000089,2025-09-07 21:35:07,C0019774,P014,S013,CMP006,Instagram,إنستجرام,Cash on Delivery,الدفع عند الاستلام,1,229.0,0.0,229.0,0.0,229.0,125.0,Completed,جنيه
ORD2025000000090,2025-04-30 10:33:20,C0011896,P015,S009,CMP005,Pharmacy,صيدلية,Credit Card,بطاقة ائتمان,4,549.0,0.2,2196.0,439.2,1756.8,1220.0,Completed,جنيه
ORD2025000000091,2025-03-11 07:26:23,C0016216,P010,S034,CMP002,TikTok,تيك توك,Debit Card,بطاقة خصم,1,195.0,0.0,195.0,0.0,195.0,108.0,Completed,جنيه
ORD2025000000092,2025-07-22 17:22:34,C0024617,P015,S027,CMP005,TikTok,تيك توك,Vodafone Cash,فودافون كاش,1,549.0,0.2,549.0,109.8,439.2,305.0,Completed,جنيه
ORD2025000000093,2025-09-02 21:51:14,C0021209,P003,S029,CMP006,Marketplace,ماركت بليس,Cash on Delivery,الدفع عند الاستلام,2,145.0,0.15,290.0,43.5,246.5,164.0,Completed,EGP
ORD2025000000094,2025-09-12 02:48:27,C0022779,P011,S028,CMP007,Jumia,جوميا,InstaPay,إنستاباي,3,219.0,0.15,657.0,98.55,558.45,378.0,Completed,جنيه
ORD2025000000095,2025-09-12 05:46:46,C0009122,P019,S032,CMP005,Website,الموقع الإلكتروني,Credit Card,بطاقة ائتمان,2,99.0,0.2,198.0,39.6,158.4,104.0,Returned,جنيه
ORD2025000000096,2025-02-10 10:35:09,C0002693,P017,S012,CMP005,Jumia,جوميا,Cash on Delivery,الدفع عند الاستلام,1,159.0,0.0,159.0,0.0,159.0,88.0,Completed,EGP
ORD2025000000097,2025-03-14 18:18:23,C0021225,P014,S009,CMP004,Pharmacy,صيدلية,Meeza,ميزة,4,229.0,0.05,916.0,45.8,870.2,500.0,Completed,EGP
ORD2025000000098,2025-09-09 17:35:06,C0004477,P014,S030,CMP004,Amazon Egypt,أمازون مصر,Credit Card,بطاقة ائتمان,1,229.0,0.05,229.0,11.45,217.55,125.0,Completed,EGP
ORD2025000000099,2025-09-15 20:36:06,C0013620,P011,S031,CMP003,TikTok,تيك توك,Meeza,ميزة,3,219.0,0.05,657.0,32.85,624.15,378.0,Completed,EGP
ORD2025000000100,2025-03-20 03:46:13,C0014199,P012,S015,CMP005,Instagram,إنستجرام,InstaPay,إنستاباي,2,239.0,0.15,478.0,71.7,406.3,276.0,Returned,جنيه
ORD2025000000101,2025-01-04 21:36:02,C0011312,P008,S018,CMP006,Retail Store,فرع,Debit Card,بطاقة خصم,1,179.0,0.2,179.0,35.8,143.2,98.0,Completed,جنيه
ORD2025000000102,2025-05-16 09:15:03,C0005801,P014,S026,CMP006,Retail Store,فرع,Cash on Delivery,الدفع عند الاستلام,1,229.0,0.0,229.0,0.0,229.0,125.0,Completed,جنيه
ORD2025000000103,2025-02-10 05:00:29,C0015415,P011,S010,CMP002,Pharmacy,صيدلية,Credit Card,بطاقة ائتمان,1,219.0,0.05,219.0,10.95,208.05,126.0,Completed,EGP
ORD2025000000104,2025-11-05 20:58:36,C0024340,P016,S030,CMP001,Pharmacy,صيدلية,Vodafone Cash,فودافون كاش,3,479.0,0.0,1437.0,0.0,1437.0,795.0,Completed,EGP
ORD2025000000105,2025-02-22 04:35:17,C0023851,P020,S007,CMP006,Jumia,جوميا,InstaPay,إنستاباي,1,699.0,0.05,699.0,34.95,664.05,395.0,Completed,EGP 
ORD2025000000106,2025-06-30 06:58:38,C0014780,P020,S029,CMP004,Instagram,إنستجرام,Meeza,ميزة,1,699.0,0.05,699.0,34.95,664.05,395.0,Completed,جنيه
ORD2025000000107,2025-03-29 17:27:24,C0021183,P019,S028,CMP002,TikTok,تيك توك,Meeza,ميزة,2,99.0,0.1,198.0,19.8,178.2,104.0,Cancelled,جنيه
ORD2025000000108,2025-11-21 21:45:27,C0010247,P005,S031,CMP001,Pharmacy,صيدلية,InstaPay,إنستاباي,1,299.0,0.05,299.0,14.95,284.05,175.0,Completed,جنيه
ORD2025000000109,2025-12-07 06:53:25,C0019304,P009,S003,CMP001,TikTok,تيك توك,Cash on Delivery,الدفع عند الاستلام,2,165.0,0.0,330.0,0.0,330.0,184.0,Completed,EGP
ORD2025000000110,2025-11-26 23:24:17,C0017335,P017,S034,CMP005,Noon,نون,Vodafone Cash,فودافون كاش,3,159.0,0.2,477.0,95.4,381.6,264.0,Completed,جنيه
ORD2025000000111,2025-05-27 05:35:06,C0015318,P012,S023,CMP006,Jumia,جوميا,Vodafone Cash,فودافون كاش,2,239.0,0.15,478.0,71.7,406.3,276.0,Completed,EGP
ORD2025000000112,2025-12-01 22:00:59,C0001186,P009,S003,CMP001,Marketplace,ماركت بليس,Vodafone Cash,فودافون كاش,2,165.0,0.2,330.0,66.0,264.0,184.0,Completed,EGP
ORD2025000000113,2025-10-29 12:21:18,C0011955,P002,S035,CMP002,Facebook,فيسبوك,Cash on Delivery,الدفع عند الاستلام,1,189.0,0.1,189.0,18.9,170.1,105.0,Completed,جنيه
ORD2025000000114,2025-11-05 00:30:50,C0017166,P014,S006,CMP005,Noon,نون,Credit Card,بطاقة ائتمان,3,229.0,0.0,687.0,0.0,687.0,375.0,Completed,جنيه
ORD2025000000115,2025-07-19 14:05:44,C0015636,P004,S025,CMP003,Jumia,جوميا,Credit Card,بطاقة ائتمان,1,129.0,0.05,129.0,6.45,122.55,70.0,Cancelled,جنيه
ORD2025000000116,2025-05-23 14:35:00,C0013340,P001,S011,CMP007,TikTok,تيك توك,Vodafone Cash,فودافون كاش,3,249.0,0.15,747.0,112.05,634.95,450.0,Completed,جنيه
ORD2025000000117,2025-06-18 21:38:04,C0021558,P001,S008,CMP004,Jumia,جوميا,Debit Card,بطاقة خصم,6,249.0,0.2,1494.0,298.8,1195.2,900.0,Completed,EGP
ORD2025000000118,2025-03-20 19:12:52,C0022665,P006,S025,CMP002,Amazon Egypt,أمازون مصر,InstaPay,إنستاباي,3,325.0,0.0,975.0,0.0,975.0,570.0,Completed,EGP 
ORD2025000000119,2025-03-15 21:53:05,C0000570,P016,S033,CMP005,Pharmacy,صيدلية,InstaPay,إنستاباي,2,479.0,0.2,958.0,191.6,766.4,530.0,Completed,EGP
ORD2025000000120,2025-01-25 10:44:25,C0024676,P019,S003,CMP004,Facebook,فيسبوك,Meeza,ميزة,1,99.0,0.05,99.0,4.95,94.05,52.0,Completed,EGP
ORD2025000000121,2025-09-24 23:24:35,C0013298,P019,S029,CMP002,Instagram,إنستجرام,Credit Card,بطاقة ائتمان,1,99.0,0.15,99.0,14.85,84.15,52.0,Completed,EGP
ORD2025000000122,2025-06-13 03:21:19,C0015319,P008,S004,CMP004,Website,الموقع الإلكتروني,Meeza,ميزة,2,179.0,0.0,358.0,0.0,358.0,196.0,Completed,EGP
ORD2025000000123,2025-09-15 15:34:29,C0020909,P013,S014,CMP007,Amazon Egypt,أمازون مصر,InstaPay,إنستاباي,2,199.0,0.1,398.0,39.8,358.2,224.0,Completed,EGP
ORD2025000000124,2025-08-11 15:45:40,C0023112,P009,S020,CMP004,Amazon Egypt,أمازون مصر,InstaPay,إنستاباي,2,165.0,0.0,330.0,0.0,330.0,184.0,Completed,جنيه
ORD2025000000125,2025-12-27 09:06:04,C0012869,P016,S022,CMP007,Facebook,فيسبوك,Cash on Delivery,الدفع عند الاستلام,4,479.0,0.0,1916.0,0.0,1916.0,1060.0,Completed,EGP
ORD2025000000126,2025-06-30 04:35:05,C0008721,P016,S007,CMP006,Instagram,إنستجرام,Cash on Delivery,الدفع عند الاستلام,1,479.0,0.0,479.0,0.0,479.0,265.0,Completed,جنيه
ORD2025000000127,2025-08-24 04:13:33,C0006973,P009,S015,CMP004,Amazon Egypt,أمازون مصر,Vodafone Cash,فودافون كاش,1,165.0,0.15,165.0,24.75,140.25,92.0,Completed,EGP
ORD2025000000128,2025-04-17 00:01:12,C0000743,P017,S032,CMP002,Marketplace,ماركت بليس,Vodafone Cash,فودافون كاش,1,159.0,0.05,159.0,7.95,151.05,88.0,Completed,EGP
ORD2025000000129,2025-09-29 08:26:49,C0019719,P001,S017,CMP001,Amazon Egypt,أمازون مصر,Credit Card,بطاقة ائتمان,1,249.0,0.15,249.0,37.35,211.65,150.0,Completed,EGP
ORD2025000000130,2025-01-10 02:15:39,C0004495,P012,S004,CMP007,Jumia,جوميا,InstaPay,إنستاباي,1,239.0,0.1,239.0,23.9,215.1,138.0,Completed,EGP
ORD2025000000131,2025-03-23 00:32:55,C0023383,P015,S014,CMP005,Website,الموقع الإلكتروني,Vodafone Cash,فودافون كاش,1,549.0,0.1,549.0,54.9,494.1,305.0,Completed,EGP 
ORD2025000000132,2025-05-21 15:39:09,C0018041,P011,S007,CMP003,Instagram,إنستجرام,InstaPay,إنستاباي,1,219.0,0.15,219.0,32.85,186.15,126.0,Returned,EGP
ORD2025000000133,2025-01-26 19:14:08,C0005656,P006,S022,CMP002,TikTok,تيك توك,Debit Card,بطاقة خصم,1,325.0,0.15,325.0,48.75,276.25,190.0,Completed,جنيه
ORD2025000000134,2025-03-09 19:29:52,C0006154,P014,S035,CMP001,Retail Store,فرع,InstaPay,إنستاباي,2,229.0,0.1,458.0,45.8,412.2,250.0,Completed,جنيه
ORD2025000000135,2025-10-04 06:31:23,C0024115,P013,S035,CMP004,TikTok,تيك توك,Credit Card,بطاقة ائتمان,1,199.0,0.05,199.0,9.95,189.05,112.0,Completed,جنيه
ORD2025000000136,2025-01-30 05:34:37,C0011341,P001,S003,CMP005,Noon,نون,Meeza,ميزة,3,249.0,0.05,747.0,37.35,709.65,450.0,Completed,EGP
ORD2025000000137,2025-08-26 22:18:37,C0007029,P014,S005,CMP001,Jumia,جوميا,Credit Card,بطاقة ائتمان,1,229.0,0.0,229.0,0.0,229.0,125.0,Completed,EGP
ORD2025000000138,2025-11-04 17:37:10,C0022184,P007,S001,CMP006,Jumia,جوميا,Credit Card,بطاقة ائتمان,1,215.0,0.0,215.0,0.0,215.0,120.0,Completed,جنيه
ORD2025000000139,2025-07-29 12:49:49,C0014697,P010,S035,CMP004,Amazon Egypt,أمازون مصر,Cash on Delivery,الدفع عند الاستلام,3,195.0,0.2,585.0,117.0,468.0,324.0,Completed,EGP
ORD2025000000140,2025-10-13 22:32:18,C0011492,P019,S029,CMP003,TikTok,تيك توك,Debit Card,بطاقة خصم,1,99.0,0.1,99.0,9.9,89.1,52.0,Completed,EGP
ORD2025000000141,2025-03-18 03:01:52,C0009051,P001,S025,CMP005,Noon,نون,Cash on Delivery,الدفع عند الاستلام,1,249.0,0.15,249.0,37.35,211.65,150.0,Returned,EGP
ORD2025000000142,2025-02-19 01:25:09,C0011776,P002,S021,CMP005,Facebook,فيسبوك,Meeza,ميزة,2,189.0,0.0,378.0,0.0,378.0,210.0,completed,جنيه
ORD2025000000143,2025-12-19 20:19:29,C0013349,P001,S033,CMP005,Marketplace,ماركت بليس,Vodafone Cash,فودافون كاش,1,249.0,0.05,249.0,12.45,236.55,150.0,Completed,جنيه
ORD2025000000144,2025-04-18 18:49:43,C0009953,P017,S022,CMP004,Amazon Egypt,أمازون مصر,Credit Card,بطاقة ائتمان,3,159.0,0.15,477.0,71.55,405.45,264.0,Completed,جنيه
ORD2025000000145,2025-03-15 03:09:10,C0017745,P003,S010,CMP002,Noon,نون,Credit Card,بطاقة ائتمان,1,145.0,0.2,145.0,29.0,116.0,82.0,Cancelled,EGP
ORD2025000000146,2025-11-06 11:17:58,C0000481,P010,S035,CMP006,Facebook,فيسبوك,Meeza,ميزة,1,195.0,0.0,195.0,0.0,195.0,108.0,Completed,EGP
ORD2025000000147,2025-05-16 17:47:19,C0012525,P003,S010,CMP002,Pharmacy,صيدلية,Vodafone Cash,فودافون كاش,2,145.0,0.05,290.0,14.5,275.5,164.0,Completed,EGP
ORD2025000000148,2025-12-12 06:17:58,C0007285,P007,S019,CMP007,Pharmacy,صيدلية,Meeza,ميزة,2,215.0,0.15,430.0,64.5,365.5,240.0,Completed,EGP
ORD2025000000149,2025-05-05 15:53:54,C0001927,P006,S002,CMP001,Marketplace,ماركت بليس,Credit Card,بطاقة ائتمان,6,325.0,0.15,1950.0,292.5,1657.5,1140.0,Pending,EGP
ORD2025000000150,2025-04-30 17:39:43,C0012886,P015,S021,CMP007,TikTok,تيك توك,Vodafone Cash,فودافون كاش,2,549.0,0.2,1098.0,219.6,878.4,610.0,Completed,EGP
ORD2025000000151,2025-06-20 11:37:35,C0021598,P013,S031,CMP003,Marketplace,ماركت بليس,Cash on Delivery,الدفع عند الاستلام,1,199.0,0.2,199.0,39.8,159.2,112.0,Completed,EGP
ORD2025000000152,2025-06-14 10:40:35,C0003387,P003,S001,CMP003,Facebook,فيسبوك,Debit Card,بطاقة خصم,2,145.0,0.1,290.0,29.0,261.0,164.0,Completed,EGP
ORD2025000000153,2025-11-11 03:26:36,C0005593,P018,S010,CMP003,Website,الموقع الإلكتروني,InstaPay,إنستاباي,1,149.0,0.0,149.0,0.0,149.0,80.0,Returned,EGP
ORD2025000000154,2025-07-11 20:08:26,C0013954,P002,S005,CMP007,Marketplace,ماركت بليس,Meeza,ميزة,2,189.0,0.1,378.0,37.8,340.2,210.0,Completed,جنيه
ORD2025000000155,2025-03-17 09:45:53,C0014957,P016,S024,CMP006,Amazon Egypt,أمازون مصر,Vodafone Cash,فودافون كاش,1,479.0,0.2,479.0,95.8,383.2,265.0,Completed,EGP
ORD2025000000156,2025-10-19 20:47:20,C0013489,P018,S027,CMP002,Amazon Egypt,أمازون مصر,Credit Card,بطاقة ائتمان,2,149.0,0.0,298.0,0.0,298.0,160.0,Pending,EGP
ORD2025000000157,2025-07-21 16:19:00,C0003083,P007,S033,CMP005,Website,الموقع الإلكتروني,Credit Card,بطاقة ائتمان,2,215.0,0.05,430.0,21.5,408.5,240.0,Completed,جنيه
ORD2025000000158,2025-11-07 23:47:19,C0007516,P016,S021,CMP007,Pharmacy,صيدلية,InstaPay,إنستاباي,1,479.0,0.2,479.0,95.8,383.2,265.0,Completed,EGP
ORD2025000000159,2025-01-02 07:40:36,C0007299,P002,S015,CMP004,Amazon Egypt,أمازون مصر,Credit Card,بطاقة ائتمان,1,189.0,0.0,189.0,0.0,189.0,105.0,Completed,EGP
ORD2025000000160,2025-01-26 02:59:16,C0005619,P013,S033,CMP003,Noon,نون,Vodafone Cash,فودافون كاش,2,199.0,0.05,398.0,19.9,378.1,224.0,Completed,EGP
ORD2025000000161,2025-01-17 22:16:23,C0003166,P002,S020,CMP002,TikTok,تيك توك,InstaPay,إنستاباي,2,189.0,0.1,378.0,37.8,340.2,210.0,Completed,EGP
ORD2025000000162,2025-01-10 19:51:48,C0007939,P018,S032,CMP004,TikTok,تيك توك,Debit Card,بطاقة خصم,1,149.0,0.05,149.0,7.45,141.55,80.0,Completed,EGP
ORD2025000000163,2025-11-25 00:40:52,C0007206,P017,S033,CMP002,Marketplace,ماركت بليس,InstaPay,إنستاباي,3,159.0,0.0,477.0,0.0,477.0,264.0,Completed,EGP
ORD2025000000164,2025-08-11 07:12:45,C0008030,P007,S024,CMP003,TikTok,تيك توك,Cash on Delivery,الدفع عند الاستلام,1,215.0,0.2,215.0,43.0,172.0,120.0,Completed,EGP
ORD2025000000165,2025-12-28 19:48:03,C0023251,P016,S017,CMP006,Marketplace,ماركت بليس,InstaPay,إنستاباي,1,479.0,0.1,479.0,47.9,431.1,265.0,Completed,EGP
ORD2025000000166,2025-07-30 20:29:38,C0019076,P018,S014,CMP005,Website,الموقع الإلكتروني,Cash on Delivery,الدفع عند الاستلام,3,149.0,0.0,447.0,0.0,447.0,240.0,Completed,EGP
ORD2025000000167,2025-06-06 10:25:06,C0004177,P010,S015,CMP001,Marketplace,ماركت بليس,Credit Card,بطاقة ائتمان,1,195.0,0.2,195.0,39.0,156.0,108.0,Completed,جنيه
ORD2025000000168,2025-05-17 02:31:54,C0004770,P006,S004,CMP002,Instagram,إنستجرام,Vodafone Cash,فودافون كاش,2,325.0,0.1,650.0,65.0,585.0,380.0,Completed,EGP
ORD2025000000169,2025-05-06 15:11:18,C0016348,P005,S023,CMP002,Retail Store,فرع,Meeza,ميزة,3,299.0,0.15,897.0,134.55,762.45,525.0,Completed,جنيه
ORD2025000000170,2025-03-24 16:09:13,C0000313,P002,S012,CMP005,Instagram,إنستجرام,Vodafone Cash,فودافون كاش,3,189.0,0.15,567.0,85.05,481.95,315.0,Completed,EGP 
ORD2025000000171,2025-06-07 01:54:01,C0007934,P005,S014,CMP007,Pharmacy,صيدلية,Cash on Delivery,الدفع عند الاستلام,2,299.0,0.2,598.0,119.6,478.4,350.0,Completed,جنيه
ORD2025000000172,2025-09-30 03:40:07,C0009051,P005,S028,CMP004,TikTok,تيك توك,Debit Card,بطاقة خصم,2,299.0,0.15,598.0,89.7,508.3,350.0,Completed,EGP
ORD2025000000173,2025-05-06 11:20:08,C0011615,P008,S008,CMP003,Website,الموقع الإلكتروني,Vodafone Cash,فودافون كاش,1,179.0,0.0,179.0,0.0,179.0,98.0,Completed,EGP
ORD2025000000174,2025-08-18 11:41:45,C0006018,P015,S010,CMP007,Retail Store,فرع,Credit Card,بطاقة ائتمان,3,549.0,0.15,1647.0,247.05,1399.95,915.0,Completed,EGP
ORD2025000000175,2025-04-30 16:34:10,C0008129,P016,S004,CMP003,Noon,نون,InstaPay,إنستاباي,1,479.0,0.1,479.0,47.9,431.1,265.0,Completed,جنيه
ORD2025000000176,2025-02-06 20:46:54,C0024722,P010,S010,CMP007,Website,الموقع الإلكتروني,InstaPay,إنستاباي,1,195.0,0.05,195.0,9.75,185.25,108.0,Completed,جنيه
ORD2025000000177,2025-09-23 21:18:12,C0024509,P013,S010,CMP005,Facebook,فيسبوك,Vodafone Cash,فودافون كاش,1,199.0,0.0,199.0,0.0,199.0,112.0,Completed,EGP
ORD2025000000178,2025-04-29 13:13:40,C0013880,P006,S010,CMP004,Pharmacy,صيدلية,Vodafone Cash,فودافون كاش,1,325.0,0.0,325.0,0.0,325.0,190.0,Completed,EGP
ORD2025000000179,2025-08-04 18:54:22,C0012226,P010,S029,CMP006,Noon,نون,Cash on Delivery,الدفع عند الاستلام,2,195.0,0.0,390.0,0.0,390.0,216.0,Completed,EGP
ORD2025000000180,2025-01-18 03:02:50,C0009367,P004,S032,CMP005,Website,الموقع الإلكتروني,Meeza,ميزة,2,129.0,0.2,258.0,51.6,206.4,140.0,Completed,EGP
ORD2025000000181,2025-02-13 17:16:45,C0000367,P016,S017,CMP001,Noon,نون,Credit Card,بطاقة ائتمان,1,479.0,0.0,479.0,0.0,479.0,265.0,Returned,جنيه
ORD2025000000182,2025-04-26 13:56:04,C0006904,P007,S009,CMP005,Jumia,جوميا,Vodafone Cash,فودافون كاش,1,215.0,0.0,215.0,0.0,215.0,120.0,Completed,EGP 
ORD2025000000183,2025-03-09 19:15:53,C0007861,P001,S017,CMP001,Amazon Egypt,أمازون مصر,Vodafone Cash,فودافون كاش,1,249.0,0.15,249.0,37.35,211.65,150.0,Completed,EGP
ORD2025000000184,2025-11-26 19:08:26,C0022444,P015,S030,CMP002,Facebook,فيسبوك,Debit Card,بطاقة خصم,4,549.0,0.0,2196.0,0.0,2196.0,1220.0,Completed,EGP
ORD2025000000185,2025-04-21 12:55:46,C0013233,P001,S008,CMP005,Amazon Egypt,أمازون مصر,Meeza,ميزة,3,249.0,0.2,747.0,149.4,597.6,450.0,Completed,EGP
ORD2025000000186,2025-07-14 22:27:02,C0003469,P007,S010,CMP002,Noon,نون,Credit Card,بطاقة ائتمان,2,215.0,0.2,430.0,86.0,344.0,240.0,Completed,EGP
ORD2025000000187,2025-10-12 02:26:58,C0024820,P001,S001,CMP004,Amazon Egypt,أمازون مصر,Debit Card,بطاقة خصم,1,249.0,0.1,249.0,24.9,224.1,150.0,Completed,EGP
ORD2025000000188,2025-01-07 01:59:10,C0021935,P020,S025,CMP006,Website,الموقع الإلكتروني,Meeza,ميزة,6,699.0,0.15,4194.0,629.1,3564.9,2370.0,Completed,EGP
ORD2025000000189,2025-01-11 04:30:35,C0009205,P010,S003,CMP004,Website,الموقع الإلكتروني,Meeza,ميزة,2,195.0,0.2,390.0,78.0,312.0,216.0,Completed,جنيه
ORD2025000000190,2025-06-01 02:09:55,C0016552,P006,S007,CMP003,Noon,نون,Vodafone Cash,فودافون كاش,1,325.0,0.0,325.0,0.0,325.0,190.0,Completed,EGP
ORD2025000000191,2025-12-06 22:36:02,C0007841,P005,S018,CMP007,Marketplace,ماركت بليس,Debit Card,بطاقة خصم,1,299.0,0.1,299.0,29.9,269.1,175.0,Completed,EGP
ORD2025000000192,2025-12-22 22:05:08,C0004353,P010,S001,CMP001,Jumia,جوميا,Debit Card,بطاقة خصم,3,195.0,0.0,585.0,0.0,585.0,324.0,Returned,EGP
ORD2025000000193,2025-02-07 12:53:01,C0012287,P001,S032,CMP007,Amazon Egypt,أمازون مصر,InstaPay,إنستاباي,2,249.0,0.15,498.0,74.7,423.3,300.0,Completed,EGP
ORD2025000000194,2025-01-11 14:07:03,C0006079,P003,S024,CMP003,Facebook,فيسبوك,Meeza,ميزة,1,145.0,0.0,145.0,0.0,145.0,82.0,Completed,EGP
ORD2025000000195,2025-10-13 10:13:49,C0011749,P014,S034,CMP003,Jumia,جوميا,InstaPay,إنستاباي,3,229.0,0.0,687.0,0.0,687.0,375.0,Completed,EGP
ORD2025000000196,2025-05-17 11:23:44,C0006602,P011,S030,CMP007,Facebook,فيسبوك,Cash on Delivery,الدفع عند الاستلام,4,219.0,0.1,876.0,87.6,788.4,504.0,Returned,EGP
ORD2025000000197,2025-12-09 21:38:42,C0005794,P019,S034,CMP006,TikTok,تيك توك,InstaPay,إنستاباي,3,99.0,0.0,297.0,0.0,297.0,156.0,Completed,جنيه
ORD2025000000198,2025-02-10 20:32:34,C0000543,P002,S030,CMP002,Website,الموقع الإلكتروني,Credit Card,بطاقة ائتمان,1,189.0,0.15,189.0,28.35,160.65,105.0,Complete,جنيه
ORD2025000000199,2025-08-19 11:42:57,C0017266,P003,S014,CMP001,Noon,نون,Cash on Delivery,الدفع عند الاستلام,2,145.0,0.0,290.0,0.0,290.0,164.0,Completed,EGP
ORD2025000000200,2025-07-21 13:59:15,C0007801,P009,S025,CMP006,TikTok,تيك توك,Debit Card,بطاقة خصم,1,165.0,0.2,165.0,33.0,132.0,92.0,Completed,EGP
ORD2025000000201,2025-12-28 14:41:29,C0009746,P002,S014,CMP003,Facebook,فيسبوك,Vodafone Cash,فودافون كاش,1,189.0,0.05,189.0,9.45,179.55,105.0,Completed,جنيه
ORD2025000000202,2025-02-15 23:55:47,C0002019,P003,S007,CMP004,Jumia,جوميا,Meeza,ميزة,5,145.0,0.0,725.0,0.0,725.0,410.0,Completed,جنيه
ORD2025000000203,2025-10-10 15:41:01,C0018161,P016,S023,CMP004,Instagram,إنستجرام,Meeza,ميزة,1,479.0,0.2,479.0,95.8,383.2,265.0,Completed,جنيه
ORD2025000000204,2025-03-01 22:20:56,C0012829,P008,S012,CMP006,TikTok,تيك توك,Meeza,ميزة,4,179.0,0.2,716.0,143.2,572.8,392.0,Completed,EGP
ORD2025000000205,2025-04-10 12:31:00,C0012711,P019,S015,CMP006,Instagram,إنستجرام,Cash on Delivery,الدفع عند الاستلام,3,99.0,0.0,297.0,0.0,297.0,156.0,Completed,جنيه
ORD2025000000206,2025-03-23 08:07:05,C0018397,P016,S007,CMP001,Retail Store,فرع,Meeza,ميزة,2,479.0,0.2,958.0,191.6,766.4,530.0,Returned,EGP 
ORD2025000000207,2025-11-04 07:32:28,C0010065,P010,S030,CMP002,Retail Store,فرع,Debit Card,بطاقة خصم,3,195.0,0.2,585.0,117.0,468.0,324.0,Completed,EGP
ORD2025000000208,2025-06-05 11:13:07,C0005245,P020,S003,CMP005,Jumia,جوميا,InstaPay,إنستاباي,1,699.0,0.05,699.0,34.95,664.05,395.0,Completed,جنيه
ORD2025000000209,2025-01-01 02:12:40,C0013978,P019,S017,CMP003,Instagram,إنستجرام,Debit Card,بطاقة خصم,3,99.0,0.0,297.0,0.0,297.0,156.0,Completed,EGP
ORD2025000000210,2025-10-09 21:14:12,C0021579,P005,S007,CMP001,Noon,نون,Cash on Delivery,الدفع عند الاستلام,4,299.0,0.15,1196.0,179.4,1016.6,700.0,Completed,EGP
ORD2025000000211,2025-08-31 16:24:12,C0011867,P008,S005,CMP005,Noon,نون,Cash on Delivery,الدفع عند الاستلام,1,179.0,0.0,179.0,0.0,179.0,98.0,Completed,EGP 
ORD2025000000212,2025-07-29 10:12:49,C0002606,P003,S010,CMP004,Amazon Egypt,أمازون مصر,Cash on Delivery,الدفع عند الاستلام,1,145.0,0.05,145.0,7.25,137.75,82.0,Completed,جنيه
ORD2025000000213,2025-01-06 23:06:06,C0022183,P015,S021,CMP002,Facebook,فيسبوك,Credit Card,بطاقة ائتمان,1,549.0,0.15,549.0,82.35,466.65,305.0,Completed,جنيه
ORD2025000000214,2025-05-15 14:07:59,C0001772,P007,S010,CMP007,TikTok,تيك توك,Cash on Delivery,الدفع عند الاستلام,1,215.0,0.0,215.0,0.0,215.0,120.0,completed,جنيه
ORD2025000000215,2025-11-26 20:58:27,C0009398,P013,S011,CMP002,Noon,نون,Vodafone Cash,فودافون كاش,1,199.0,0.05,199.0,9.95,189.05,112.0,Completed,EGP
ORD2025000000216,2025-03-02 02:55:32,C0005281,P008,S012,CMP001,Pharmacy,صيدلية,Meeza,ميزة,2,179.0,0.15,358.0,53.7,304.3,196.0,Completed,EGP
ORD2025000000217,2025-12-12 18:51:37,C0018366,P017,S002,CMP005,Website,الموقع الإلكتروني,Credit Card,بطاقة ائتمان,1,159.0,0.15,159.0,23.85,135.15,88.0,Completed,EGP
ORD2025000000218,2025-07-01 06:41:13,C0015927,P017,S032,CMP004,Website,الموقع الإلكتروني,Cash on Delivery,الدفع عند الاستلام,1,159.0,0.15,159.0,23.85,135.15,88.0,Completed,جنيه
ORD2025000000219,2025-04-28 23:14:24,C0022996,P014,S026,CMP002,TikTok,تيك توك,Meeza,ميزة,1,229.0,0.05,229.0,11.45,217.55,125.0,Completed,جنيه
ORD2025000000220,2025-10-24 03:39:18,C0000398,P004,S012,CMP007,Marketplace,ماركت بليس,Cash on Delivery,الدفع عند الاستلام,3,129.0,0.1,387.0,38.7,348.3,210.0,Completed,EGP
ORD2025000000221,2025-09-03 04:10:54,C0005774,P005,S027,CMP007,Marketplace,ماركت بليس,Cash on Delivery,الدفع عند الاستلام,1,299.0,0.15,299.0,44.85,254.15,175.0,Completed,EGP
ORD2025000000222,2025-10-16 10:40:05,C0021967,P009,S030,CMP004,Jumia,جوميا,InstaPay,إنستاباي,1,165.0,0.15,165.0,24.75,140.25,92.0,completed,جنيه
ORD2025000000223,2025-12-28 16:41:42,C0016965,P002,S015,CMP001,Amazon Egypt,أمازون مصر,Vodafone Cash,فودافون كاش,1,189.0,0.0,189.0,0.0,189.0,105.0,Completed,جنيه
ORD2025000000224,2025-04-04 06:04:07,C0023832,P001,S018,CMP005,Marketplace,ماركت بليس,Cash on Delivery,الدفع عند الاستلام,4,249.0,0.0,996.0,0.0,996.0,600.0,Pending,جنيه
ORD2025000000225,2025-02-22 14:30:00,C0021301,P002,S035,CMP006,Noon,نون,Debit Card,بطاقة خصم,1,189.0,0.2,189.0,37.8,151.2,105.0,Completed,EGP
ORD2025000000226,2025-01-15 20:10:28,C0020275,P001,S023,CMP001,Amazon Egypt,أمازون مصر,InstaPay,إنستاباي,1,249.0,0.2,249.0,49.8,199.2,150.0,Completed,EGP
ORD2025000000227,2025-03-03 12:34:57,C0003763,P010,S009,CMP005,Marketplace,ماركت بليس,InstaPay,إنستاباي,2,195.0,0.2,390.0,78.0,312.0,216.0,Completed,EGP
ORD2025000000228,2025-07-19 05:25:40,C0017831,P007,S003,CMP003,TikTok,تيك توك,Credit Card,بطاقة ائتمان,3,215.0,0.15,645.0,96.75,548.25,360.0,Completed,EGP
ORD2025000000229,2025-04-22 03:09:45,C0005307,P009,S022,CMP004,Facebook,فيسبوك,Meeza,ميزة,1,165.0,0.0,165.0,0.0,165.0,92.0,Completed,جنيه
ORD2025000000230,2025-08-25 07:27:06,C0018032,P010,S007,CMP001,Website,الموقع الإلكتروني,Vodafone Cash,فودافون كاش,2,195.0,0.0,390.0,0.0,390.0,216.0,Completed,EGP
ORD2025000000231,2025-07-14 00:33:15,C0001448,P008,S012,CMP006,Jumia,جوميا,Cash on Delivery,الدفع عند الاستلام,1,179.0,0.0,179.0,0.0,179.0,98.0,Completed,EGP
ORD2025000000232,2025-02-03 02:13:02,C0023465,P012,S007,CMP005,Jumia,جوميا,Vodafone Cash,فودافون كاش,3,239.0,0.0,717.0,0.0,717.0,414.0,Completed,EGP
ORD2025000000233,2025-06-15 05:13:03,C0016437,P014,S002,CMP001,Amazon Egypt,أمازون مصر,Meeza,ميزة,3,229.0,0.0,687.0,0.0,687.0,375.0,Completed,EGP
ORD2025000000234,2025-05-14 02:09:34,C0018142,P019,S025,CMP005,Pharmacy,صيدلية,Vodafone Cash,فودافون كاش,1,99.0,0.05,99.0,4.95,94.05,52.0,Completed,EGP
ORD2025000000235,2025-09-25 11:20:08,C0011039,P020,S008,CMP006,TikTok,تيك توك,Debit Card,بطاقة خصم,1,699.0,0.0,699.0,0.0,699.0,395.0,Completed,جنيه
ORD2025000000236,2025-01-25 10:11:52,C0001840,P006,S010,CMP002,Facebook,فيسبوك,InstaPay,إنستاباي,1,325.0,0.2,325.0,65.0,260.0,190.0,Pending,جنيه
ORD2025000000237,2025-10-29 21:37:54,C0016207,P002,S025,CMP002,Amazon Egypt,أمازون مصر,Meeza,ميزة,2,189.0,0.0,378.0,0.0,378.0,210.0,Completed,EGP
ORD2025000000238,2025-06-11 03:32:26,C0019753,P017,S001,CMP001,Pharmacy,صيدلية,Cash on Delivery,الدفع عند الاستلام,1,159.0,0.05,159.0,7.95,151.05,88.0,Completed,جنيه
ORD2025000000239,2025-11-15 23:27:20,C0004607,P017,S032,CMP007,TikTok,تيك توك,Debit Card,بطاقة خصم,1,159.0,0.2,159.0,31.8,127.2,88.0,Pending,EGP
ORD2025000000240,2025-09-16 06:44:39,C0014682,P015,S014,CMP004,Instagram,إنستجرام,InstaPay,إنستاباي,2,549.0,0.1,1098.0,109.8,988.2,610.0,Completed,EGP
ORD2025000000241,2025-10-04 08:50:56,C0007542,P008,S023,CMP005,Noon,نون,InstaPay,إنستاباي,2,179.0,0.0,358.0,0.0,358.0,196.0,Completed,EGP
ORD2025000000242,2025-12-09 12:08:13,C0000024,P010,S007,CMP001,Marketplace,ماركت بليس,Vodafone Cash,فودافون كاش,3,195.0,0.2,585.0,117.0,468.0,324.0,Pending,EGP
ORD2025000000243,2025-07-29 15:54:53,C0001968,P016,S014,CMP005,Noon,نون,Debit Card,بطاقة خصم,5,479.0,0.2,2395.0,479.0,1916.0,1325.0,Cancelled,EGP
ORD2025000000244,2025-07-05 22:17:00,C0019950,P014,S004,CMP005,Marketplace,ماركت بليس,Cash on Delivery,الدفع عند الاستلام,3,229.0,0.0,687.0,0.0,687.0,375.0,Completed,EGP
ORD2025000000245,2025-02-22 06:27:42,C0000544,P013,S019,CMP003,Amazon Egypt,أمازون مصر,Credit Card,بطاقة ائتمان,3,199.0,0.15,597.0,89.55,507.45,336.0,Completed,EGP
ORD2025000000246,2025-11-21 22:30:06,C0024526,P006,S007,CMP003,Noon,نون,Cash on Delivery,الدفع عند الاستلام,1,325.0,0.0,325.0,0.0,325.0,190.0,Completed,EGP
ORD2025000000247,2025-05-15 21:40:08,C0024506,P012,S024,CMP005,Jumia,جوميا,Vodafone Cash,فودافون كاش,4,239.0,0.05,956.0,47.8,908.2,552.0,Completed,EGP
ORD2025000000248,2025-09-11 14:52:02,C0014801,P010,S009,CMP002,Noon,نون,InstaPay,إنستاباي,1,195.0,0.1,195.0,19.5,175.5,108.0,Completed,جنيه
ORD2025000000249,2025-01-26 23:40:19,C0010236,P009,S022,CMP004,Noon,نون,Credit Card,بطاقة ائتمان,2,165.0,0.0,330.0,0.0,330.0,184.0,Completed,جنيه
ORD2025000000250,2025-02-15 09:03:17,C0023155,P003,S014,CMP002,Facebook,فيسبوك,InstaPay,إنستاباي,2,145.0,0.0,290.0,0.0,290.0,164.0,Completed,جنيه
ORD2025000000251,2025-03-08 09:29:12,C0002217,P003,S025,CMP006,Noon,نون,Vodafone Cash,فودافون كاش,1,145.0,0.0,145.0,0.0,145.0,82.0,Completed,EGP
ORD2025000000252,2025-11-07 03:11:47,C0010586,P012,S014,CMP003,Amazon Egypt,أمازون مصر,Debit Card,بطاقة خصم,2,239.0,0.1,478.0,47.8,430.2,276.0,Pending,جنيه
ORD2025000000253,2025-03-23 16:41:24,C0021385,P016,S015,CMP002,Pharmacy,صيدلية,Meeza,ميزة,2,479.0,0.15,958.0,143.7,814.3,530.0,Completed,EGP
ORD2025000000254,2025-05-22 20:55:27,C0002862,P013,S012,CMP006,Facebook,فيسبوك,Credit Card,بطاقة ائتمان,2,199.0,0.2,398.0,79.6,318.4,224.0,Completed,EGP
ORD2025000000255,2025-10-10 04:47:51,C0020442,P016,S022,CMP007,Noon,نون,Credit Card,بطاقة ائتمان,2,479.0,0.2,958.0,191.6,766.4,530.0,Pending,EGP
ORD2025000000256,2025-01-24 08:33:59,C0003676,P009,S006,CMP007,Facebook,فيسبوك,InstaPay,إنستاباي,2,165.0,0.2,330.0,66.0,264.0,184.0,Completed,EGP
ORD2025000000257,2025-10-01 15:14:27,C0011217,P013,S023,CMP007,Pharmacy,صيدلية,Vodafone Cash,فودافون كاش,2,199.0,0.0,398.0,0.0,398.0,224.0,Completed,جنيه
ORD2025000000258,2025-11-30 09:14:44,C0022763,P009,S029,CMP003,Marketplace,ماركت بليس,Credit Card,بطاقة ائتمان,1,165.0,0.0,165.0,0.0,165.0,92.0,Completed,جنيه
ORD2025000000259,2025-01-25 01:28:13,C0024189,P011,S027,CMP003,Facebook,فيسبوك,Cash on Delivery,الدفع عند الاستلام,1,219.0,0.05,219.0,10.95,208.05,126.0,Completed,EGP
ORD2025000000260,2025-02-20 03:27:20,C0013556,P016,S031,CMP006,Pharmacy,صيدلية,Credit Card,بطاقة ائتمان,2,479.0,0.15,958.0,143.7,814.3,530.0,completed,EGP
ORD2025000000261,2025-08-18 22:12:05,C0007199,P014,S021,CMP006,Facebook,فيسبوك,Vodafone Cash,فودافون كاش,1,229.0,0.2,229.0,45.8,183.2,125.0,Completed,جنيه
ORD2025000000262,2025-09-02 16:28:29,C0022826,P005,S035,CMP003,Pharmacy,صيدلية,Vodafone Cash,فودافون كاش,3,299.0,0.1,897.0,89.7,807.3,525.0,Completed,جنيه
ORD2025000000263,2025-01-18 12:37:00,C0014539,P009,S035,CMP001,Pharmacy,صيدلية,Cash on Delivery,الدفع عند الاستلام,1,165.0,0.1,165.0,16.5,148.5,92.0,Completed,EGP
ORD2025000000264,2025-04-19 18:14:10,C0017476,P003,S026,CMP003,Facebook,فيسبوك,Vodafone Cash,فودافون كاش,2,145.0,0.0,290.0,0.0,290.0,164.0,Completed,EGP
ORD2025000000265,2025-05-06 04:48:09,C0012244,P009,S029,CMP001,Pharmacy,صيدلية,Debit Card,بطاقة خصم,1,165.0,0.15,165.0,24.75,140.25,92.0,Returned,EGP
ORD2025000000266,2025-03-28 11:44:29,C0005845,P013,S005,CMP002,Pharmacy,صيدلية,Meeza,ميزة,4,199.0,0.05,796.0,39.8,756.2,448.0,Completed,EGP
ORD2025000000267,2025-05-17 09:20:17,C0011306,P008,S018,CMP001,Marketplace,ماركت بليس,Credit Card,بطاقة ائتمان,1,179.0,0.15,179.0,26.85,152.15,98.0,Completed,EGP
ORD2025000000268,2025-10-04 16:50:58,C0004907,P016,S026,CMP004,Facebook,فيسبوك,Vodafone Cash,فودافون كاش,1,479.0,0.2,479.0,95.8,383.2,265.0,Completed,EGP
ORD2025000000269,2025-02-09 05:07:24,C0017128,P019,S019,CMP004,Facebook,فيسبوك,Cash on Delivery,الدفع عند الاستلام,3,99.0,0.2,297.0,59.4,237.6,156.0,Completed,EGP
ORD2025000000270,2025-12-11 05:09:45,C0019061,P020,S022,CMP001,Retail Store,فرع,Cash on Delivery,الدفع عند الاستلام,1,699.0,0.05,699.0,34.95,664.05,395.0,Completed,EGP
ORD2025000000271,2025-03-05 08:55:36,C0003581,P014,S007,CMP004,Pharmacy,صيدلية,Debit Card,بطاقة خصم,2,229.0,0.0,458.0,0.0,458.0,250.0,Completed,EGP
ORD2025000000272,2025-01-20 09:34:48,C0012083,P019,S033,CMP004,Noon,نون,Meeza,ميزة,5,99.0,0.1,495.0,49.5,445.5,260.0,Cancelled,EGP
ORD2025000000273,2025-12-22 06:32:44,C0001565,P011,S009,CMP006,Instagram,إنستجرام,Vodafone Cash,فودافون كاش,1,219.0,0.05,219.0,10.95,208.05,126.0,Pending,EGP
ORD2025000000274,2025-10-25 01:41:57,C0014546,P015,S014,CMP006,Website,الموقع الإلكتروني,Credit Card,بطاقة ائتمان,3,549.0,0.15,1647.0,247.05,1399.95,915.0,Completed,جنيه
ORD2025000000275,2025-01-25 22:36:21,C0015975,P011,S025,CMP007,Instagram,إنستجرام,Cash on Delivery,الدفع عند الاستلام,2,219.0,0.05,438.0,21.9,416.1,252.0,Completed,EGP
ORD2025000000276,2025-07-05 12:00:26,C0022713,P010,S007,CMP007,TikTok,تيك توك,Debit Card,بطاقة خصم,1,195.0,0.0,195.0,0.0,195.0,108.0,Completed,جنيه
ORD2025000000277,2025-10-22 00:17:05,C0009711,P019,S014,CMP007,Marketplace,ماركت بليس,Meeza,ميزة,2,99.0,0.05,198.0,9.9,188.1,104.0,Completed,EGP
ORD2025000000278,2025-12-28 22:43:42,C0024876,P004,S035,CMP002,Website,الموقع الإلكتروني,Credit Card,بطاقة ائتمان,4,129.0,0.1,516.0,51.6,464.4,280.0,Completed,جنيه
ORD2025000000279,2025-10-15 03:34:54,C0019229,P016,S004,CMP004,TikTok,تيك توك,Credit Card,بطاقة ائتمان,1,479.0,0.0,479.0,0.0,479.0,265.0,Completed,EGP
ORD2025000000280,2025-08-21 10:53:53,C0017984,P020,S023,CMP006,Retail Store,فرع,Cash on Delivery,الدفع عند الاستلام,3,699.0,0.0,2097.0,0.0,2097.0,1185.0,Completed,جنيه
ORD2025000000281,2025-03-31 04:58:46,C0003134,P016,S025,CMP007,Jumia,جوميا,Meeza,ميزة,1,479.0,0.2,479.0,95.8,383.2,265.0,Completed,EGP
ORD2025000000282,2025-05-22 14:29:52,C0020357,P012,S019,CMP006,TikTok,تيك توك,InstaPay,إنستاباي,1,239.0,0.05,239.0,11.95,227.05,138.0,Completed,جنيه
ORD2025000000283,2025-05-04 05:11:49,C0023291,P003,S031,CMP003,Amazon Egypt,أمازون مصر,Cash on Delivery,الدفع عند الاستلام,3,145.0,0.0,435.0,0.0,435.0,246.0,Completed,EGP 
ORD2025000000284,2025-05-09 05:43:39,C0014897,P010,S021,CMP004,Pharmacy,صيدلية,Credit Card,بطاقة ائتمان,5,195.0,0.15,975.0,146.25,828.75,540.0,Completed,جنيه
ORD2025000000285,2025-01-07 04:47:43,C0012143,P011,S031,CMP002,TikTok,تيك توك,Debit Card,بطاقة خصم,2,219.0,0.15,438.0,65.7,372.3,252.0,Completed,جنيه
ORD2025000000286,2025-12-16 12:13:47,C0004674,P019,S007,CMP006,Instagram,إنستجرام,Credit Card,بطاقة ائتمان,5,99.0,0.1,495.0,49.5,445.5,260.0,Completed,EGP
ORD2025000000287,2025-01-26 08:15:31,C0024570,P009,S023,CMP006,Noon,نون,InstaPay,إنستاباي,2,165.0,0.1,330.0,33.0,297.0,184.0,Completed,EGP
ORD2025000000288,2025-04-24 20:29:14,C0006508,P007,S026,CMP001,Noon,نون,Cash on Delivery,الدفع عند الاستلام,1,215.0,0.15,215.0,32.25,182.75,120.0,Completed,EGP
ORD2025000000289,2025-02-17 02:27:20,C0006921,P017,S001,CMP001,TikTok,تيك توك,Debit Card,بطاقة خصم,1,159.0,0.05,159.0,7.95,151.05,88.0,Completed,EGP
ORD2025000000290,2025-05-18 01:27:31,C0012092,P012,S035,CMP007,Pharmacy,صيدلية,Credit Card,بطاقة ائتمان,4,239.0,0.15,956.0,143.4,812.6,552.0,completed,جنيه
ORD2025000000291,2025-01-31 13:03:22,C0013899,P016,S012,CMP001,Pharmacy,صيدلية,Vodafone Cash,فودافون كاش,1,479.0,0.05,479.0,23.95,455.05,265.0,Completed,EGP
ORD2025000000292,2025-10-20 15:07:31,C0006733,P007,S001,CMP003,Amazon Egypt,أمازون مصر,Vodafone Cash,فودافون كاش,2,215.0,0.15,430.0,64.5,365.5,240.0,Completed,EGP
ORD2025000000293,2025-07-15 23:39:48,C0004395,P001,S032,CMP005,Facebook,فيسبوك,Meeza,ميزة,1,249.0,0.2,249.0,49.8,199.2,150.0,Completed,جنيه
ORD2025000000294,2025-04-05 17:21:53,C0021484,P016,S009,CMP006,Pharmacy,صيدلية,Cash on Delivery,الدفع عند الاستلام,2,479.0,0.05,958.0,47.9,910.1,530.0,Completed,EGP
ORD2025000000295,2025-07-31 19:37:08,C0012880,P018,S016,CMP001,Website,الموقع الإلكتروني,Vodafone Cash,فودافون كاش,5,149.0,0.1,745.0,74.5,670.5,400.0,Completed,جنيه
ORD2025000000296,2025-08-19 03:07:37,C0006775,P020,S019,CMP005,TikTok,تيك توك,Credit Card,بطاقة ائتمان,3,699.0,0.0,2097.0,0.0,2097.0,1185.0,Cancelled,EGP
ORD2025000000297,2025-05-18 01:28:24,C0000495,P008,S033,CMP003,Jumia,جوميا,Credit Card,بطاقة ائتمان,6,179.0,0.15,1074.0,161.1,912.9,588.0,Completed,جنيه
ORD2025000000298,2025-07-16 19:43:35,C0019733,P018,S002,CMP004,Pharmacy,صيدلية,Credit Card,بطاقة ائتمان,2,149.0,0.05,298.0,14.9,283.1,160.0,Completed,جنيه
ORD2025000000299,2025-11-28 19:42:55,C0012255,P005,S004,CMP005,Noon,نون,Vodafone Cash,فودافون كاش,1,299.0,0.15,299.0,44.85,254.15,175.0,completed,جنيه مصري
ORD2025000000300,2025-03-16 23:40:40,C0009818,P011,S035,CMP001,TikTok,تيك توك,InstaPay,إنستاباي,4,219.0,0.2,876.0,175.2,700.8,504.0,Completed,EGP
ORD2025000000301,2025-10-02 20:42:06,C0011740,P015,S028,CMP004,Amazon Egypt,أمازون مصر,Vodafone Cash,فودافون كاش,1,549.0,0.05,549.0,27.45,521.55,305.0,Completed,EGP
ORD2025000000302,2025-06-27 03:10:59,C0021928,P017,S033,CMP005,Marketplace,ماركت بليس,Credit Card,بطاقة ائتمان,4,159.0,0.05,636.0,31.8,604.2,352.0,Completed,EGP
ORD2025000000303,2025-12-20 01:25:50,C0001381,P005,S032,CMP003,Noon,نون,Meeza,ميزة,1,299.0,0.0,299.0,0.0,299.0,175.0,Completed,EGP
ORD2025000000304,2025-02-28 16:35:15,C0019172,P016,S004,CMP006,Amazon Egypt,أمازون مصر,Cash on Delivery,الدفع عند الاستلام,1,479.0,0.15,479.0,71.85,407.15,265.0,Completed,EGP
ORD2025000000305,2025-11-23 19:41:50,C0002000,P001,S009,CMP005,Marketplace,ماركت بليس,Vodafone Cash,فودافون كاش,1,249.0,0.05,249.0,12.45,236.55,150.0,Completed,جنيه
ORD2025000000306,2025-05-05 18:34:51,C0006510,P017,S006,CMP004,Amazon Egypt,أمازون مصر,Cash on Delivery,الدفع عند الاستلام,1,159.0,0.2,159.0,31.8,127.2,88.0,Returned,EGP
ORD2025000000307,2025-08-07 21:26:17,C0023743,P010,S018,CMP007,TikTok,تيك توك,InstaPay,إنستاباي,3,195.0,0.15,585.0,87.75,497.25,324.0,Pending,EGP
ORD2025000000308,2025-06-07 11:49:41,C0008682,P006,S019,CMP005,Instagram,إنستجرام,Debit Card,بطاقة خصم,1,325.0,0.0,325.0,0.0,325.0,190.0,Pending,جنيه
ORD2025000000309,2025-10-25 04:09:16,C0010963,P003,S027,CMP002,Marketplace,ماركت بليس,InstaPay,إنستاباي,2,145.0,0.0,290.0,0.0,290.0,164.0,Completed,EGP
ORD2025000000310,2025-06-20 15:02:45,C0015082,P018,S006,CMP001,Marketplace,ماركت بليس,Vodafone Cash,فودافون كاش,3,149.0,0.1,447.0,44.7,402.3,240.0,Completed,EGP
ORD2025000000311,2025-08-30 04:48:33,C0019473,P001,S003,CMP003,Marketplace,ماركت بليس,Cash on Delivery,الدفع عند الاستلام,1,249.0,0.05,249.0,12.45,236.55,150.0,Completed,EGP
ORD2025000000312,2025-07-08 11:51:08,C0017117,P017,S035,CMP004,Instagram,إنستجرام,InstaPay,إنستاباي,1,159.0,0.15,159.0,23.85,135.15,88.0,Completed,EGP
ORD2025000000313,2025-07-03 10:55:45,C0009177,P010,S002,CMP001,Pharmacy,صيدلية,Debit Card,بطاقة خصم,2,195.0,0.2,390.0,78.0,312.0,216.0,Returned,جنيه
ORD2025000000314,2025-09-26 05:16:56,C0024760,P013,S007,CMP004,Jumia,جوميا,Credit Card,بطاقة ائتمان,3,199.0,0.0,597.0,0.0,597.0,336.0,Completed,جنيه
ORD2025000000315,2025-12-14 12:13:40,C0014883,P002,S027,CMP005,Marketplace,ماركت بليس,Cash on Delivery,الدفع عند الاستلام,3,189.0,0.0,567.0,0.0,567.0,315.0,Completed,EGP
ORD2025000000316,2025-09-06 02:44:03,C0001081,P007,S014,CMP006,Retail Store,فرع,Debit Card,بطاقة خصم,3,215.0,0.2,645.0,129.0,516.0,360.0,Completed,EGP
ORD2025000000317,2025-06-03 16:25:17,C0005086,P018,S014,CMP002,Jumia,جوميا,Debit Card,بطاقة خصم,2,149.0,0.1,298.0,29.8,268.2,160.0,Cancelled,جنيه
ORD2025000000318,2025-10-14 21:37:08,C0021728,P018,S027,CMP002,Retail Store,فرع,Cash on Delivery,الدفع عند الاستلام,4,149.0,0.0,596.0,0.0,596.0,320.0,Completed,جنيه
ORD2025000000319,2025-07-23 08:33:07,C0013389,P002,S024,CMP006,Jumia,جوميا,Meeza,ميزة,1,189.0,0.2,189.0,37.8,151.2,105.0,Completed,EGP
ORD2025000000320,2025-07-21 07:14:49,C0022927,P018,S024,CMP002,Marketplace,ماركت بليس,Cash on Delivery,الدفع عند الاستلام,3,149.0,0.05,447.0,22.35,424.65,240.0,Completed,جنيه مصري
ORD2025000000321,2025-11-16 18:33:12,C0006768,P005,S028,CMP001,Instagram,إنستجرام,Cash on Delivery,الدفع عند الاستلام,2,299.0,0.05,598.0,29.9,568.1,350.0,Completed,EGP
ORD2025000000322,2025-06-07 12:57:38,C0013190,P018,S033,CMP001,TikTok,تيك توك,InstaPay,إنستاباي,4,149.0,0.2,596.0,119.2,476.8,320.0,Completed,EGP
ORD2025000000323,2025-06-09 20:02:37,C0021781,P001,S011,CMP003,Amazon Egypt,أمازون مصر,Cash on Delivery,الدفع عند الاستلام,1,249.0,0.0,249.0,0.0,249.0,150.0,Completed,جنيه
ORD2025000000324,2025-09-28 11:15:43,C0020465,P015,S034,CMP001,Jumia,جوميا,Cash on Delivery,الدفع عند الاستلام,2,549.0,0.15,1098.0,164.7,933.3,610.0,Returned,EGP
ORD2025000000325,2025-11-11 16:24:12,C0003276,P004,S021,CMP007,Instagram,إنستجرام,Meeza,ميزة,3,129.0,0.1,387.0,38.7,348.3,210.0,Cancelled,EGP
ORD2025000000326,2025-07-19 09:41:45,C0011105,P015,S003,CMP004,TikTok,تيك توك,Debit Card,بطاقة خصم,4,549.0,0.15,2196.0,329.4,1866.6,1220.0,Completed,جنيه
ORD2025000000327,2025-12-08 20:15:23,C0005867,P020,S027,CMP006,TikTok,تيك توك,InstaPay,إنستاباي,1,699.0,0.1,699.0,69.9,629.1,395.0,Completed,EGP
ORD2025000000328,2025-11-18 21:32:32,C0005368,P018,S027,CMP006,Instagram,إنستجرام,Debit Card,بطاقة خصم,2,149.0,0.1,298.0,29.8,268.2,160.0,Completed,EGP
ORD2025000000329,2025-11-25 05:02:49,C0022623,P018,S010,CMP004,Pharmacy,صيدلية,Cash on Delivery,الدفع عند الاستلام,1,149.0,0.2,149.0,29.8,119.2,80.0,Completed,EGP
ORD2025000000330,2025-01-21 09:36:13,C0006602,P019,S020,CMP006,Jumia,جوميا,Credit Card,بطاقة ائتمان,3,99.0,0.1,297.0,29.7,267.3,156.0,Completed,EGP
ORD2025000000331,2025-04-21 17:09:29,C0015006,P006,S028,CMP007,TikTok,تيك توك,Vodafone Cash,فودافون كاش,1,325.0,0.0,325.0,0.0,325.0,190.0,Completed,EGP
ORD2025000000332,2025-08-02 19:04:14,C0015511,P002,S013,CMP006,Instagram,إنستجرام,Cash on Delivery,الدفع عند الاستلام,5,189.0,0.2,945.0,189.0,756.0,525.0,Completed,EGP
ORD2025000000333,2025-04-03 02:42:21,C0009842,P004,S028,CMP005,Amazon Egypt,أمازون مصر,InstaPay,إنستاباي,2,129.0,0.05,258.0,12.9,245.1,140.0,Completed,EGP
ORD2025000000334,2025-03-30 15:35:08,C0023133,P014,S017,CMP004,Jumia,جوميا,Credit Card,بطاقة ائتمان,1,229.0,0.15,229.0,34.35,194.65,125.0,Returned,EGP
ORD2025000000335,2025-04-12 17:19:52,C0007450,P015,S019,CMP006,Marketplace,ماركت بليس,InstaPay,إنستاباي,1,549.0,0.0,549.0,0.0,549.0,305.0,Completed,EGP
ORD2025000000336,2025-02-26 17:37:59,C0009876,P018,S010,CMP002,Pharmacy,صيدلية,Credit Card,بطاقة ائتمان,5,149.0,0.05,745.0,37.25,707.75,400.0,Completed,جنيه
ORD2025000000337,2025-10-07 16:36:24,C0023997,P011,S009,CMP005,Marketplace,ماركت بليس,Meeza,ميزة,2,219.0,0.15,438.0,65.7,372.3,252.0,Completed,EGP
ORD2025000000338,2025-06-07 16:06:16,C0021143,P012,S011,CMP004,Amazon Egypt,أمازون مصر,Meeza,ميزة,2,239.0,0.0,478.0,0.0,478.0,276.0,Completed,جنيه مصري
ORD2025000000339,2025-03-07 05:44:58,C0002190,P001,S026,CMP002,Pharmacy,صيدلية,Vodafone Cash,فودافون كاش,2,249.0,0.0,498.0,0.0,498.0,300.0,Completed,EGP
ORD2025000000340,2025-07-24 20:38:59,C0018377,P003,S026,CMP003,Facebook,فيسبوك,Debit Card,بطاقة خصم,4,145.0,0.1,580.0,58.0,522.0,328.0,Completed,جنيه
ORD2025000000341,2025-02-18 11:27:25,C0024423,P007,S003,CMP007,Website,الموقع الإلكتروني,Vodafone Cash,فودافون كاش,1,215.0,0.1,215.0,21.5,193.5,120.0,Completed,EGP
ORD2025000000342,2025-10-14 11:44:47,C0016401,P012,S029,CMP005,Amazon Egypt,أمازون مصر,Vodafone Cash,فودافون كاش,3,239.0,0.0,717.0,0.0,717.0,414.0,Completed,جنيه
ORD2025000000343,2025-03-21 09:31:10,C0019105,P013,S007,CMP004,Jumia,جوميا,Vodafone Cash,فودافون كاش,1,199.0,0.2,199.0,39.8,159.2,112.0,Completed,EGP
ORD2025000000344,2025-02-01 18:52:59,C0005200,P004,S029,CMP005,Jumia,جوميا,Debit Card,بطاقة خصم,2,129.0,0.0,258.0,0.0,258.0,140.0,Completed,EGP 
ORD2025000000345,2025-04-30 21:58:34,C0000554,P019,S028,CMP002,Noon,نون,Cash on Delivery,الدفع عند الاستلام,3,99.0,0.1,297.0,29.7,267.3,156.0,Completed,EGP
ORD2025000000346,2025-03-31 17:59:18,C0023546,P005,S029,CMP007,Amazon Egypt,أمازون مصر,Meeza,ميزة,1,299.0,0.0,299.0,0.0,299.0,175.0,Cancelled,EGP
ORD2025000000347,2025-12-26 10:50:51,C0018402,P009,S015,CMP007,Pharmacy,صيدلية,Debit Card,بطاقة خصم,1,165.0,0.0,165.0,0.0,165.0,92.0,Completed,EGP
ORD2025000000348,2025-09-01 03:35:59,C0002857,P017,S007,CMP003,Pharmacy,صيدلية,Vodafone Cash,فودافون كاش,3,159.0,0.0,477.0,0.0,477.0,264.0,Completed,جنيه
ORD2025000000349,2025-11-19 12:13:15,C0002513,P008,S023,CMP006,Jumia,جوميا,Cash on Delivery,الدفع عند الاستلام,4,179.0,0.0,716.0,0.0,716.0,392.0,Completed,EGP
ORD2025000000350,2025-05-19 14:19:47,C0013263,P020,S028,CMP007,Retail Store,فرع,InstaPay,إنستاباي,1,699.0,0.05,699.0,34.95,664.05,395.0,Completed,EGP
ORD2025000000351,2025-12-18 18:14:08,C0019865,P007,S021,CMP003,Instagram,إنستجرام,Cash on Delivery,الدفع عند الاستلام,1,215.0,0.1,215.0,21.5,193.5,120.0,Completed,EGP
ORD2025000000352,2025-02-13 03:40:35,C0022365,P019,S005,CMP006,Website,الموقع الإلكتروني,Cash on Delivery,الدفع عند الاستلام,1,99.0,0.1,99.0,9.9,89.1,52.0,Completed,جنيه
ORD2025000000353,2025-05-09 12:44:09,C0018257,P008,S003,CMP004,Amazon Egypt,أمازون مصر,Cash on Delivery,الدفع عند الاستلام,2,179.0,0.1,358.0,35.8,322.2,196.0,Completed,EGP
ORD2025000000354,2025-09-18 10:29:26,C0022646,P013,S014,CMP002,Jumia,جوميا,Vodafone Cash,فودافون كاش,2,199.0,0.0,398.0,0.0,398.0,224.0,Completed,EGP
ORD2025000000355,2025-04-21 22:28:15,C0018557,P002,S017,CMP007,Jumia,جوميا,Meeza,ميزة,4,189.0,0.0,756.0,0.0,756.0,420.0,Cancelled,EGP
ORD2025000000356,2025-02-04 00:47:09,C0002776,P005,S018,CMP004,Noon,نون,Cash on Delivery,الدفع عند الاستلام,1,299.0,0.2,299.0,59.8,239.2,175.0,Completed,جنيه مصري
ORD2025000000357,2025-06-18 21:29:34,C0011634,P019,S019,CMP002,Pharmacy,صيدلية,Meeza,ميزة,2,99.0,0.0,198.0,0.0,198.0,104.0,Completed,جنيه
ORD2025000000358,2025-11-18 07:18:38,C0024890,P012,S004,CMP006,Jumia,جوميا,Vodafone Cash,فودافون كاش,2,239.0,0.0,478.0,0.0,478.0,276.0,Completed,EGP
ORD2025000000359,2025-10-22 19:41:09,C0015812,P019,S028,CMP003,Instagram,إنستجرام,Vodafone Cash,فودافون كاش,1,99.0,0.0,99.0,0.0,99.0,52.0,Completed,EGP
ORD2025000000360,2025-11-05 12:30:23,C0004774,P018,S023,CMP007,Instagram,إنستجرام,Credit Card,بطاقة ائتمان,1,149.0,0.05,149.0,7.45,141.55,80.0,Completed,EGP
ORD2025000000361,2025-07-20 01:49:49,C0020980,P008,S012,CMP003,Website,الموقع الإلكتروني,Cash on Delivery,الدفع عند الاستلام,1,179.0,0.1,179.0,17.9,161.1,98.0,Completed,جنيه مصري
ORD2025000000362,2025-11-08 06:31:43,C0004811,P002,S035,CMP005,Website,الموقع الإلكتروني,Vodafone Cash,فودافون كاش,5,189.0,0.1,945.0,94.5,850.5,525.0,Completed,جنيه
ORD2025000000363,2025-01-13 19:58:38,C0015319,P005,S027,CMP006,Website,الموقع الإلكتروني,Meeza,ميزة,3,299.0,0.2,897.0,179.4,717.6,525.0,Completed,EGP
ORD2025000000364,2025-04-19 17:03:24,C0011329,P018,S021,CMP007,Website,الموقع الإلكتروني,Debit Card,بطاقة خصم,1,149.0,0.05,149.0,7.45,141.55,80.0,Completed,جنيه
ORD2025000000365,2025-03-19 08:20:07,C0003544,P003,S027,CMP006,Facebook,فيسبوك,Meeza,ميزة,1,145.0,0.05,145.0,7.25,137.75,82.0,Completed,جنيه
ORD2025000000366,2025-04-19 06:56:17,C0002404,P016,S002,CMP006,Noon,نون,Credit Card,بطاقة ائتمان,5,479.0,0.0,2395.0,0.0,2395.0,1325.0,Completed,EGP
ORD2025000000367,2025-12-17 07:51:47,C0001710,P009,S034,CMP005,Amazon Egypt,أمازون مصر,Meeza,ميزة,1,165.0,0.15,165.0,24.75,140.25,92.0,Completed,EGP
ORD2025000000368,2025-10-03 07:56:14,C0019024,P012,S027,CMP004,Noon,نون,Meeza,ميزة,2,239.0,0.15,478.0,71.7,406.3,276.0,Completed,EGP
ORD2025000000369,2025-07-20 09:10:33,C0024242,P013,S010,CMP006,Amazon Egypt,أمازون مصر,InstaPay,إنستاباي,5,199.0,0.1,995.0,99.5,895.5,560.0,Completed,EGP
ORD2025000000370,2025-11-30 16:56:04,C0008926,P011,S001,CMP007,Retail Store,فرع,Credit Card,بطاقة ائتمان,3,219.0,0.05,657.0,32.85,624.15,378.0,Completed,EGP
ORD2025000000371,2025-05-25 20:01:45,C0009388,P008,S034,CMP004,Website,الموقع الإلكتروني,Credit Card,بطاقة ائتمان,1,179.0,0.0,179.0,0.0,179.0,98.0,Pending,جنيه
ORD2025000000372,2025-06-08 04:11:07,C0006830,P013,S034,CMP007,Marketplace,ماركت بليس,Meeza,ميزة,2,199.0,0.2,398.0,79.6,318.4,224.0,Completed,EGP
ORD2025000000373,2025-08-25 13:58:30,C0002692,P019,S021,CMP001,Pharmacy,صيدلية,Cash on Delivery,الدفع عند الاستلام,1,99.0,0.0,99.0,0.0,99.0,52.0,Completed,EGP
ORD2025000000374,2025-11-20 17:53:18,C0018940,P012,S010,CMP003,Noon,نون,Debit Card,بطاقة خصم,1,239.0,0.0,239.0,0.0,239.0,138.0,Completed,جنيه
ORD2025000000375,2025-05-14 00:14:42,C0009738,P004,S029,CMP001,Amazon Egypt,أمازون مصر,Credit Card,بطاقة ائتمان,1,129.0,0.05,129.0,6.45,122.55,70.0,Completed,EGP
ORD2025000000376,2025-06-17 13:54:10,C0021782,P010,S030,CMP003,Website,الموقع الإلكتروني,Vodafone Cash,فودافون كاش,3,195.0,0.0,585.0,0.0,585.0,324.0,Completed,جنيه
ORD2025000000377,2025-04-08 11:57:00,C0009630,P015,S032,CMP002,TikTok,تيك توك,Credit Card,بطاقة ائتمان,3,549.0,0.05,1647.0,82.35,1564.65,915.0,Completed,EGP
ORD2025000000378,2025-12-16 04:45:14,C0023682,P010,S013,CMP007,Pharmacy,صيدلية,InstaPay,إنستاباي,1,195.0,0.1,195.0,19.5,175.5,108.0,Completed,EGP
ORD2025000000379,2025-10-24 01:06:24,C0009027,P019,S018,CMP002,Marketplace,ماركت بليس,Meeza,ميزة,2,99.0,0.0,198.0,0.0,198.0,104.0,Completed,EGP
ORD2025000000380,2025-03-31 11:31:27,C0022814,P016,S034,CMP006,Jumia,جوميا,Debit Card,بطاقة خصم,1,479.0,0.05,479.0,23.95,455.05,265.0,Completed,EGP
ORD2025000000381,2025-10-21 09:43:57,C0001212,P015,S002,CMP006,Jumia,جوميا,Cash on Delivery,الدفع عند الاستلام,1,549.0,0.15,549.0,82.35,466.65,305.0,Completed,EGP
ORD2025000000382,2025-01-06 09:40:01,C0011743,P009,S012,CMP002,Amazon Egypt,أمازون مصر,Vodafone Cash,فودافون كاش,3,165.0,0.0,495.0,0.0,495.0,276.0,Completed,EGP
ORD2025000000383,2025-12-07 20:27:11,C0016405,P015,S015,CMP004,Instagram,إنستجرام,Credit Card,بطاقة ائتمان,1,549.0,0.15,549.0,82.35,466.65,305.0,Completed,EGP
ORD2025000000384,2025-08-20 23:41:30,C0007109,P001,S020,CMP007,Facebook,فيسبوك,Debit Card,بطاقة خصم,4,249.0,0.15,996.0,149.4,846.6,600.0,Completed,جنيه
ORD2025000000385,2025-12-25 05:12:33,C0018352,P020,S032,CMP002,TikTok,تيك توك,InstaPay,إنستاباي,2,699.0,0.15,1398.0,209.7,1188.3,790.0,Completed,جنيه
ORD2025000000386,2025-06-02 06:00:51,C0005368,P018,S001,CMP006,Noon,نون,Meeza,ميزة,1,149.0,0.05,149.0,7.45,141.55,80.0,Completed,جنيه
ORD2025000000387,2025-01-21 10:36:48,C0011712,P016,S020,CMP001,Instagram,إنستجرام,InstaPay,إنستاباي,4,479.0,0.0,1916.0,0.0,1916.0,1060.0,Completed,جنيه
ORD2025000000388,2025-12-26 20:31:05,C0021091,P015,S028,CMP001,Pharmacy,صيدلية,Vodafone Cash,فودافون كاش,2,549.0,0.05,1098.0,54.9,1043.1,610.0,Completed,EGP
ORD2025000000389,2025-10-10 09:21:53,C0021002,P009,S006,CMP006,Marketplace,ماركت بليس,Debit Card,بطاقة خصم,1,165.0,0.05,165.0,8.25,156.75,92.0,Completed,EGP
ORD2025000000390,2025-11-28 18:35:40,C0015646,P002,S027,CMP007,Marketplace,ماركت بليس,Debit Card,بطاقة خصم,1,189.0,0.0,189.0,0.0,189.0,105.0,Completed,جنيه
ORD2025000000391,2025-07-03 17:59:08,C0022604,P010,S002,CMP006,Facebook,فيسبوك,Debit Card,بطاقة خصم,4,195.0,0.0,780.0,0.0,780.0,432.0,Completed,EGP
ORD2025000000392,2025-08-02 12:17:03,C0016105,P002,S009,CMP005,Instagram,إنستجرام,Credit Card,بطاقة ائتمان,3,189.0,0.2,567.0,113.4,453.6,315.0,Completed,EGP
ORD2025000000393,2025-09-06 19:51:33,C0023426,P004,S018,CMP004,Retail Store,فرع,Credit Card,بطاقة ائتمان,4,129.0,0.2,516.0,103.2,412.8,280.0,Completed,EGP
ORD2025000000394,2025-04-06 00:53:38,C0011676,P001,S026,CMP005,Facebook,فيسبوك,Vodafone Cash,فودافون كاش,1,249.0,0.0,249.0,0.0,249.0,150.0,Completed,EGP
ORD2025000000395,2025-09-17 23:40:46,C0001599,P002,S004,CMP004,Facebook,فيسبوك,Vodafone Cash,فودافون كاش,5,189.0,0.0,945.0,0.0,945.0,525.0,Pending,جنيه
ORD2025000000396,2025-03-28 14:34:51,C0001834,P016,S020,CMP003,Website,الموقع الإلكتروني,Meeza,ميزة,4,479.0,0.0,1916.0,0.0,1916.0,1060.0,Completed,جنيه
ORD2025000000397,2025-01-05 02:19:06,C0001540,P007,S021,CMP007,Jumia,جوميا,Vodafone Cash,فودافون كاش,1,215.0,0.15,215.0,32.25,182.75,120.0,Completed,جنيه
ORD2025000000398,2025-04-02 23:52:26,C0005252,P006,S031,CMP001,Noon,نون,Vodafone Cash,فودافون كاش,1,325.0,0.2,325.0,65.0,260.0,190.0,Completed,EGP
ORD2025000000399,2025-02-21 09:06:54,C0022064,P008,S005,CMP007,Pharmacy,صيدلية,InstaPay,إنستاباي,1,179.0,0.15,179.0,26.85,152.15,98.0,Completed,EGP
ORD2025000000400,2025-12-09 19:43:02,C0020581,P002,S003,CMP003,Pharmacy,صيدلية,Credit Card,بطاقة ائتمان,1,189.0,0.15,189.0,28.35,160.65,105.0,Pending,EGP
ORD2025000000401,2025-06-16 19:39:53,C0023244,P006,S026,CMP006,Website,الموقع الإلكتروني,InstaPay,إنستاباي,3,325.0,0.0,975.0,0.0,975.0,570.0,Completed,EGP
ORD2025000000402,2025-01-26 21:15:48,C0006125,P004,S035,CMP005,Noon,نون,Meeza,ميزة,2,129.0,0.15,258.0,38.7,219.3,140.0,Completed,EGP
ORD2025000000403,2025-05-10 23:53:27,C0000541,P011,S019,CMP005,Marketplace,ماركت بليس,Vodafone Cash,فودافون كاش,2,219.0,0.1,438.0,43.8,394.2,252.0,Cancelled,EGP
ORD2025000000404,2025-03-07 18:06:33,C0000414,P007,S012,CMP006,Instagram,إنستجرام,Meeza,ميزة,2,215.0,0.05,430.0,21.5,408.5,240.0,Completed,EGP
ORD2025000000405,2025-05-22 15:46:36,C0024131,P013,S030,CMP002,Facebook,فيسبوك,Debit Card,بطاقة خصم,4,199.0,0.2,796.0,159.2,636.8,448.0,Pending,EGP 
ORD2025000000406,2025-02-10 16:16:39,C0005626,P009,S023,CMP002,Marketplace,ماركت بليس,InstaPay,إنستاباي,4,165.0,0.05,660.0,33.0,627.0,368.0,Completed,EGP
ORD2025000000407,2025-02-15 21:49:14,C0023203,P005,S005,CMP003,Website,الموقع الإلكتروني,Debit Card,بطاقة خصم,4,299.0,0.0,1196.0,0.0,1196.0,700.0,Completed,جنيه
ORD2025000000408,2025-06-30 20:17:33,C0012556,P012,S003,CMP005,Pharmacy,صيدلية,Vodafone Cash,فودافون كاش,2,239.0,0.0,478.0,0.0,478.0,276.0,Pending,EGP
ORD2025000000409,2025-12-14 16:46:08,C0015739,P015,S012,CMP001,Amazon Egypt,أمازون مصر,Meeza,ميزة,1,549.0,0.2,549.0,109.8,439.2,305.0,Completed,EGP
ORD2025000000410,2025-10-22 14:49:23,C0021705,P018,S010,CMP007,Marketplace,ماركت بليس,Credit Card,بطاقة ائتمان,1,149.0,0.15,149.0,22.35,126.65,80.0,Completed,EGP
ORD2025000000411,2025-08-09 01:57:08,C0024689,P003,S013,CMP007,Pharmacy,صيدلية,Cash on Delivery,الدفع عند الاستلام,4,145.0,0.2,580.0,116.0,464.0,328.0,Completed,EGP
ORD2025000000412,2025-12-14 20:33:36,C0010762,P019,S028,CMP006,Facebook,فيسبوك,Cash on Delivery,الدفع عند الاستلام,1,99.0,0.0,99.0,0.0,99.0,52.0,Cancelled,EGP
ORD2025000000413,2025-11-29 14:21:53,C0011704,P002,S032,CMP006,Facebook,فيسبوك,Meeza,ميزة,3,189.0,0.15,567.0,85.05,481.95,315.0,Completed,EGP
ORD2025000000414,2025-02-07 15:55:07,C0000559,P004,S008,CMP003,Jumia,جوميا,Debit Card,بطاقة خصم,1,129.0,0.15,129.0,19.35,109.65,70.0,Completed,جنيه
ORD2025000000415,2025-12-01 08:29:53,C0021070,P015,S013,CMP002,Retail Store,فرع,Vodafone Cash,فودافون كاش,1,549.0,0.0,549.0,0.0,549.0,305.0,Completed,جنيه
ORD2025000000416,2025-08-23 03:05:56,C0004462,P014,S021,CMP003,Noon,نون,Vodafone Cash,فودافون كاش,1,229.0,0.1,229.0,22.9,206.1,125.0,Completed,EGP
ORD2025000000417,2025-12-30 13:09:59,C0008098,P014,S010,CMP005,Pharmacy,صيدلية,Meeza,ميزة,1,229.0,0.0,229.0,0.0,229.0,125.0,Completed,EGP
ORD2025000000418,2025-03-21 00:49:55,C0001897,P007,S033,CMP004,Facebook,فيسبوك,Debit Card,بطاقة خصم,3,215.0,0.2,645.0,129.0,516.0,360.0,Completed,EGP
ORD2025000000419,2025-10-12 15:37:25,C0007381,P020,S002,CMP003,Retail Store,فرع,Credit Card,بطاقة ائتمان,3,699.0,0.05,2097.0,104.85,1992.15,1185.0,Completed,EGP
ORD2025000000420,2025-05-01 18:15:01,C0012601,P011,S015,CMP005,Jumia,جوميا,Credit Card,بطاقة ائتمان,3,219.0,0.0,657.0,0.0,657.0,378.0,Completed,EGP 
ORD2025000000421,2025-03-10 06:24:51,C0013300,P012,S007,CMP005,Facebook,فيسبوك,Credit Card,بطاقة ائتمان,1,239.0,0.1,239.0,23.9,215.1,138.0,Cancelled,EGP
ORD2025000000422,2025-01-28 13:46:14,C0018847,P005,S031,CMP007,Retail Store,فرع,InstaPay,إنستاباي,1,299.0,0.0,299.0,0.0,299.0,175.0,Completed,جنيه
ORD2025000000423,2025-10-18 03:44:26,C0000600,P008,S013,CMP002,Pharmacy,صيدلية,Meeza,ميزة,2,179.0,0.15,358.0,53.7,304.3,196.0,Completed,EGP
ORD2025000000424,2025-08-28 03:09:09,C0002745,P009,S003,CMP006,Website,الموقع الإلكتروني,Credit Card,بطاقة ائتمان,3,165.0,0.1,495.0,49.5,445.5,276.0,Completed,جنيه
ORD2025000000425,2025-02-18 06:48:08,C0020607,P011,S004,CMP006,Jumia,جوميا,InstaPay,إنستاباي,1,219.0,0.0,219.0,0.0,219.0,126.0,Completed,جنيه
ORD2025000000426,2025-10-19 18:06:00,C0000150,P004,S005,CMP001,Amazon Egypt,أمازون مصر,Meeza,ميزة,2,129.0,0.05,258.0,12.9,245.1,140.0,Completed,EGP
ORD2025000000427,2025-09-30 11:40:15,C0004199,P020,S010,CMP005,Marketplace,ماركت بليس,Credit Card,بطاقة ائتمان,1,699.0,0.05,699.0,34.95,664.05,395.0,Completed,EGP
ORD2025000000428,2025-11-21 18:44:21,C0013026,P009,S018,CMP006,Amazon Egypt,أمازون مصر,Vodafone Cash,فودافون كاش,2,165.0,0.15,330.0,49.5,280.5,184.0,Completed,EGP
ORD2025000000429,2025-10-02 16:26:43,C0003218,P016,S019,CMP003,Website,الموقع الإلكتروني,Cash on Delivery,الدفع عند الاستلام,1,479.0,0.1,479.0,47.9,431.1,265.0,Completed,جنيه
ORD2025000000430,2025-11-07 08:45:59,C0007068,P012,S020,CMP005,Amazon Egypt,أمازون مصر,Vodafone Cash,فودافون كاش,1,239.0,0.15,239.0,35.85,203.15,138.0,Completed,EGP
ORD2025000000431,2025-04-18 09:20:57,C0004840,P012,S008,CMP001,Marketplace,ماركت بليس,Meeza,ميزة,2,239.0,0.05,478.0,23.9,454.1,276.0,Completed,جنيه
ORD2025000000432,2025-06-11 14:18:27,C0024499,P014,S031,CMP001,Instagram,إنستجرام,InstaPay,إنستاباي,1,229.0,0.0,229.0,0.0,229.0,125.0,Completed,EGP
ORD2025000000433,2025-04-08 03:07:20,C0009565,P007,S013,CMP006,Website,الموقع الإلكتروني,Debit Card,بطاقة خصم,1,215.0,0.0,215.0,0.0,215.0,120.0,Completed,EGP
ORD2025000000434,2025-03-17 05:14:00,C0003364,P010,S016,CMP006,Jumia,جوميا,Cash on Delivery,الدفع عند الاستلام,1,195.0,0.1,195.0,19.5,175.5,108.0,Completed,EGP 
ORD2025000000435,2025-02-26 02:49:34,C0004583,P002,S010,CMP004,Amazon Egypt,أمازون مصر,Meeza,ميزة,2,189.0,0.0,378.0,0.0,378.0,210.0,Completed,EGP
ORD2025000000436,2025-02-08 13:17:08,C0001084,P005,S032,CMP001,Website,الموقع الإلكتروني,InstaPay,إنستاباي,1,299.0,0.05,299.0,14.95,284.05,175.0,Completed,EGP
ORD2025000000437,2025-01-15 07:02:50,C0001218,P010,S035,CMP004,Amazon Egypt,أمازون مصر,Cash on Delivery,الدفع عند الاستلام,3,195.0,0.05,585.0,29.25,555.75,324.0,Completed,EGP
ORD2025000000438,2025-02-19 00:34:30,C0019907,P017,S004,CMP002,Marketplace,ماركت بليس,Vodafone Cash,فودافون كاش,3,159.0,0.0,477.0,0.0,477.0,264.0,Completed,جنيه
ORD2025000000439,2025-08-01 12:49:29,C0023396,P018,S013,CMP001,Retail Store,فرع,Credit Card,بطاقة ائتمان,3,149.0,0.2,447.0,89.4,357.6,240.0,Completed,EGP
ORD2025000000440,2025-10-12 20:50:27,C0000834,P013,S034,CMP005,Noon,نون,Cash on Delivery,الدفع عند الاستلام,3,199.0,0.0,597.0,0.0,597.0,336.0,Completed,جنيه
ORD2025000000441,2025-11-13 00:58:48,C0005444,P009,S029,CMP007,Website,الموقع الإلكتروني,Vodafone Cash,فودافون كاش,2,165.0,0.15,330.0,49.5,280.5,184.0,Completed,EGP
ORD2025000000442,2025-02-15 14:02:44,C0014563,P016,S026,CMP004,TikTok,تيك توك,Cash on Delivery,الدفع عند الاستلام,1,479.0,0.2,479.0,95.8,383.2,265.0,Completed,جنيه
ORD2025000000443,2025-10-28 18:43:53,C0000437,P010,S033,CMP007,Marketplace,ماركت بليس,Meeza,ميزة,2,195.0,0.0,390.0,0.0,390.0,216.0,Completed,EGP
ORD2025000000444,2025-02-02 20:28:13,C0009003,P003,S019,CMP001,Jumia,جوميا,Vodafone Cash,فودافون كاش,1,145.0,0.1,145.0,14.5,130.5,82.0,Returned,جنيه
ORD2025000000445,2025-05-06 01:26:55,C0004884,P016,S016,CMP001,Jumia,جوميا,Cash on Delivery,الدفع عند الاستلام,4,479.0,0.05,1916.0,95.8,1820.2,1060.0,Completed,EGP
ORD2025000000446,2025-09-14 05:37:44,C0015085,P015,S032,CMP006,TikTok,تيك توك,Meeza,ميزة,3,549.0,0.15,1647.0,247.05,1399.95,915.0,Completed,جنيه
ORD2025000000447,2025-02-26 04:22:38,C0015438,P005,S014,CMP007,Website,الموقع الإلكتروني,Debit Card,بطاقة خصم,2,299.0,0.1,598.0,59.8,538.2,350.0,Returned,EGP
ORD2025000000448,2025-07-23 07:47:12,C0000718,P018,S019,CMP004,Jumia,جوميا,Debit Card,بطاقة خصم,3,149.0,0.2,447.0,89.4,357.6,240.0,Completed,EGP
ORD2025000000449,2025-11-16 05:55:58,C0010639,P015,S028,CMP002,Website,الموقع الإلكتروني,Credit Card,بطاقة ائتمان,1,549.0,0.0,549.0,0.0,549.0,305.0,Completed,جنيه
ORD2025000000450,2025-02-07 09:45:03,C0003537,P019,S033,CMP002,Facebook,فيسبوك,InstaPay,إنستاباي,4,99.0,0.2,396.0,79.2,316.8,208.0,Completed,EGP
ORD2025000000451,2025-05-20 04:12:24,C0019110,P005,S006,CMP002,Noon,نون,Credit Card,بطاقة ائتمان,1,299.0,0.1,299.0,29.9,269.1,175.0,Completed,EGP
ORD2025000000452,2025-05-18 16:02:27,C0019556,P012,S028,CMP005,Marketplace,ماركت بليس,InstaPay,إنستاباي,2,239.0,0.15,478.0,71.7,406.3,276.0,Completed,جنيه
ORD2025000000453,2025-05-09 20:07:36,C0002638,P015,S005,CMP005,Amazon Egypt,أمازون مصر,InstaPay,إنستاباي,3,549.0,0.0,1647.0,0.0,1647.0,915.0,Completed,EGP
ORD2025000000454,2025-12-19 03:58:32,C0005973,P008,S004,CMP007,Marketplace,ماركت بليس,Meeza,ميزة,2,179.0,0.2,358.0,71.6,286.4,196.0,Completed,EGP
ORD2025000000455,2025-02-25 16:53:43,C0019027,P011,S014,CMP007,TikTok,تيك توك,Vodafone Cash,فودافون كاش,1,219.0,0.0,219.0,0.0,219.0,126.0,Completed,EGP 
ORD2025000000456,2025-07-27 20:04:26,C0002869,P007,S019,CMP007,Website,الموقع الإلكتروني,Credit Card,بطاقة ائتمان,1,215.0,0.1,215.0,21.5,193.5,120.0,Completed,EGP
ORD2025000000457,2025-03-02 18:57:26,C0008455,P015,S026,CMP002,Facebook,فيسبوك,Debit Card,بطاقة خصم,4,549.0,0.2,2196.0,439.2,1756.8,1220.0,Completed,جنيه
ORD2025000000458,2025-08-20 14:43:58,C0024835,P004,S001,CMP005,Marketplace,ماركت بليس,Credit Card,بطاقة ائتمان,1,129.0,0.2,129.0,25.8,103.2,70.0,Returned,جنيه
ORD2025000000459,2025-10-09 14:43:35,C0017650,P003,S028,CMP005,Website,الموقع الإلكتروني,Debit Card,بطاقة خصم,1,145.0,0.0,145.0,0.0,145.0,82.0,Completed,EGP
ORD2025000000460,2025-02-18 03:34:00,C0012367,P009,S027,CMP007,Pharmacy,صيدلية,Meeza,ميزة,1,165.0,0.1,165.0,16.5,148.5,92.0,Completed,EGP
ORD2025000000461,2025-06-03 20:48:05,C0008436,P007,S007,CMP006,Pharmacy,صيدلية,Vodafone Cash,فودافون كاش,1,215.0,0.0,215.0,0.0,215.0,120.0,Completed,EGP
ORD2025000000462,2025-01-06 15:14:41,C0004179,P003,S023,CMP005,Instagram,إنستجرام,Cash on Delivery,الدفع عند الاستلام,6,145.0,0.2,870.0,174.0,696.0,492.0,Completed,EGP
ORD2025000000463,2025-03-21 06:09:25,C0008146,P014,S029,CMP004,Amazon Egypt,أمازون مصر,Meeza,ميزة,2,229.0,0.1,458.0,45.8,412.2,250.0,Completed,EGP
ORD2025000000464,2025-09-15 03:11:24,C0003576,P012,S028,CMP003,Noon,نون,Debit Card,بطاقة خصم,1,239.0,0.05,239.0,11.95,227.05,138.0,Completed,EGP
ORD2025000000465,2025-01-12 00:24:39,C0000410,P013,S016,CMP007,Facebook,فيسبوك,Meeza,ميزة,5,199.0,0.2,995.0,199.0,796.0,560.0,Completed,EGP
ORD2025000000466,2025-10-28 06:07:06,C0017792,P017,S022,CMP005,TikTok,تيك توك,Vodafone Cash,فودافون كاش,1,159.0,0.0,159.0,0.0,159.0,88.0,Completed,جنيه
ORD2025000000467,2025-09-08 07:29:39,C0018882,P016,S009,CMP003,TikTok,تيك توك,Cash on Delivery,الدفع عند الاستلام,1,479.0,0.05,479.0,23.95,455.05,265.0,Completed,EGP 
ORD2025000000468,2025-09-01 15:16:13,C0009850,P013,S021,CMP007,Retail Store,فرع,Vodafone Cash,فودافون كاش,1,199.0,0.0,199.0,0.0,199.0,112.0,Completed,EGP
ORD2025000000469,2025-10-19 18:17:28,C0010295,P010,S010,CMP004,Noon,نون,Credit Card,بطاقة ائتمان,2,195.0,0.15,390.0,58.5,331.5,216.0,Completed,جنيه
ORD2025000000470,2025-12-23 15:55:04,C0009630,P010,S004,CMP003,Pharmacy,صيدلية,Meeza,ميزة,2,195.0,0.15,390.0,58.5,331.5,216.0,Completed,جنيه
ORD2025000000471,2025-12-27 17:06:19,C0023748,P017,S016,CMP007,Jumia,جوميا,Cash on Delivery,الدفع عند الاستلام,1,159.0,0.0,159.0,0.0,159.0,88.0,Completed,EGP
ORD2025000000472,2025-03-04 02:24:36,C0011955,P014,S030,CMP002,Retail Store,فرع,Meeza,ميزة,2,229.0,0.0,458.0,0.0,458.0,250.0,Completed,EGP 
ORD2025000000473,2025-03-17 09:28:19,C0016648,P012,S003,CMP003,Pharmacy,صيدلية,Cash on Delivery,الدفع عند الاستلام,2,239.0,0.15,478.0,71.7,406.3,276.0,Completed,جنيه مصري
ORD2025000000474,2025-08-10 00:53:49,C0004139,P016,S003,CMP001,Instagram,إنستجرام,Vodafone Cash,فودافون كاش,1,479.0,0.0,479.0,0.0,479.0,265.0,Completed,EGP
ORD2025000000475,2025-01-01 11:59:02,C0000272,P005,S025,CMP004,Website,الموقع الإلكتروني,Cash on Delivery,الدفع عند الاستلام,1,299.0,0.2,299.0,59.8,239.2,175.0,Completed,EGP
ORD2025000000476,2025-09-13 13:04:02,C0021107,P003,S004,CMP003,Jumia,جوميا,Vodafone Cash,فودافون كاش,3,145.0,0.0,435.0,0.0,435.0,246.0,Completed,EGP
ORD2025000000477,2025-08-24 06:26:36,C0021470,P007,S035,CMP004,Retail Store,فرع,InstaPay,إنستاباي,2,215.0,0.0,430.0,0.0,430.0,240.0,Completed,EGP
ORD2025000000478,2025-10-23 04:39:08,C0005890,P011,S035,CMP003,Website,الموقع الإلكتروني,Meeza,ميزة,5,219.0,0.0,1095.0,0.0,1095.0,630.0,Cancelled,EGP
ORD2025000000479,2025-11-13 20:25:22,C0013705,P007,S001,CMP004,Instagram,إنستجرام,Debit Card,بطاقة خصم,1,215.0,0.05,215.0,10.75,204.25,120.0,Completed,جنيه
ORD2025000000480,2025-06-16 16:51:55,C0003532,P020,S026,CMP004,Website,الموقع الإلكتروني,InstaPay,إنستاباي,3,699.0,0.0,2097.0,0.0,2097.0,1185.0,Completed,EGP
ORD2025000000481,2025-01-24 08:33:06,C0016193,P004,S013,CMP002,Retail Store,فرع,Debit Card,بطاقة خصم,5,129.0,0.05,645.0,32.25,612.75,350.0,Completed,EGP
ORD2025000000482,2025-11-20 08:47:20,C0004186,P008,S015,CMP006,Amazon Egypt,أمازون مصر,Credit Card,بطاقة ائتمان,3,179.0,0.1,537.0,53.7,483.3,294.0,Completed,جنيه
ORD2025000000483,2025-03-13 17:35:33,C0024947,P017,S022,CMP007,Marketplace,ماركت بليس,InstaPay,إنستاباي,6,159.0,0.15,954.0,143.1,810.9,528.0,Completed,EGP
ORD2025000000484,2025-02-20 18:58:04,C0024325,P016,S010,CMP003,Marketplace,ماركت بليس,Vodafone Cash,فودافون كاش,2,479.0,0.15,958.0,143.7,814.3,530.0,Completed,EGP
ORD2025000000485,2025-03-03 05:20:00,C0003680,P001,S024,CMP003,Marketplace,ماركت بليس,Credit Card,بطاقة ائتمان,4,249.0,0.1,996.0,99.6,896.4,600.0,Completed,جنيه
ORD2025000000486,2025-08-27 23:15:27,C0012619,P009,S030,CMP005,Jumia,جوميا,Vodafone Cash,فودافون كاش,1,165.0,0.1,165.0,16.5,148.5,92.0,Completed,EGP
ORD2025000000487,2025-08-03 22:40:01,C0021563,P013,S001,CMP005,Noon,نون,Debit Card,بطاقة خصم,1,199.0,0.2,199.0,39.8,159.2,112.0,Completed,EGP
ORD2025000000488,2025-09-23 15:28:02,C0000818,P009,S029,CMP002,Amazon Egypt,أمازون مصر,Meeza,ميزة,1,165.0,0.05,165.0,8.25,156.75,92.0,Completed,EGP
ORD2025000000489,2025-04-22 08:13:20,C0018006,P015,S030,CMP006,Pharmacy,صيدلية,InstaPay,إنستاباي,1,549.0,0.0,549.0,0.0,549.0,305.0,Cancelled,EGP
ORD2025000000490,2025-09-07 08:43:14,C0004540,P014,S007,CMP007,Marketplace,ماركت بليس,Vodafone Cash,فودافون كاش,2,229.0,0.2,458.0,91.6,366.4,250.0,Completed,EGP
ORD2025000000491,2025-12-07 22:56:30,C0005227,P014,S014,CMP004,Pharmacy,صيدلية,Cash on Delivery,الدفع عند الاستلام,4,229.0,0.2,916.0,183.2,732.8,500.0,Returned,جنيه
ORD2025000000492,2025-05-13 05:12:57,C0021586,P018,S031,CMP002,Pharmacy,صيدلية,InstaPay,إنستاباي,2,149.0,0.0,298.0,0.0,298.0,160.0,Completed,EGP
ORD2025000000493,2025-04-21 13:27:12,C0013769,P010,S028,CMP004,Instagram,إنستجرام,Credit Card,بطاقة ائتمان,1,195.0,0.2,195.0,39.0,156.0,108.0,Completed,EGP
ORD2025000000494,2025-06-16 19:17:39,C0006106,P010,S001,CMP002,Marketplace,ماركت بليس,InstaPay,إنستاباي,1,195.0,0.2,195.0,39.0,156.0,108.0,Completed,EGP
ORD2025000000495,2025-07-28 17:15:50,C0007961,P003,S011,CMP002,Jumia,جوميا,Meeza,ميزة,2,145.0,0.0,290.0,0.0,290.0,164.0,Completed,جنيه
ORD2025000000496,2025-08-25 18:54:37,C0001816,P003,S003,CMP001,Jumia,جوميا,Cash on Delivery,الدفع عند الاستلام,3,145.0,0.1,435.0,43.5,391.5,246.0,Completed,EGP
ORD2025000000497,2025-01-20 05:12:34,C0008949,P010,S017,CMP001,TikTok,تيك توك,Vodafone Cash,فودافون كاش,2,195.0,0.05,390.0,19.5,370.5,216.0,Completed,EGP
ORD2025000000498,2025-10-13 10:46:45,C0012493,P018,S002,CMP001,Website,الموقع الإلكتروني,Debit Card,بطاقة خصم,1,149.0,0.0,149.0,0.0,149.0,80.0,Completed,جنيه
ORD2025000000499,2025-05-10 19:01:00,C0021215,P004,S002,CMP001,Amazon Egypt,أمازون مصر,InstaPay,إنستاباي,3,129.0,0.2,387.0,77.4,309.6,210.0,Completed,EGP
ORD2025000000500,2025-03-13 21:37:23,C0017773,P016,S027,CMP003,Pharmacy,صيدلية,Debit Card,بطاقة خصم,4,479.0,0.05,1916.0,95.8,1820.2,1060.0,Cancelled,جنيه
ORD2025000000501,2025-07-19 01:23:35,C0015771,P019,S020,CMP007,Pharmacy,صيدلية,Cash on Delivery,الدفع عند الاستلام,3,99.0,0.05,297.0,14.85,282.15,156.0,Completed,EGP
ORD2025000000502,2025-08-08 01:40:13,C0020661,P018,S020,CMP005,Website,الموقع الإلكتروني,Credit Card,بطاقة ائتمان,1,149.0,0.0,149.0,0.0,149.0,80.0,Completed,EGP
ORD2025000000503,2025-02-23 18:22:41,C0004020,P017,S029,CMP002,Retail Store,فرع,Debit Card,بطاقة خصم,4,159.0,0.05,636.0,31.8,604.2,352.0,Completed,EGP
ORD2025000000504,2025-12-08 12:30:04,C0006585,P015,S029,CMP006,Amazon Egypt,أمازون مصر,Meeza,ميزة,5,549.0,0.1,2745.0,274.5,2470.5,1525.0,Completed,جنيه
ORD2025000000505,2025-03-15 20:37:26,C0024398,P012,S018,CMP006,Amazon Egypt,أمازون مصر,Credit Card,بطاقة ائتمان,1,239.0,0.0,239.0,0.0,239.0,138.0,Completed,جنيه
ORD2025000000506,2025-06-05 05:14:15,C0020965,P016,S011,CMP002,Amazon Egypt,أمازون مصر,Credit Card,بطاقة ائتمان,1,479.0,0.1,479.0,47.9,431.1,265.0,Completed,جنيه
ORD2025000000507,2025-04-27 07:42:07,C0015254,P013,S021,CMP002,Noon,نون,Credit Card,بطاقة ائتمان,2,199.0,0.2,398.0,79.6,318.4,224.0,Completed,EGP
ORD2025000000508,2025-11-26 02:32:09,C0002694,P006,S017,CMP004,Website,الموقع الإلكتروني,Credit Card,بطاقة ائتمان,3,325.0,0.2,975.0,195.0,780.0,570.0,Completed,EGP
ORD2025000000509,2025-04-18 06:14:21,C0015967,P011,S016,CMP001,Retail Store,فرع,Meeza,ميزة,4,219.0,0.15,876.0,131.4,744.6,504.0,Completed,EGP
ORD2025000000510,2025-05-20 00:01:10,C0012916,P006,S006,CMP007,Facebook,فيسبوك,Meeza,ميزة,1,325.0,0.2,325.0,65.0,260.0,190.0,Pending,EGP 
ORD2025000000511,2025-02-01 14:00:57,C0024221,P004,S025,CMP006,Pharmacy,صيدلية,Debit Card,بطاقة خصم,1,129.0,0.1,129.0,12.9,116.1,70.0,Completed,EGP
ORD2025000000512,2025-03-12 17:34:13,C0002999,P001,S029,CMP002,Instagram,إنستجرام,Cash on Delivery,الدفع عند الاستلام,1,249.0,0.0,249.0,0.0,249.0,150.0,Completed,EGP
ORD2025000000513,2025-03-07 18:52:47,C0001357,P018,S016,CMP005,Website,الموقع الإلكتروني,Debit Card,بطاقة خصم,2,149.0,0.15,298.0,44.7,253.3,160.0,Completed,جنيه
ORD2025000000514,2025-09-23 02:22:28,C0015087,P013,S024,CMP006,Amazon Egypt,أمازون مصر,Cash on Delivery,الدفع عند الاستلام,4,199.0,0.15,796.0,119.4,676.6,448.0,Completed,جنيه مصري
ORD2025000000515,2025-06-19 15:10:51,C0007823,P011,S010,CMP003,Jumia,جوميا,Cash on Delivery,الدفع عند الاستلام,1,219.0,0.0,219.0,0.0,219.0,126.0,Cancelled,جنيه
ORD2025000000516,2025-10-20 15:52:52,C0000624,P017,S009,CMP005,Jumia,جوميا,Debit Card,بطاقة خصم,2,159.0,0.0,318.0,0.0,318.0,176.0,Completed,EGP
ORD2025000000517,2025-12-05 12:27:15,C0004926,P013,S025,CMP007,Pharmacy,صيدلية,InstaPay,إنستاباي,2,199.0,0.0,398.0,0.0,398.0,224.0,Completed,جنيه
ORD2025000000518,2025-05-21 00:13:42,C0015987,P004,S031,CMP003,TikTok,تيك توك,Credit Card,بطاقة ائتمان,2,129.0,0.05,258.0,12.9,245.1,140.0,Completed,جنيه
ORD2025000000519,2025-01-17 12:29:59,C0007858,P008,S028,CMP007,Facebook,فيسبوك,Debit Card,بطاقة خصم,1,179.0,0.1,179.0,17.9,161.1,98.0,Completed,جنيه
ORD2025000000520,2025-02-06 17:04:46,C0008123,P015,S007,CMP007,Noon,نون,InstaPay,إنستاباي,4,549.0,0.2,2196.0,439.2,1756.8,1220.0,Completed,EGP
ORD2025000000521,2025-05-16 10:26:11,C0019189,P007,S002,CMP004,Facebook,فيسبوك,Cash on Delivery,الدفع عند الاستلام,1,215.0,0.1,215.0,21.5,193.5,120.0,Completed,EGP
ORD2025000000522,2025-02-01 08:19:32,C0021841,P014,S024,CMP005,Retail Store,فرع,Debit Card,بطاقة خصم,3,229.0,0.0,687.0,0.0,687.0,375.0,Completed,EGP
ORD2025000000523,2025-12-23 17:26:34,C0015391,P018,S028,CMP002,Amazon Egypt,أمازون مصر,Meeza,ميزة,2,149.0,0.2,298.0,59.6,238.4,160.0,Completed,EGP
ORD2025000000524,2025-06-19 21:25:30,C0008245,P007,S021,CMP007,Pharmacy,صيدلية,Vodafone Cash,فودافون كاش,1,215.0,0.2,215.0,43.0,172.0,120.0,Completed,EGP
ORD2025000000525,2025-11-09 02:08:55,C0002739,P011,S004,CMP003,Retail Store,فرع,Credit Card,بطاقة ائتمان,4,219.0,0.1,876.0,87.6,788.4,504.0,Completed,جنيه
ORD2025000000526,2025-09-21 15:50:36,C0001502,P001,S031,CMP006,Marketplace,ماركت بليس,Credit Card,بطاقة ائتمان,1,249.0,0.0,249.0,0.0,249.0,150.0,Pending,جنيه
ORD2025000000527,2025-06-25 14:55:54,C0010371,P010,S004,CMP001,Facebook,فيسبوك,Credit Card,بطاقة ائتمان,1,195.0,0.0,195.0,0.0,195.0,108.0,Completed,جنيه
ORD2025000000528,2025-05-23 04:46:57,C0002705,P011,S007,CMP003,Instagram,إنستجرام,Credit Card,بطاقة ائتمان,1,219.0,0.2,219.0,43.8,175.2,126.0,Completed,جنيه
ORD2025000000529,2025-08-07 15:50:31,C0000613,P016,S018,CMP001,Pharmacy,صيدلية,Meeza,ميزة,4,479.0,0.1,1916.0,191.6,1724.4,1060.0,Completed,EGP
ORD2025000000530,2025-12-13 19:03:40,C0001568,P006,S035,CMP007,Retail Store,فرع,Debit Card,بطاقة خصم,1,325.0,0.15,325.0,48.75,276.25,190.0,Completed,EGP
ORD2025000000531,2025-03-24 02:32:07,C0021621,P005,S024,CMP004,Jumia,جوميا,Debit Card,بطاقة خصم,5,299.0,0.15,1495.0,224.25,1270.75,875.0,Completed,EGP
ORD2025000000532,2025-12-09 05:23:52,C0013461,P005,S016,CMP004,Pharmacy,صيدلية,Debit Card,بطاقة خصم,1,299.0,0.2,299.0,59.8,239.2,175.0,Completed,جنيه
ORD2025000000533,2025-08-19 16:54:55,C0003480,P018,S017,CMP002,Amazon Egypt,أمازون مصر,Vodafone Cash,فودافون كاش,1,149.0,0.1,149.0,14.9,134.1,80.0,Completed,جنيه
ORD2025000000534,2025-03-11 21:46:51,C0017991,P019,S032,CMP001,Retail Store,فرع,Vodafone Cash,فودافون كاش,1,99.0,0.2,99.0,19.8,79.2,52.0,Completed,جنيه
ORD2025000000535,2025-03-08 11:16:22,C0017040,P005,S027,CMP003,Instagram,إنستجرام,Debit Card,بطاقة خصم,1,299.0,0.0,299.0,0.0,299.0,175.0,Completed,EGP
ORD2025000000536,2025-10-19 21:34:14,C0004901,P008,S004,CMP006,Marketplace,ماركت بليس,Credit Card,بطاقة ائتمان,3,179.0,0.1,537.0,53.7,483.3,294.0,Completed,EGP
ORD2025000000537,2025-02-17 23:02:08,C0012078,P014,S013,CMP001,TikTok,تيك توك,InstaPay,إنستاباي,1,229.0,0.0,229.0,0.0,229.0,125.0,Completed,EGP
ORD2025000000538,2025-06-24 15:53:26,C0004282,P011,S008,CMP001,Instagram,إنستجرام,Debit Card,بطاقة خصم,2,219.0,0.05,438.0,21.9,416.1,252.0,Completed,جنيه
ORD2025000000539,2025-06-20 10:48:02,C0005027,P018,S023,CMP002,Jumia,جوميا,Meeza,ميزة,2,149.0,0.05,298.0,14.9,283.1,160.0,Completed,EGP
ORD2025000000540,2025-12-03 10:20:33,C0003943,P012,S016,CMP006,Instagram,إنستجرام,Debit Card,بطاقة خصم,1,239.0,0.0,239.0,0.0,239.0,138.0,Completed,EGP
ORD2025000000541,2025-02-11 23:42:12,C0020273,P006,S015,CMP004,Jumia,جوميا,Vodafone Cash,فودافون كاش,5,325.0,0.0,1625.0,0.0,1625.0,950.0,Completed,EGP
ORD2025000000542,2025-07-26 00:30:55,C0006799,P018,S014,CMP007,Amazon Egypt,أمازون مصر,Meeza,ميزة,1,149.0,0.0,149.0,0.0,149.0,80.0,Completed,EGP
ORD2025000000543,2025-06-10 19:23:20,C0001261,P020,S027,CMP006,Noon,نون,Credit Card,بطاقة ائتمان,2,699.0,0.05,1398.0,69.9,1328.1,790.0,Completed,EGP
ORD2025000000544,2025-05-21 16:16:22,C0007259,P006,S005,CMP005,Marketplace,ماركت بليس,Vodafone Cash,فودافون كاش,1,325.0,0.15,325.0,48.75,276.25,190.0,Completed,EGP
ORD2025000000545,2025-06-08 11:51:55,C0012586,P018,S010,CMP007,Pharmacy,صيدلية,Vodafone Cash,فودافون كاش,1,149.0,0.0,149.0,0.0,149.0,80.0,Completed,EGP 
ORD2025000000546,2025-10-20 01:42:29,C0007242,P020,S027,CMP003,Facebook,فيسبوك,Vodafone Cash,فودافون كاش,3,699.0,0.05,2097.0,104.85,1992.15,1185.0,Completed,EGP
ORD2025000000547,2025-04-01 04:09:11,C0023103,P017,S010,CMP002,Marketplace,ماركت بليس,InstaPay,إنستاباي,1,159.0,0.15,159.0,23.85,135.15,88.0,Completed,EGP
ORD2025000000548,2025-11-07 15:07:09,C0011007,P012,S034,CMP003,Jumia,جوميا,Debit Card,بطاقة خصم,1,239.0,0.05,239.0,11.95,227.05,138.0,Cancelled,جنيه
ORD2025000000549,2025-05-13 00:18:44,C0021980,P016,S005,CMP005,Jumia,جوميا,Meeza,ميزة,3,479.0,0.05,1437.0,71.85,1365.15,795.0,Completed,جنيه
ORD2025000000550,2025-06-10 10:14:40,C0009038,P001,S030,CMP006,Amazon Egypt,أمازون مصر,Cash on Delivery,الدفع عند الاستلام,1,249.0,0.1,249.0,24.9,224.1,150.0,Completed,EGP
ORD2025000000551,2025-04-20 17:09:00,C0016072,P018,S016,CMP004,Instagram,إنستجرام,InstaPay,إنستاباي,2,149.0,0.1,298.0,29.8,268.2,160.0,Completed,EGP
ORD2025000000552,2025-08-22 09:29:07,C0012679,P018,S011,CMP003,Noon,نون,Vodafone Cash,فودافون كاش,2,149.0,0.15,298.0,44.7,253.3,160.0,Completed,EGP
ORD2025000000553,2025-09-08 05:46:14,C0021912,P003,S008,CMP004,TikTok,تيك توك,Debit Card,بطاقة خصم,5,145.0,0.0,725.0,0.0,725.0,410.0,Completed,جنيه
ORD2025000000554,2025-01-21 13:05:30,C0008508,P003,S026,CMP006,Facebook,فيسبوك,InstaPay,إنستاباي,1,145.0,0.2,145.0,29.0,116.0,82.0,Cancelled,EGP
ORD2025000000555,2025-05-16 15:14:37,C0003655,P008,S014,CMP004,Website,الموقع الإلكتروني,Debit Card,بطاقة خصم,1,179.0,0.1,179.0,17.9,161.1,98.0,Completed,EGP
ORD2025000000556,2025-01-10 15:53:54,C0010598,P003,S033,CMP004,TikTok,تيك توك,Cash on Delivery,الدفع عند الاستلام,1,145.0,0.0,145.0,0.0,145.0,82.0,completed,EGP
ORD2025000000557,2025-04-02 16:55:06,C0000238,P015,S028,CMP005,Noon,نون,Credit Card,بطاقة ائتمان,1,549.0,0.15,549.0,82.35,466.65,305.0,Completed,EGP
ORD2025000000558,2025-12-30 12:06:48,C0002122,P018,S031,CMP003,Retail Store,فرع,Meeza,ميزة,1,149.0,0.05,149.0,7.45,141.55,80.0,Completed,EGP
ORD2025000000559,2025-02-14 23:55:57,C0024282,P020,S021,CMP006,Facebook,فيسبوك,Debit Card,بطاقة خصم,1,699.0,0.0,699.0,0.0,699.0,395.0,Completed,جنيه
ORD2025000000560,2025-05-18 17:20:45,C0024893,P009,S027,CMP005,Marketplace,ماركت بليس,Debit Card,بطاقة خصم,1,165.0,0.0,165.0,0.0,165.0,92.0,Completed,EGP
ORD2025000000561,2025-04-27 05:55:12,C0016740,P013,S025,CMP007,Facebook,فيسبوك,Debit Card,بطاقة خصم,1,199.0,0.0,199.0,0.0,199.0,112.0,Completed,EGP 
ORD2025000000562,2025-05-08 22:30:21,C0014300,P005,S013,CMP004,Amazon Egypt,أمازون مصر,InstaPay,إنستاباي,2,299.0,0.0,598.0,0.0,598.0,350.0,Pending,EGP
ORD2025000000563,2025-04-29 13:53:20,C0009765,P003,S011,CMP002,Facebook,فيسبوك,Meeza,ميزة,4,145.0,0.1,580.0,58.0,522.0,328.0,Completed,EGP
ORD2025000000564,2025-07-04 09:29:31,C0021712,P007,S035,CMP001,Marketplace,ماركت بليس,Meeza,ميزة,2,215.0,0.05,430.0,21.5,408.5,240.0,Completed,EGP
ORD2025000000565,2025-07-13 07:23:33,C0016574,P004,S008,CMP006,Jumia,جوميا,Cash on Delivery,الدفع عند الاستلام,4,129.0,0.2,516.0,103.2,412.8,280.0,Completed,جنيه
ORD2025000000566,2025-10-18 16:49:59,C0022248,P010,S015,CMP003,Jumia,جوميا,InstaPay,إنستاباي,1,195.0,0.0,195.0,0.0,195.0,108.0,Completed,EGP
ORD2025000000567,2025-09-11 11:02:23,C0015143,P008,S005,CMP005,Instagram,إنستجرام,Cash on Delivery,الدفع عند الاستلام,1,179.0,0.0,179.0,0.0,179.0,98.0,Completed,جنيه
ORD2025000000568,2025-01-15 14:22:08,C0011018,P001,S030,CMP001,Facebook,فيسبوك,Vodafone Cash,فودافون كاش,3,249.0,0.05,747.0,37.35,709.65,450.0,Completed,EGP
ORD2025000000569,2025-03-24 12:52:58,C0021923,P013,S021,CMP007,Jumia,جوميا,Vodafone Cash,فودافون كاش,1,199.0,0.15,199.0,29.85,169.15,112.0,Completed,EGP
ORD2025000000570,2025-05-17 00:05:30,C0010315,P004,S012,CMP005,Website,الموقع الإلكتروني,InstaPay,إنستاباي,1,129.0,0.0,129.0,0.0,129.0,70.0,Completed,EGP
ORD2025000000571,2025-11-05 18:38:04,C0017792,P011,S020,CMP007,Instagram,إنستجرام,Cash on Delivery,الدفع عند الاستلام,2,219.0,0.0,438.0,0.0,438.0,252.0,Completed,EGP
ORD2025000000572,2025-06-16 18:00:55,C0019558,P010,S009,CMP007,Website,الموقع الإلكتروني,Cash on Delivery,الدفع عند الاستلام,3,195.0,0.1,585.0,58.5,526.5,324.0,Cancelled,EGP
ORD2025000000573,2025-06-02 03:45:43,C0018199,P003,S032,CMP004,Website,الموقع الإلكتروني,Meeza,ميزة,3,145.0,0.2,435.0,87.0,348.0,246.0,Completed,جنيه
ORD2025000000574,2025-09-18 05:48:46,C0007882,P020,S008,CMP006,Facebook,فيسبوك,Credit Card,بطاقة ائتمان,1,699.0,0.2,699.0,139.8,559.2,395.0,Completed,جنيه
ORD2025000000575,2025-01-03 21:31:05,C0004440,P005,S016,CMP001,Marketplace,ماركت بليس,Cash on Delivery,الدفع عند الاستلام,1,299.0,0.1,299.0,29.9,269.1,175.0,Cancelled,EGP
ORD2025000000576,2025-11-27 20:39:13,C0004504,P011,S029,CMP006,Facebook,فيسبوك,Meeza,ميزة,1,219.0,0.0,219.0,0.0,219.0,126.0,Completed,EGP
ORD2025000000577,2025-10-04 16:39:08,C0021427,P002,S020,CMP002,Noon,نون,Cash on Delivery,الدفع عند الاستلام,2,189.0,0.15,378.0,56.7,321.3,210.0,Completed,جنيه
ORD2025000000578,2025-03-20 20:23:14,C0001783,P003,S026,CMP007,Facebook,فيسبوك,Credit Card,بطاقة ائتمان,1,145.0,0.1,145.0,14.5,130.5,82.0,Completed,جنيه
ORD2025000000579,2025-06-07 00:36:04,C0018541,P015,S029,CMP006,Pharmacy,صيدلية,Cash on Delivery,الدفع عند الاستلام,3,549.0,0.2,1647.0,329.4,1317.6,915.0,Completed,EGP
ORD2025000000580,2025-08-05 07:09:37,C0016304,P020,S007,CMP003,Pharmacy,صيدلية,Cash on Delivery,الدفع عند الاستلام,4,699.0,0.1,2796.0,279.6,2516.4,1580.0,Returned,EGP
ORD2025000000581,2025-07-20 08:23:13,C0024856,P020,S032,CMP007,Instagram,إنستجرام,Meeza,ميزة,1,699.0,0.15,699.0,104.85,594.15,395.0,Completed,EGP
ORD2025000000582,2025-08-02 22:00:00,C0022796,P003,S006,CMP004,Jumia,جوميا,Credit Card,بطاقة ائتمان,3,145.0,0.05,435.0,21.75,413.25,246.0,Completed,EGP
ORD2025000000583,2025-03-25 10:24:29,C0007839,P001,S017,CMP002,TikTok,تيك توك,Cash on Delivery,الدفع عند الاستلام,2,249.0,0.2,498.0,99.6,398.4,300.0,Completed,جنيه
ORD2025000000584,2025-01-29 21:20:59,C0023241,P013,S028,CMP005,Amazon Egypt,أمازون مصر,Credit Card,بطاقة ائتمان,2,199.0,0.0,398.0,0.0,398.0,224.0,Completed,جنيه مصري
ORD2025000000585,2025-04-19 04:39:08,C0017194,P020,S026,CMP002,Instagram,إنستجرام,Meeza,ميزة,1,699.0,0.0,699.0,0.0,699.0,395.0,Cancelled,جنيه
ORD2025000000586,2025-03-13 00:55:46,C0021422,P008,S024,CMP006,Facebook,فيسبوك,Credit Card,بطاقة ائتمان,2,179.0,0.2,358.0,71.6,286.4,196.0,Completed,EGP
ORD2025000000587,2025-05-14 04:01:11,C0004370,P004,S001,CMP002,Retail Store,فرع,Cash on Delivery,الدفع عند الاستلام,3,129.0,0.0,387.0,0.0,387.0,210.0,Completed,EGP
ORD2025000000588,2025-12-14 11:47:42,C0013992,P003,S005,CMP007,Retail Store,فرع,InstaPay,إنستاباي,2,145.0,0.0,290.0,0.0,290.0,164.0,Completed,جنيه
ORD2025000000589,2025-10-22 13:27:30,C0023253,P006,S012,CMP005,Jumia,جوميا,Cash on Delivery,الدفع عند الاستلام,6,325.0,0.15,1950.0,292.5,1657.5,1140.0,Completed,EGP
ORD2025000000590,2025-11-05 20:22:35,C0012334,P017,S008,CMP004,Noon,نون,Debit Card,بطاقة خصم,2,159.0,0.15,318.0,47.7,270.3,176.0,Completed,EGP
ORD2025000000591,2025-02-09 09:29:27,C0007371,P007,S019,CMP006,TikTok,تيك توك,Debit Card,بطاقة خصم,1,215.0,0.0,215.0,0.0,215.0,120.0,Completed,EGP
ORD2025000000592,2025-06-08 19:18:50,C0007856,P012,S034,CMP002,TikTok,تيك توك,InstaPay,إنستاباي,1,239.0,0.15,239.0,35.85,203.15,138.0,Completed,EGP
ORD2025000000593,2025-10-10 00:59:09,C0003562,P005,S012,CMP005,TikTok,تيك توك,Meeza,ميزة,1,299.0,0.0,299.0,0.0,299.0,175.0,Completed,جنيه
ORD2025000000594,2025-12-16 17:51:57,C0006853,P010,S005,CMP003,Amazon Egypt,أمازون مصر,Vodafone Cash,فودافون كاش,5,195.0,0.15,975.0,146.25,828.75,540.0,Completed,EGP
ORD2025000000595,2025-04-09 19:54:08,C0001155,P001,S033,CMP001,Instagram,إنستجرام,Cash on Delivery,الدفع عند الاستلام,2,249.0,0.0,498.0,0.0,498.0,300.0,Completed,EGP
ORD2025000000596,2025-02-13 04:37:25,C0012128,P001,S029,CMP004,Facebook,فيسبوك,Credit Card,بطاقة ائتمان,1,249.0,0.2,249.0,49.8,199.2,150.0,Completed,EGP
ORD2025000000597,2025-10-01 01:42:36,C0017733,P004,S015,CMP004,Website,الموقع الإلكتروني,Meeza,ميزة,3,129.0,0.2,387.0,77.4,309.6,210.0,Completed,EGP
ORD2025000000598,2025-05-16 13:01:41,C0007429,P016,S008,CMP007,TikTok,تيك توك,Credit Card,بطاقة ائتمان,1,479.0,0.0,479.0,0.0,479.0,265.0,Completed,EGP
ORD2025000000599,2025-12-17 11:46:02,C0006768,P017,S023,CMP005,Pharmacy,صيدلية,InstaPay,إنستاباي,1,159.0,0.2,159.0,31.8,127.2,88.0,Returned,EGP
ORD2025000000600,2025-10-04 08:10:02,C0012974,P018,S005,CMP006,Facebook,فيسبوك,Vodafone Cash,فودافون كاش,1,149.0,0.1,149.0,14.9,134.1,80.0,Completed,جنيه
ORD2025000000601,2025-08-18 14:17:11,C0019378,P002,S001,CMP006,Retail Store,فرع,Debit Card,بطاقة خصم,2,189.0,0.15,378.0,56.7,321.3,210.0,Completed,EGP
ORD2025000000602,2025-03-06 13:06:59,C0005384,P018,S024,CMP006,Marketplace,ماركت بليس,Meeza,ميزة,2,149.0,0.0,298.0,0.0,298.0,160.0,Completed,جنيه
ORD2025000000603,2025-01-27 00:27:00,C0008913,P018,S015,CMP004,Marketplace,ماركت بليس,Vodafone Cash,فودافون كاش,2,149.0,0.0,298.0,0.0,298.0,160.0,Completed,EGP
ORD2025000000604,2025-07-28 04:37:13,C0015274,P017,S028,CMP005,Website,الموقع الإلكتروني,Cash on Delivery,الدفع عند الاستلام,3,159.0,0.0,477.0,0.0,477.0,264.0,Completed,EGP
ORD2025000000605,2025-03-01 07:45:13,C0006656,P001,S004,CMP006,Jumia,جوميا,Credit Card,بطاقة ائتمان,1,249.0,0.05,249.0,12.45,236.55,150.0,Cancelled,جنيه
ORD2025000000606,2025-02-10 13:04:30,C0001441,P007,S016,CMP001,TikTok,تيك توك,Meeza,ميزة,1,215.0,0.15,215.0,32.25,182.75,120.0,Completed,EGP
ORD2025000000607,2025-07-30 16:52:55,C0016084,P005,S005,CMP004,Amazon Egypt,أمازون مصر,Credit Card,بطاقة ائتمان,1,299.0,0.15,299.0,44.85,254.15,175.0,Completed,EGP
ORD2025000000608,2025-11-17 12:11:05,C0014176,P015,S033,CMP004,Instagram,إنستجرام,Cash on Delivery,الدفع عند الاستلام,2,549.0,0.05,1098.0,54.9,1043.1,610.0,Completed,EGP
ORD2025000000609,2025-04-11 18:32:20,C0003981,P011,S002,CMP006,Website,الموقع الإلكتروني,InstaPay,إنستاباي,4,219.0,0.0,876.0,0.0,876.0,504.0,Completed,EGP
ORD2025000000610,2025-07-16 18:08:14,C0006696,P013,S029,CMP001,Instagram,إنستجرام,Cash on Delivery,الدفع عند الاستلام,3,199.0,0.1,597.0,59.7,537.3,336.0,Completed,EGP
ORD2025000000611,2025-06-25 14:02:17,C0017232,P002,S007,CMP003,Instagram,إنستجرام,Cash on Delivery,الدفع عند الاستلام,2,189.0,0.0,378.0,0.0,378.0,210.0,Completed,جنيه
ORD2025000000612,2025-08-26 19:54:24,C0000782,P003,S027,CMP007,Retail Store,فرع,InstaPay,إنستاباي,6,145.0,0.05,870.0,43.5,826.5,492.0,Completed,جنيه
ORD2025000000613,2025-03-26 19:10:31,C0024092,P018,S034,CMP001,Marketplace,ماركت بليس,InstaPay,إنستاباي,2,149.0,0.0,298.0,0.0,298.0,160.0,Completed,EGP 
ORD2025000000614,2025-06-20 13:16:15,C0013505,P004,S035,CMP007,Facebook,فيسبوك,Vodafone Cash,فودافون كاش,3,129.0,0.0,387.0,0.0,387.0,210.0,Completed,EGP
ORD2025000000615,2025-04-20 15:51:47,C0000719,P018,S011,CMP002,Retail Store,فرع,InstaPay,إنستاباي,2,149.0,0.05,298.0,14.9,283.1,160.0,Completed,جنيه
ORD2025000000616,2025-04-26 03:50:00,C0004463,P010,S013,CMP007,Noon,نون,Credit Card,بطاقة ائتمان,2,195.0,0.0,390.0,0.0,390.0,216.0,Completed,جنيه
ORD2025000000617,2025-01-04 06:35:40,C0011020,P005,S020,CMP001,Instagram,إنستجرام,Credit Card,بطاقة ائتمان,1,299.0,0.15,299.0,44.85,254.15,175.0,Completed,جنيه
ORD2025000000618,2025-08-27 08:54:57,C0013016,P011,S029,CMP001,Noon,نون,Meeza,ميزة,2,219.0,0.2,438.0,87.6,350.4,252.0,Completed,EGP
ORD2025000000619,2025-04-06 17:48:20,C0007413,P014,S017,CMP002,Website,الموقع الإلكتروني,Debit Card,بطاقة خصم,3,229.0,0.1,687.0,68.7,618.3,375.0,Completed,جنيه
ORD2025000000620,2025-01-07 22:26:45,C0003865,P016,S031,CMP007,Facebook,فيسبوك,Vodafone Cash,فودافون كاش,2,479.0,0.05,958.0,47.9,910.1,530.0,Completed,جنيه
ORD2025000000621,2025-03-23 00:14:29,C0014626,P019,S005,CMP007,Noon,نون,Cash on Delivery,الدفع عند الاستلام,1,99.0,0.1,99.0,9.9,89.1,52.0,Returned,EGP
ORD2025000000622,2025-10-01 14:49:47,C0000713,P005,S008,CMP005,Noon,نون,InstaPay,إنستاباي,2,299.0,0.1,598.0,59.8,538.2,350.0,Completed,جنيه
ORD2025000000623,2025-04-22 05:33:17,C0017880,P014,S023,CMP001,Pharmacy,صيدلية,Cash on Delivery,الدفع عند الاستلام,2,229.0,0.15,458.0,68.7,389.3,250.0,Completed,EGP
ORD2025000000624,2025-03-11 08:35:18,C0006898,P001,S016,CMP003,Website,الموقع الإلكتروني,Vodafone Cash,فودافون كاش,2,249.0,0.1,498.0,49.8,448.2,300.0,Completed,EGP
ORD2025000000625,2025-11-20 05:46:16,C0015378,P018,S016,CMP001,Website,الموقع الإلكتروني,Cash on Delivery,الدفع عند الاستلام,2,149.0,0.15,298.0,44.7,253.3,160.0,Completed,EGP
ORD2025000000626,2025-07-28 02:51:12,C0014184,P020,S018,CMP001,Amazon Egypt,أمازون مصر,Credit Card,بطاقة ائتمان,1,699.0,0.1,699.0,69.9,629.1,395.0,Completed,EGP
ORD2025000000627,2025-07-04 14:04:46,C0013577,P011,S019,CMP002,Noon,نون,Debit Card,بطاقة خصم,1,219.0,0.15,219.0,32.85,186.15,126.0,Completed,EGP
ORD2025000000628,2025-11-03 14:41:17,C0018858,P001,S016,CMP001,Pharmacy,صيدلية,Meeza,ميزة,1,249.0,0.15,249.0,37.35,211.65,150.0,Completed,جنيه
ORD2025000000629,2025-08-08 03:07:25,C0016948,P013,S027,CMP007,Pharmacy,صيدلية,Debit Card,بطاقة خصم,1,199.0,0.1,199.0,19.9,179.1,112.0,Completed,EGP
ORD2025000000630,2025-10-31 01:35:25,C0017492,P002,S023,CMP007,Retail Store,فرع,Meeza,ميزة,1,189.0,0.1,189.0,18.9,170.1,105.0,Completed,EGP
ORD2025000000631,2025-04-30 10:56:27,C0013883,P010,S019,CMP007,TikTok,تيك توك,InstaPay,إنستاباي,1,195.0,0.0,195.0,0.0,195.0,108.0,Completed,جنيه
ORD2025000000632,2025-04-14 20:05:08,C0002548,P004,S001,CMP007,TikTok,تيك توك,Meeza,ميزة,2,129.0,0.2,258.0,51.6,206.4,140.0,Cancelled,جنيه
ORD2025000000633,2025-04-12 14:10:02,C0019804,P008,S001,CMP004,Noon,نون,Debit Card,بطاقة خصم,2,179.0,0.0,358.0,0.0,358.0,196.0,Completed,EGP
ORD2025000000634,2025-10-23 14:18:31,C0006577,P013,S018,CMP002,Retail Store,فرع,InstaPay,إنستاباي,1,199.0,0.15,199.0,29.85,169.15,112.0,Completed,جنيه
ORD2025000000635,2025-01-09 20:36:41,C0007132,P001,S027,CMP007,Pharmacy,صيدلية,Meeza,ميزة,1,249.0,0.0,249.0,0.0,249.0,150.0,Completed,EGP
ORD2025000000636,2025-02-08 04:23:32,C0009913,P016,S010,CMP001,Noon,نون,Credit Card,بطاقة ائتمان,3,479.0,0.0,1437.0,0.0,1437.0,795.0,Pending,جنيه مصري
ORD2025000000637,2025-05-22 18:39:08,C0007051,P013,S029,CMP005,Pharmacy,صيدلية,InstaPay,إنستاباي,1,199.0,0.1,199.0,19.9,179.1,112.0,Completed,EGP
ORD2025000000638,2025-05-16 06:44:31,C0000208,P012,S024,CMP006,TikTok,تيك توك,InstaPay,إنستاباي,3,239.0,0.2,717.0,143.4,573.6,414.0,Completed,EGP
ORD2025000000639,2025-11-26 00:46:54,C0003175,P018,S025,CMP002,Jumia,جوميا,Credit Card,بطاقة ائتمان,6,149.0,0.0,894.0,0.0,894.0,480.0,Completed,EGP
ORD2025000000640,2025-04-21 06:02:24,C0008078,P010,S011,CMP004,Retail Store,فرع,Cash on Delivery,الدفع عند الاستلام,1,195.0,0.0,195.0,0.0,195.0,108.0,Completed,جنيه
ORD2025000000641,2025-03-13 06:34:23,C0011229,P012,S032,CMP005,TikTok,تيك توك,InstaPay,إنستاباي,2,239.0,0.1,478.0,47.8,430.2,276.0,Completed,جنيه
ORD2025000000642,2025-04-16 09:38:44,C0015709,P003,S028,CMP004,Facebook,فيسبوك,Credit Card,بطاقة ائتمان,1,145.0,0.1,145.0,14.5,130.5,82.0,Completed,جنيه
ORD2025000000643,2025-06-15 06:56:32,C0016544,P010,S005,CMP002,Noon,نون,Cash on Delivery,الدفع عند الاستلام,4,195.0,0.05,780.0,39.0,741.0,432.0,Cancelled,جنيه
ORD2025000000644,2025-04-28 04:21:29,C0013517,P012,S034,CMP003,Noon,نون,Cash on Delivery,الدفع عند الاستلام,2,239.0,0.05,478.0,23.9,454.1,276.0,Completed,جنيه
ORD2025000000645,2025-10-07 06:34:59,C0000822,P003,S035,CMP001,Website,الموقع الإلكتروني,Cash on Delivery,الدفع عند الاستلام,2,145.0,0.15,290.0,43.5,246.5,164.0,Returned,جنيه
ORD2025000000646,2025-07-22 11:06:27,C0022523,P006,S012,CMP006,Instagram,إنستجرام,Credit Card,بطاقة ائتمان,3,325.0,0.2,975.0,195.0,780.0,570.0,Completed,جنيه
ORD2025000000647,2025-10-18 14:01:14,C0007684,P017,S030,CMP005,TikTok,تيك توك,Meeza,ميزة,1,159.0,0.2,159.0,31.8,127.2,88.0,Completed,جنيه
ORD2025000000648,2025-12-27 22:16:37,C0006301,P014,S026,CMP006,Facebook,فيسبوك,Vodafone Cash,فودافون كاش,3,229.0,0.2,687.0,137.4,549.6,375.0,Completed,EGP
ORD2025000000649,2025-05-05 00:37:51,C0016671,P013,S026,CMP003,Pharmacy,صيدلية,Debit Card,بطاقة خصم,3,199.0,0.1,597.0,59.7,537.3,336.0,Completed,جنيه
ORD2025000000650,2025-06-12 18:08:54,C0001368,P009,S010,CMP004,Amazon Egypt,أمازون مصر,Cash on Delivery,الدفع عند الاستلام,3,165.0,0.05,495.0,24.75,470.25,276.0,Completed,جنيه
ORD2025000000651,2025-04-24 19:02:27,C0004716,P016,S034,CMP004,Instagram,إنستجرام,Credit Card,بطاقة ائتمان,1,479.0,0.0,479.0,0.0,479.0,265.0,Completed,جنيه
ORD2025000000652,2025-07-03 23:35:33,C0002586,P012,S035,CMP003,Pharmacy,صيدلية,Cash on Delivery,الدفع عند الاستلام,1,239.0,0.0,239.0,0.0,239.0,138.0,Completed,EGP
ORD2025000000653,2025-02-19 01:15:51,C0021117,P017,S018,CMP005,Noon,نون,Cash on Delivery,الدفع عند الاستلام,1,159.0,0.0,159.0,0.0,159.0,88.0,Completed,EGP
ORD2025000000654,2025-10-25 08:48:11,C0011552,P014,S013,CMP004,TikTok,تيك توك,Debit Card,بطاقة خصم,6,229.0,0.0,1374.0,0.0,1374.0,750.0,Completed,EGP
ORD2025000000655,2025-01-08 15:33:37,C0004450,P013,S005,CMP006,Retail Store,فرع,Vodafone Cash,فودافون كاش,1,199.0,0.05,199.0,9.95,189.05,112.0,Completed,جنيه
ORD2025000000656,2025-02-14 23:28:24,C0023040,P008,S024,CMP007,Jumia,جوميا,Cash on Delivery,الدفع عند الاستلام,1,179.0,0.1,179.0,17.9,161.1,98.0,Completed,جنيه
ORD2025000000657,2025-11-30 22:47:56,C0010797,P001,S028,CMP006,Instagram,إنستجرام,Cash on Delivery,الدفع عند الاستلام,4,249.0,0.1,996.0,99.6,896.4,600.0,Returned,EGP
ORD2025000000658,2025-05-15 06:42:39,C0022896,P008,S010,CMP006,Marketplace,ماركت بليس,InstaPay,إنستاباي,1,179.0,0.0,179.0,0.0,179.0,98.0,Completed,جنيه
ORD2025000000659,2025-01-08 19:26:47,C0021658,P018,S025,CMP007,Marketplace,ماركت بليس,Vodafone Cash,فودافون كاش,1,149.0,0.05,149.0,7.45,141.55,80.0,Completed,EGP
ORD2025000000660,2025-07-23 22:09:27,C0007160,P007,S018,CMP007,Instagram,إنستجرام,Cash on Delivery,الدفع عند الاستلام,1,215.0,0.05,215.0,10.75,204.25,120.0,Completed,EGP
ORD2025000000661,2025-01-17 11:14:42,C0001524,P008,S032,CMP002,Pharmacy,صيدلية,Cash on Delivery,الدفع عند الاستلام,2,179.0,0.0,358.0,0.0,358.0,196.0,Completed,EGP
ORD2025000000662,2025-11-05 00:57:14,C0016624,P010,S033,CMP006,Pharmacy,صيدلية,Vodafone Cash,فودافون كاش,5,195.0,0.1,975.0,97.5,877.5,540.0,Completed,EGP
ORD2025000000663,2025-03-23 13:46:29,C0018557,P001,S003,CMP006,Website,الموقع الإلكتروني,InstaPay,إنستاباي,2,249.0,0.15,498.0,74.7,423.3,300.0,Completed,EGP
ORD2025000000664,2025-07-03 18:26:07,C0023441,P002,S022,CMP002,Noon,نون,Cash on Delivery,الدفع عند الاستلام,1,189.0,0.0,189.0,0.0,189.0,105.0,Completed,EGP
ORD2025000000665,2025-05-02 17:19:49,C0001920,P013,S010,CMP004,Noon,نون,InstaPay,إنستاباي,4,199.0,0.15,796.0,119.4,676.6,448.0,Completed,EGP
ORD2025000000666,2025-02-06 15:20:16,C0010621,P013,S022,CMP002,Facebook,فيسبوك,Credit Card,بطاقة ائتمان,1,199.0,0.0,199.0,0.0,199.0,112.0,Completed,EGP
ORD2025000000667,2025-06-06 21:02:56,C0017677,P004,S027,CMP001,Retail Store,فرع,Vodafone Cash,فودافون كاش,2,129.0,0.0,258.0,0.0,258.0,140.0,Completed,EGP
ORD2025000000668,2025-09-13 19:12:25,C0006102,P020,S009,CMP002,Pharmacy,صيدلية,Vodafone Cash,فودافون كاش,3,699.0,0.1,2097.0,209.7,1887.3,1185.0,Completed,EGP
ORD2025000000669,2025-04-04 10:57:06,C0015421,P016,S019,CMP005,Amazon Egypt,أمازون مصر,InstaPay,إنستاباي,1,479.0,0.05,479.0,23.95,455.05,265.0,Completed,EGP
ORD2025000000670,2025-10-27 18:30:57,C0004926,P011,S005,CMP003,Retail Store,فرع,Credit Card,بطاقة ائتمان,2,219.0,0.05,438.0,21.9,416.1,252.0,Completed,جنيه
ORD2025000000671,2025-09-07 10:54:41,C0000591,P002,S020,CMP001,Jumia,جوميا,Meeza,ميزة,4,189.0,0.1,756.0,75.6,680.4,420.0,Returned,EGP
ORD2025000000672,2025-01-19 18:28:37,C0010543,P013,S021,CMP003,Noon,نون,Debit Card,بطاقة خصم,1,199.0,0.0,199.0,0.0,199.0,112.0,Completed,جنيه
ORD2025000000673,2025-08-11 12:13:56,C0012033,P011,S032,CMP004,Facebook,فيسبوك,Vodafone Cash,فودافون كاش,1,219.0,0.05,219.0,10.95,208.05,126.0,Completed,جنيه
ORD2025000000674,2025-11-02 09:07:04,C0020467,P009,S005,CMP006,Instagram,إنستجرام,Credit Card,بطاقة ائتمان,1,165.0,0.05,165.0,8.25,156.75,92.0,Completed,EGP
ORD2025000000675,2025-06-15 10:45:06,C0021121,P002,S013,CMP007,Amazon Egypt,أمازون مصر,Vodafone Cash,فودافون كاش,1,189.0,0.2,189.0,37.8,151.2,105.0,Completed,جنيه
ORD2025000000676,2025-04-13 14:44:42,C0002918,P003,S031,CMP002,Jumia,جوميا,InstaPay,إنستاباي,2,145.0,0.2,290.0,58.0,232.0,164.0,Completed,جنيه
ORD2025000000677,2025-03-08 00:18:56,C0014411,P015,S007,CMP006,Retail Store,فرع,Credit Card,بطاقة ائتمان,3,549.0,0.0,1647.0,0.0,1647.0,915.0,Completed,EGP
ORD2025000000678,2025-06-21 00:57:14,C0023768,P014,S016,CMP005,Instagram,إنستجرام,InstaPay,إنستاباي,2,229.0,0.05,458.0,22.9,435.1,250.0,Completed,EGP 
ORD2025000000679,2025-01-22 11:31:48,C0014850,P014,S029,CMP006,Pharmacy,صيدلية,Debit Card,بطاقة خصم,2,229.0,0.0,458.0,0.0,458.0,250.0,Completed,EGP
ORD2025000000680,2025-03-19 02:22:31,C0007654,P015,S001,CMP003,Amazon Egypt,أمازون مصر,Meeza,ميزة,1,549.0,0.2,549.0,109.8,439.2,305.0,Completed,EGP
ORD2025000000681,2025-09-20 19:38:12,C0003900,P010,S034,CMP004,Noon,نون,Debit Card,بطاقة خصم,1,195.0,0.0,195.0,0.0,195.0,108.0,Completed,EGP
ORD2025000000682,2025-03-07 12:32:46,C0014688,P010,S009,CMP002,Noon,نون,Debit Card,بطاقة خصم,2,195.0,0.1,390.0,39.0,351.0,216.0,Completed,EGP
ORD2025000000683,2025-05-26 00:49:22,C0022143,P011,S012,CMP003,TikTok,تيك توك,Debit Card,بطاقة خصم,6,219.0,0.15,1314.0,197.1,1116.9,756.0,Completed,EGP
ORD2025000000684,2025-01-02 14:04:39,C0014612,P004,S004,CMP006,Facebook,فيسبوك,Debit Card,بطاقة خصم,2,129.0,0.05,258.0,12.9,245.1,140.0,Completed,جنيه
ORD2025000000685,2025-10-04 00:52:31,C0004971,P017,S015,CMP003,Amazon Egypt,أمازون مصر,Credit Card,بطاقة ائتمان,1,159.0,0.05,159.0,7.95,151.05,88.0,Completed,EGP
ORD2025000000686,2025-05-02 23:02:55,C0004825,P013,S009,CMP001,Amazon Egypt,أمازون مصر,InstaPay,إنستاباي,2,199.0,0.0,398.0,0.0,398.0,224.0,Cancelled,EGP
ORD2025000000687,2025-09-21 12:04:48,C0000492,P003,S019,CMP002,Amazon Egypt,أمازون مصر,Vodafone Cash,فودافون كاش,1,145.0,0.0,145.0,0.0,145.0,82.0,Completed,جنيه
ORD2025000000688,2025-08-25 04:18:04,C0017165,P009,S014,CMP003,Marketplace,ماركت بليس,Vodafone Cash,فودافون كاش,1,165.0,0.0,165.0,0.0,165.0,92.0,Completed,جنيه
ORD2025000000689,2025-10-05 16:38:28,C0022659,P020,S011,CMP006,Instagram,إنستجرام,Debit Card,بطاقة خصم,1,699.0,0.2,699.0,139.8,559.2,395.0,Cancelled,EGP
ORD2025000000690,2025-08-09 03:37:57,C0014984,P015,S012,CMP007,Retail Store,فرع,Vodafone Cash,فودافون كاش,4,549.0,0.05,2196.0,109.8,2086.2,1220.0,Completed,جنيه
ORD2025000000691,2025-08-16 23:25:21,C0003390,P014,S008,CMP003,Noon,نون,Vodafone Cash,فودافون كاش,2,229.0,0.05,458.0,22.9,435.1,250.0,Completed,EGP
ORD2025000000692,2025-03-04 08:40:42,C0009131,P001,S026,CMP007,Instagram,إنستجرام,Debit Card,بطاقة خصم,4,249.0,0.15,996.0,149.4,846.6,600.0,Completed,جنيه
ORD2025000000693,2025-02-04 05:16:28,C0014393,P004,S010,CMP005,Facebook,فيسبوك,Meeza,ميزة,2,129.0,0.15,258.0,38.7,219.3,140.0,Completed,EGP
ORD2025000000694,2025-04-08 01:38:35,C0007580,P018,S031,CMP001,Website,الموقع الإلكتروني,InstaPay,إنستاباي,2,149.0,0.2,298.0,59.6,238.4,160.0,Completed,جنيه
ORD2025000000695,2025-11-02 09:04:12,C0012092,P008,S001,CMP007,Noon,نون,Vodafone Cash,فودافون كاش,1,179.0,0.2,179.0,35.8,143.2,98.0,Completed,EGP
ORD2025000000696,2025-10-06 18:14:15,C0021919,P014,S012,CMP004,TikTok,تيك توك,Vodafone Cash,فودافون كاش,2,229.0,0.15,458.0,68.7,389.3,250.0,Completed,EGP
ORD2025000000697,2025-05-12 18:13:44,C0005885,P018,S026,CMP002,Noon,نون,InstaPay,إنستاباي,4,149.0,0.2,596.0,119.2,476.8,320.0,Completed,جنيه
ORD2025000000698,2025-05-14 03:48:02,C0021425,P009,S027,CMP006,Facebook,فيسبوك,Cash on Delivery,الدفع عند الاستلام,1,165.0,0.2,165.0,33.0,132.0,92.0,Completed,EGP
ORD2025000000699,2025-05-08 23:41:26,C0016611,P006,S020,CMP004,Retail Store,فرع,Vodafone Cash,فودافون كاش,1,325.0,0.05,325.0,16.25,308.75,190.0,Completed,جنيه مصري
ORD2025000000700,2025-08-22 12:47:26,C0021278,P014,S030,CMP004,Amazon Egypt,أمازون مصر,Cash on Delivery,الدفع عند الاستلام,4,229.0,0.15,916.0,137.4,778.6,500.0,Completed,EGP
ORD2025000000701,2025-07-16 07:43:35,C0007297,P007,S032,CMP006,Facebook,فيسبوك,InstaPay,إنستاباي,2,215.0,0.05,430.0,21.5,408.5,240.0,Completed,جنيه
ORD2025000000702,2025-09-08 00:25:40,C0024445,P012,S033,CMP004,TikTok,تيك توك,Debit Card,بطاقة خصم,3,239.0,0.2,717.0,143.4,573.6,414.0,Completed,EGP
ORD2025000000703,2025-06-16 11:08:05,C0003482,P016,S025,CMP005,Marketplace,ماركت بليس,InstaPay,إنستاباي,2,479.0,0.2,958.0,191.6,766.4,530.0,Cancelled,جنيه
ORD2025000000704,2025-03-28 17:59:26,C0006957,P014,S007,CMP007,Retail Store,فرع,Cash on Delivery,الدفع عند الاستلام,1,229.0,0.05,229.0,11.45,217.55,125.0,Returned,EGP
ORD2025000000705,2025-02-01 20:41:20,C0012628,P008,S015,CMP005,Marketplace,ماركت بليس,Vodafone Cash,فودافون كاش,2,179.0,0.0,358.0,0.0,358.0,196.0,Returned,EGP
ORD2025000000706,2025-07-11 02:16:37,C0004877,P019,S021,CMP002,Marketplace,ماركت بليس,Meeza,ميزة,1,99.0,0.0,99.0,0.0,99.0,52.0,Completed,EGP 
ORD2025000000707,2025-10-28 07:23:09,C0007546,P017,S027,CMP002,Noon,نون,Credit Card,بطاقة ائتمان,2,159.0,0.0,318.0,0.0,318.0,176.0,Completed,EGP
ORD2025000000708,2025-07-01 05:39:16,C0019249,P003,S032,CMP003,Noon,نون,Vodafone Cash,فودافون كاش,1,145.0,0.0,145.0,0.0,145.0,82.0,Completed,جنيه
ORD2025000000709,2025-10-07 10:18:01,C0016765,P010,S013,CMP006,Jumia,جوميا,Credit Card,بطاقة ائتمان,4,195.0,0.05,780.0,39.0,741.0,432.0,Completed,EGP
ORD2025000000710,2025-03-01 02:03:36,C0023054,P002,S031,CMP007,Amazon Egypt,أمازون مصر,Cash on Delivery,الدفع عند الاستلام,5,189.0,0.0,945.0,0.0,945.0,525.0,Completed,EGP
ORD2025000000711,2025-08-29 13:09:42,C0018960,P016,S018,CMP007,Facebook,فيسبوك,InstaPay,إنستاباي,2,479.0,0.15,958.0,143.7,814.3,530.0,Cancelled,EGP
ORD2025000000712,2025-07-25 08:20:14,C0008302,P016,S009,CMP005,Amazon Egypt,أمازون مصر,Vodafone Cash,فودافون كاش,2,479.0,0.1,958.0,95.8,862.2,530.0,Completed,EGP
ORD2025000000713,2025-06-26 13:52:46,C0008039,P013,S018,CMP004,Retail Store,فرع,Meeza,ميزة,1,199.0,0.1,199.0,19.9,179.1,112.0,Completed,جنيه
ORD2025000000714,2025-12-20 17:21:01,C0019456,P018,S001,CMP006,Retail Store,فرع,Vodafone Cash,فودافون كاش,2,149.0,0.05,298.0,14.9,283.1,160.0,Completed,EGP
ORD2025000000715,2025-06-20 03:43:36,C0008046,P017,S004,CMP004,Website,الموقع الإلكتروني,InstaPay,إنستاباي,1,159.0,0.05,159.0,7.95,151.05,88.0,Completed,جنيه
ORD2025000000716,2025-04-20 03:45:47,C0007477,P012,S010,CMP003,Website,الموقع الإلكتروني,InstaPay,إنستاباي,1,239.0,0.2,239.0,47.8,191.2,138.0,Cancelled,EGP
ORD2025000000717,2025-09-08 02:26:29,C0020577,P007,S021,CMP001,Pharmacy,صيدلية,Credit Card,بطاقة ائتمان,1,215.0,0.0,215.0,0.0,215.0,120.0,Completed,جنيه
ORD2025000000718,2025-09-27 10:30:23,C0010141,P006,S020,CMP005,TikTok,تيك توك,Debit Card,بطاقة خصم,1,325.0,0.0,325.0,0.0,325.0,190.0,Completed,جنيه
ORD2025000000719,2025-11-14 13:21:26,C0023509,P010,S029,CMP007,Marketplace,ماركت بليس,Credit Card,بطاقة ائتمان,1,195.0,0.1,195.0,19.5,175.5,108.0,Completed,EGP
ORD2025000000720,2025-11-07 23:30:46,C0023174,P016,S030,CMP001,TikTok,تيك توك,Vodafone Cash,فودافون كاش,2,479.0,0.2,958.0,191.6,766.4,530.0,Completed,EGP
ORD2025000000721,2025-03-04 13:36:33,C0024412,P009,S031,CMP004,Instagram,إنستجرام,Meeza,ميزة,2,165.0,0.2,330.0,66.0,264.0,184.0,Completed,EGP
ORD2025000000722,2025-12-22 22:32:31,C0023445,P019,S011,CMP004,Facebook,فيسبوك,Cash on Delivery,الدفع عند الاستلام,1,99.0,0.0,99.0,0.0,99.0,52.0,Cancelled,EGP
ORD2025000000723,2025-06-18 22:17:20,C0018064,P016,S024,CMP003,Noon,نون,Vodafone Cash,فودافون كاش,2,479.0,0.0,958.0,0.0,958.0,530.0,Completed,EGP
ORD2025000000724,2025-07-12 10:06:04,C0021139,P012,S030,CMP003,Instagram,إنستجرام,Credit Card,بطاقة ائتمان,2,239.0,0.0,478.0,0.0,478.0,276.0,Completed,EGP
ORD2025000000725,2025-10-15 15:28:01,C0010297,P004,S027,CMP004,Pharmacy,صيدلية,Meeza,ميزة,2,129.0,0.0,258.0,0.0,258.0,140.0,Completed,EGP
ORD2025000000726,2025-10-17 11:10:36,C0024478,P018,S033,CMP001,Noon,نون,Debit Card,بطاقة خصم,2,149.0,0.1,298.0,29.8,268.2,160.0,Completed,EGP
ORD2025000000727,2025-09-01 08:30:00,C0011644,P001,S023,CMP007,Marketplace,ماركت بليس,Cash on Delivery,الدفع عند الاستلام,4,249.0,0.1,996.0,99.6,896.4,600.0,Completed,EGP
ORD2025000000728,2025-12-13 02:16:16,C0020059,P005,S018,CMP007,Marketplace,ماركت بليس,Debit Card,بطاقة خصم,1,299.0,0.2,299.0,59.8,239.2,175.0,Completed,جنيه
ORD2025000000729,2025-12-03 10:34:47,C0019169,P003,S008,CMP001,Noon,نون,Debit Card,بطاقة خصم,1,145.0,0.0,145.0,0.0,145.0,82.0,Completed,EGP
ORD2025000000730,2025-12-17 00:32:50,C0009113,P008,S030,CMP005,Pharmacy,صيدلية,Debit Card,بطاقة خصم,3,179.0,0.0,537.0,0.0,537.0,294.0,Completed,EGP 
ORD2025000000731,2025-03-28 03:13:56,C0017394,P004,S003,CMP003,Website,الموقع الإلكتروني,Credit Card,بطاقة ائتمان,1,129.0,0.2,129.0,25.8,103.2,70.0,Completed,EGP
ORD2025000000732,2025-11-26 23:55:49,C0007534,P009,S025,CMP007,TikTok,تيك توك,InstaPay,إنستاباي,1,165.0,0.15,165.0,24.75,140.25,92.0,Pending,EGP
ORD2025000000733,2025-08-14 22:51:09,C0017110,P004,S009,CMP004,Facebook,فيسبوك,Credit Card,بطاقة ائتمان,2,129.0,0.1,258.0,25.8,232.2,140.0,Pending,EGP
ORD2025000000734,2025-04-23 02:32:41,C0019606,P001,S012,CMP005,Retail Store,فرع,Debit Card,بطاقة خصم,1,249.0,0.05,249.0,12.45,236.55,150.0,Completed,EGP
ORD2025000000735,2025-04-14 05:56:54,C0002906,P020,S018,CMP006,Marketplace,ماركت بليس,Vodafone Cash,فودافون كاش,1,699.0,0.15,699.0,104.85,594.15,395.0,Completed,EGP
ORD2025000000736,2025-05-06 19:22:11,C0018466,P001,S011,CMP005,Facebook,فيسبوك,Meeza,ميزة,2,249.0,0.0,498.0,0.0,498.0,300.0,Cancelled,جنيه
ORD2025000000737,2025-04-07 18:04:52,C0023887,P004,S020,CMP002,Jumia,جوميا,Debit Card,بطاقة خصم,2,129.0,0.15,258.0,38.7,219.3,140.0,Pending,جنيه
ORD2025000000738,2025-12-17 08:43:10,C0020648,P006,S003,CMP005,Facebook,فيسبوك,Vodafone Cash,فودافون كاش,4,325.0,0.1,1300.0,130.0,1170.0,760.0,Completed,جنيه مصري
ORD2025000000739,2025-03-16 10:31:54,C0007181,P010,S024,CMP005,Amazon Egypt,أمازون مصر,Debit Card,بطاقة خصم,2,195.0,0.0,390.0,0.0,390.0,216.0,Completed,جنيه
ORD2025000000740,2025-02-05 02:43:50,C0003722,P008,S021,CMP006,Instagram,إنستجرام,InstaPay,إنستاباي,1,179.0,0.0,179.0,0.0,179.0,98.0,Completed,EGP
ORD2025000000741,2025-07-28 04:51:34,C0013743,P016,S011,CMP002,Pharmacy,صيدلية,Cash on Delivery,الدفع عند الاستلام,1,479.0,0.0,479.0,0.0,479.0,265.0,Completed,EGP
ORD2025000000742,2025-05-19 17:09:39,C0014346,P019,S015,CMP003,Website,الموقع الإلكتروني,Cash on Delivery,الدفع عند الاستلام,4,99.0,0.0,396.0,0.0,396.0,208.0,Completed,EGP
ORD2025000000743,2025-01-13 22:23:39,C0003669,P010,S002,CMP002,Noon,نون,InstaPay,إنستاباي,1,195.0,0.0,195.0,0.0,195.0,108.0,Returned,جنيه
ORD2025000000744,2025-07-27 22:38:52,C0016291,P007,S011,CMP001,Pharmacy,صيدلية,Credit Card,بطاقة ائتمان,3,215.0,0.0,645.0,0.0,645.0,360.0,Completed,EGP
ORD2025000000745,2025-02-05 22:31:33,C0002438,P006,S003,CMP001,TikTok,تيك توك,InstaPay,إنستاباي,1,325.0,0.0,325.0,0.0,325.0,190.0,Completed,جنيه
ORD2025000000746,2025-11-02 17:01:45,C0024565,P019,S021,CMP004,TikTok,تيك توك,InstaPay,إنستاباي,2,99.0,0.0,198.0,0.0,198.0,104.0,Completed,EGP 
ORD2025000000747,2025-04-23 10:45:53,C0015686,P012,S015,CMP005,Website,الموقع الإلكتروني,Debit Card,بطاقة خصم,2,239.0,0.15,478.0,71.7,406.3,276.0,Completed,EGP
ORD2025000000748,2025-04-01 15:31:40,C0021717,P005,S014,CMP007,TikTok,تيك توك,Debit Card,بطاقة خصم,1,299.0,0.2,299.0,59.8,239.2,175.0,Completed,EGP
ORD2025000000749,2025-11-12 04:02:56,C0008088,P008,S033,CMP002,Marketplace,ماركت بليس,Meeza,ميزة,1,179.0,0.05,179.0,8.95,170.05,98.0,Completed,جنيه
ORD2025000000750,2025-02-03 13:10:00,C0014043,P017,S008,CMP001,Instagram,إنستجرام,Debit Card,بطاقة خصم,4,159.0,0.2,636.0,127.2,508.8,352.0,Completed,جنيه
ORD2025000000751,2025-09-20 22:41:40,C0014338,P015,S024,CMP003,Pharmacy,صيدلية,Meeza,ميزة,1,549.0,0.0,549.0,0.0,549.0,305.0,Completed,EGP
ORD2025000000752,2025-11-23 20:29:29,C0000129,P004,S026,CMP006,Instagram,إنستجرام,Meeza,ميزة,3,129.0,0.0,387.0,0.0,387.0,210.0,Completed,EGP
ORD2025000000753,2025-06-03 19:40:10,C0004964,P007,S005,CMP006,Noon,نون,Debit Card,بطاقة خصم,5,215.0,0.1,1075.0,107.5,967.5,600.0,Cancelled,EGP
ORD2025000000754,2025-11-07 23:16:40,C0010323,P017,S012,CMP005,Noon,نون,Debit Card,بطاقة خصم,2,159.0,0.2,318.0,63.6,254.4,176.0,Pending,EGP
ORD2025000000755,2025-04-09 16:03:53,C0020580,P008,S003,CMP007,Pharmacy,صيدلية,Credit Card,بطاقة ائتمان,1,179.0,0.2,179.0,35.8,143.2,98.0,Completed,EGP
ORD2025000000756,2025-12-13 19:24:10,C0004299,P008,S012,CMP002,TikTok,تيك توك,Debit Card,بطاقة خصم,2,179.0,0.15,358.0,53.7,304.3,196.0,Completed,EGP
ORD2025000000757,2025-11-09 06:38:06,C0004383,P009,S008,CMP001,Facebook,فيسبوك,Debit Card,بطاقة خصم,1,165.0,0.0,165.0,0.0,165.0,92.0,Completed,EGP
ORD2025000000758,2025-02-26 02:46:59,C0007896,P004,S006,CMP004,Retail Store,فرع,Meeza,ميزة,1,129.0,0.15,129.0,19.35,109.65,70.0,Completed,جنيه
ORD2025000000759,2025-04-03 09:21:54,C0006568,P007,S014,CMP006,Instagram,إنستجرام,InstaPay,إنستاباي,1,215.0,0.0,215.0,0.0,215.0,120.0,Completed,EGP
ORD2025000000760,2025-12-25 04:11:36,C0020662,P018,S003,CMP004,Instagram,إنستجرام,Cash on Delivery,الدفع عند الاستلام,4,149.0,0.0,596.0,0.0,596.0,320.0,Completed,جنيه
ORD2025000000761,2025-10-19 10:03:57,C0003518,P014,S022,CMP007,Website,الموقع الإلكتروني,Credit Card,بطاقة ائتمان,5,229.0,0.0,1145.0,0.0,1145.0,625.0,Completed,EGP
ORD2025000000762,2025-09-27 18:50:13,C0013372,P013,S020,CMP007,Amazon Egypt,أمازون مصر,Debit Card,بطاقة خصم,2,199.0,0.2,398.0,79.6,318.4,224.0,Completed,جنيه
ORD2025000000763,2025-04-23 13:03:23,C0001269,P010,S002,CMP005,Website,الموقع الإلكتروني,Credit Card,بطاقة ائتمان,2,195.0,0.1,390.0,39.0,351.0,216.0,Completed,EGP
ORD2025000000764,2025-10-13 22:39:38,C0006100,P004,S003,CMP005,Amazon Egypt,أمازون مصر,InstaPay,إنستاباي,2,129.0,0.2,258.0,51.6,206.4,140.0,Completed,EGP
ORD2025000000765,2025-03-09 15:17:19,C0005525,P010,S011,CMP001,TikTok,تيك توك,Cash on Delivery,الدفع عند الاستلام,1,195.0,0.1,195.0,19.5,175.5,108.0,Completed,EGP
ORD2025000000766,2025-01-20 15:23:46,C0006300,P004,S007,CMP005,Jumia,جوميا,Meeza,ميزة,3,129.0,0.0,387.0,0.0,387.0,210.0,Completed,جنيه
ORD2025000000767,2025-04-12 11:46:18,C0000971,P005,S011,CMP004,Retail Store,فرع,InstaPay,إنستاباي,5,299.0,0.0,1495.0,0.0,1495.0,875.0,Completed,EGP
ORD2025000000768,2025-11-21 00:37:25,C0024984,P008,S005,CMP002,Amazon Egypt,أمازون مصر,Credit Card,بطاقة ائتمان,1,179.0,0.2,179.0,35.8,143.2,98.0,Completed,EGP
ORD2025000000769,2025-09-07 19:07:33,C0020853,P009,S034,CMP006,Jumia,جوميا,Cash on Delivery,الدفع عند الاستلام,2,165.0,0.05,330.0,16.5,313.5,184.0,Completed,EGP
ORD2025000000770,2025-07-29 19:58:55,C0003086,P017,S033,CMP004,Retail Store,فرع,InstaPay,إنستاباي,2,159.0,0.0,318.0,0.0,318.0,176.0,Completed,EGP
ORD2025000000771,2025-07-05 22:02:57,C0023944,P016,S019,CMP005,Website,الموقع الإلكتروني,Cash on Delivery,الدفع عند الاستلام,3,479.0,0.1,1437.0,143.7,1293.3,795.0,Completed,EGP
ORD2025000000772,2025-12-19 05:00:41,C0023242,P007,S033,CMP005,Retail Store,فرع,InstaPay,إنستاباي,4,215.0,0.15,860.0,129.0,731.0,480.0,Cancelled,EGP
ORD2025000000773,2025-03-09 07:53:05,C0015516,P016,S035,CMP004,Website,الموقع الإلكتروني,InstaPay,إنستاباي,4,479.0,0.1,1916.0,191.6,1724.4,1060.0,Completed,EGP
ORD2025000000774,2025-01-12 15:39:25,C0023804,P017,S003,CMP005,Marketplace,ماركت بليس,Meeza,ميزة,2,159.0,0.15,318.0,47.7,270.3,176.0,Completed,جنيه مصري
ORD2025000000775,2025-02-09 05:15:41,C0013630,P009,S019,CMP001,Pharmacy,صيدلية,Cash on Delivery,الدفع عند الاستلام,2,165.0,0.0,330.0,0.0,330.0,184.0,Completed,جنيه
ORD2025000000776,2025-12-25 06:52:29,C0005816,P006,S032,CMP004,Amazon Egypt,أمازون مصر,Cash on Delivery,الدفع عند الاستلام,3,325.0,0.0,975.0,0.0,975.0,570.0,Completed,EGP
ORD2025000000777,2025-03-21 08:03:14,C0004507,P002,S008,CMP006,Retail Store,فرع,Debit Card,بطاقة خصم,3,189.0,0.15,567.0,85.05,481.95,315.0,Completed,EGP
ORD2025000000778,2025-08-21 21:37:21,C0002962,P006,S009,CMP004,Instagram,إنستجرام,Meeza,ميزة,1,325.0,0.0,325.0,0.0,325.0,190.0,Completed,جنيه
ORD2025000000779,2025-04-29 09:21:54,C0012743,P019,S023,CMP001,Pharmacy,صيدلية,Debit Card,بطاقة خصم,1,99.0,0.0,99.0,0.0,99.0,52.0,Cancelled,جنيه
ORD2025000000780,2025-08-19 22:40:28,C0002746,P003,S035,CMP006,Instagram,إنستجرام,InstaPay,إنستاباي,1,145.0,0.2,145.0,29.0,116.0,82.0,Completed,EGP
ORD2025000000781,2025-02-05 00:19:23,C0024976,P006,S009,CMP003,Retail Store,فرع,Vodafone Cash,فودافون كاش,2,325.0,0.0,650.0,0.0,650.0,380.0,Completed,جنيه
ORD2025000000782,2025-07-08 11:28:48,C0016455,P013,S032,CMP003,Website,الموقع الإلكتروني,Cash on Delivery,الدفع عند الاستلام,3,199.0,0.0,597.0,0.0,597.0,336.0,Completed,جنيه
ORD2025000000783,2025-03-19 23:37:38,C0014350,P013,S028,CMP004,Amazon Egypt,أمازون مصر,Meeza,ميزة,1,199.0,0.1,199.0,19.9,179.1,112.0,Completed,EGP
ORD2025000000784,2025-09-11 13:51:42,C0009172,P018,S021,CMP003,Retail Store,فرع,Credit Card,بطاقة ائتمان,1,149.0,0.1,149.0,14.9,134.1,80.0,Returned,EGP
ORD2025000000785,2025-05-21 21:47:06,C0013835,P009,S001,CMP003,Website,الموقع الإلكتروني,InstaPay,إنستاباي,4,165.0,0.0,660.0,0.0,660.0,368.0,Returned,EGP
ORD2025000000786,2025-04-27 16:31:50,C0022637,P014,S017,CMP003,Jumia,جوميا,InstaPay,إنستاباي,1,229.0,0.0,229.0,0.0,229.0,125.0,Completed,جنيه
ORD2025000000787,2025-03-28 07:42:17,C0012875,P014,S032,CMP003,Website,الموقع الإلكتروني,Vodafone Cash,فودافون كاش,1,229.0,0.0,229.0,0.0,229.0,125.0,Completed,EGP
ORD2025000000788,2025-05-31 19:09:17,C0010061,P015,S035,CMP005,Website,الموقع الإلكتروني,Meeza,ميزة,4,549.0,0.0,2196.0,0.0,2196.0,1220.0,Completed,جنيه
ORD2025000000789,2025-07-21 04:02:33,C0010756,P011,S015,CMP007,TikTok,تيك توك,Credit Card,بطاقة ائتمان,1,219.0,0.0,219.0,0.0,219.0,126.0,Returned,جنيه
ORD2025000000790,2025-05-15 15:10:49,C0013204,P013,S004,CMP006,Noon,نون,Credit Card,بطاقة ائتمان,3,199.0,0.15,597.0,89.55,507.45,336.0,Completed,EGP
ORD2025000000791,2025-05-20 15:43:41,C0001405,P003,S021,CMP003,Instagram,إنستجرام,InstaPay,إنستاباي,1,145.0,0.15,145.0,21.75,123.25,82.0,Completed,جنيه
ORD2025000000792,2025-07-31 22:10:45,C0009906,P006,S014,CMP004,Noon,نون,Credit Card,بطاقة ائتمان,2,325.0,0.2,650.0,130.0,520.0,380.0,Completed,EGP
ORD2025000000793,2025-01-24 23:54:06,C0001130,P012,S011,CMP003,Noon,نون,Meeza,ميزة,3,239.0,0.0,717.0,0.0,717.0,414.0,Completed,EGP
ORD2025000000794,2025-01-25 13:16:05,C0024223,P001,S022,CMP003,TikTok,تيك توك,Meeza,ميزة,5,249.0,0.15,1245.0,186.75,1058.25,750.0,Completed,EGP
ORD2025000000795,2025-11-02 01:11:21,C0021415,P015,S034,CMP006,Facebook,فيسبوك,Vodafone Cash,فودافون كاش,2,549.0,0.0,1098.0,0.0,1098.0,610.0,Completed,EGP
ORD2025000000796,2025-05-18 23:43:33,C0005138,P016,S001,CMP001,Amazon Egypt,أمازون مصر,Meeza,ميزة,2,479.0,0.15,958.0,143.7,814.3,530.0,Cancelled,جنيه
ORD2025000000797,2025-03-11 09:29:53,C0023938,P008,S008,CMP002,Website,الموقع الإلكتروني,Meeza,ميزة,3,179.0,0.2,537.0,107.4,429.6,294.0,Completed,EGP
ORD2025000000798,2025-11-04 11:14:02,C0002755,P018,S022,CMP002,Jumia,جوميا,Credit Card,بطاقة ائتمان,3,149.0,0.1,447.0,44.7,402.3,240.0,Completed,جنيه
ORD2025000000799,2025-01-23 18:06:56,C0004272,P009,S019,CMP006,Jumia,جوميا,Meeza,ميزة,3,165.0,0.1,495.0,49.5,445.5,276.0,completed,جنيه
ORD2025000000800,2025-04-17 02:26:40,C0024581,P010,S004,CMP007,Website,الموقع الإلكتروني,Meeza,ميزة,3,195.0,0.1,585.0,58.5,526.5,324.0,Completed,جنيه
ORD2025000000801,2025-03-26 16:37:32,C0011881,P020,S005,CMP005,Pharmacy,صيدلية,InstaPay,إنستاباي,3,699.0,0.0,2097.0,0.0,2097.0,1185.0,Completed,جنيه
ORD2025000000802,2025-12-08 17:39:07,C0011265,P001,S006,CMP005,Jumia,جوميا,InstaPay,إنستاباي,2,249.0,0.2,498.0,99.6,398.4,300.0,Completed,EGP
ORD2025000000803,2025-02-10 20:00:22,C0002203,P010,S013,CMP007,Noon,نون,Vodafone Cash,فودافون كاش,1,195.0,0.0,195.0,0.0,195.0,108.0,Completed,جنيه
ORD2025000000804,2025-06-26 14:10:10,C0024919,P012,S010,CMP007,Website,الموقع الإلكتروني,Vodafone Cash,فودافون كاش,2,239.0,0.0,478.0,0.0,478.0,276.0,Completed,EGP
ORD2025000000805,2025-12-22 17:39:33,C0007011,P010,S025,CMP007,Website,الموقع الإلكتروني,Credit Card,بطاقة ائتمان,3,195.0,0.0,585.0,0.0,585.0,324.0,Completed,EGP
ORD2025000000806,2025-03-01 13:06:42,C0006835,P006,S019,CMP006,Facebook,فيسبوك,Cash on Delivery,الدفع عند الاستلام,2,325.0,0.2,650.0,130.0,520.0,380.0,Completed,EGP 
ORD2025000000807,2025-03-23 07:37:32,C0014323,P012,S002,CMP003,Pharmacy,صيدلية,Vodafone Cash,فودافون كاش,3,239.0,0.0,717.0,0.0,717.0,414.0,Completed,جنيه
ORD2025000000808,2025-06-26 06:20:01,C0023211,P012,S005,CMP005,Amazon Egypt,أمازون مصر,Credit Card,بطاقة ائتمان,1,239.0,0.2,239.0,47.8,191.2,138.0,Completed,EGP
ORD2025000000809,2025-02-18 03:21:49,C0006158,P007,S015,CMP004,TikTok,تيك توك,Cash on Delivery,الدفع عند الاستلام,2,215.0,0.0,430.0,0.0,430.0,240.0,Cancelled,جنيه
ORD2025000000810,2025-05-19 02:09:59,C0023010,P005,S010,CMP007,Website,الموقع الإلكتروني,Debit Card,بطاقة خصم,1,299.0,0.0,299.0,0.0,299.0,175.0,Completed,جنيه
ORD2025000000811,2025-09-11 08:15:26,C0001011,P007,S025,CMP005,TikTok,تيك توك,Vodafone Cash,فودافون كاش,2,215.0,0.0,430.0,0.0,430.0,240.0,Completed,EGP
ORD2025000000812,2025-01-03 18:32:20,C0004640,P013,S009,CMP005,Noon,نون,Debit Card,بطاقة خصم,3,199.0,0.15,597.0,89.55,507.45,336.0,Completed,EGP 
ORD2025000000813,2025-04-02 06:03:26,C0005679,P013,S030,CMP001,Website,الموقع الإلكتروني,Meeza,ميزة,1,199.0,0.0,199.0,0.0,199.0,112.0,Completed,EGP
ORD2025000000814,2025-09-23 07:18:10,C0019917,P006,S021,CMP006,Amazon Egypt,أمازون مصر,Cash on Delivery,الدفع عند الاستلام,6,325.0,0.1,1950.0,195.0,1755.0,1140.0,Pending,EGP
ORD2025000000815,2025-04-17 14:56:26,C0020767,P013,S029,CMP006,Facebook,فيسبوك,Meeza,ميزة,2,199.0,0.1,398.0,39.8,358.2,224.0,Completed,EGP
ORD2025000000816,2025-10-05 10:38:46,C0019368,P014,S006,CMP005,Jumia,جوميا,Vodafone Cash,فودافون كاش,1,229.0,0.15,229.0,34.35,194.65,125.0,Completed,EGP
ORD2025000000817,2025-09-20 08:30:40,C0003452,P019,S014,CMP005,Noon,نون,InstaPay,إنستاباي,2,99.0,0.0,198.0,0.0,198.0,104.0,Completed,EGP
ORD2025000000818,2025-10-10 06:39:14,C0000259,P010,S018,CMP006,Retail Store,فرع,Meeza,ميزة,2,195.0,0.0,390.0,0.0,390.0,216.0,Completed,EGP
ORD2025000000819,2025-10-02 02:20:35,C0024868,P020,S017,CMP005,Facebook,فيسبوك,Debit Card,بطاقة خصم,2,699.0,0.0,1398.0,0.0,1398.0,790.0,Completed,EGP 
ORD2025000000820,2025-06-12 15:07:01,C0000794,P001,S004,CMP007,Retail Store,فرع,Debit Card,بطاقة خصم,3,249.0,0.15,747.0,112.05,634.95,450.0,Completed,EGP
ORD2025000000821,2025-09-28 02:32:32,C0005197,P009,S033,CMP006,Marketplace,ماركت بليس,Credit Card,بطاقة ائتمان,1,165.0,0.0,165.0,0.0,165.0,92.0,Completed,جنيه
ORD2025000000822,2025-02-09 04:45:39,C0000890,P009,S012,CMP001,Instagram,إنستجرام,InstaPay,إنستاباي,5,165.0,0.2,825.0,165.0,660.0,460.0,Completed,EGP
ORD2025000000823,2025-08-16 21:10:22,C0015189,P007,S035,CMP005,TikTok,تيك توك,InstaPay,إنستاباي,1,215.0,0.15,215.0,32.25,182.75,120.0,Completed,EGP
ORD2025000000824,2025-11-02 09:03:52,C0019764,P001,S017,CMP001,Marketplace,ماركت بليس,Vodafone Cash,فودافون كاش,6,249.0,0.1,1494.0,149.4,1344.6,900.0,Completed,EGP
ORD2025000000825,2025-09-03 02:16:05,C0008582,P010,S029,CMP007,Jumia,جوميا,Meeza,ميزة,1,195.0,0.1,195.0,19.5,175.5,108.0,Completed,جنيه
ORD2025000000826,2025-08-04 17:19:11,C0011687,P013,S033,CMP002,Facebook,فيسبوك,Cash on Delivery,الدفع عند الاستلام,2,199.0,0.0,398.0,0.0,398.0,224.0,Completed,EGP
ORD2025000000827,2025-09-18 11:46:13,C0009696,P001,S014,CMP003,Instagram,إنستجرام,Credit Card,بطاقة ائتمان,2,249.0,0.2,498.0,99.6,398.4,300.0,Cancelled,جنيه
ORD2025000000828,2025-11-06 01:45:03,C0020995,P020,S027,CMP003,Retail Store,فرع,Credit Card,بطاقة ائتمان,1,699.0,0.2,699.0,139.8,559.2,395.0,Completed,جنيه
ORD2025000000829,2025-04-13 03:56:53,C0011711,P018,S004,CMP002,Retail Store,فرع,Credit Card,بطاقة ائتمان,4,149.0,0.0,596.0,0.0,596.0,320.0,Completed,جنيه
ORD2025000000830,2025-05-25 08:43:59,C0016509,P005,S010,CMP007,Noon,نون,Credit Card,بطاقة ائتمان,1,299.0,0.0,299.0,0.0,299.0,175.0,Completed,جنيه
ORD2025000000831,2025-06-09 21:13:50,C0005618,P013,S021,CMP002,Facebook,فيسبوك,Vodafone Cash,فودافون كاش,2,199.0,0.1,398.0,39.8,358.2,224.0,Completed,EGP
ORD2025000000832,2025-05-04 00:28:26,C0007198,P009,S026,CMP003,Retail Store,فرع,Cash on Delivery,الدفع عند الاستلام,3,165.0,0.05,495.0,24.75,470.25,276.0,Returned,جنيه مصري
ORD2025000000833,2025-02-01 07:54:36,C0000966,P010,S013,CMP006,Website,الموقع الإلكتروني,Cash on Delivery,الدفع عند الاستلام,4,195.0,0.1,780.0,78.0,702.0,432.0,Completed,EGP
ORD2025000000834,2025-03-22 08:26:51,C0011394,P008,S001,CMP001,Pharmacy,صيدلية,Credit Card,بطاقة ائتمان,1,179.0,0.0,179.0,0.0,179.0,98.0,Cancelled,EGP
ORD2025000000835,2025-10-17 07:24:31,C0010414,P018,S030,CMP003,Instagram,إنستجرام,Meeza,ميزة,1,149.0,0.1,149.0,14.9,134.1,80.0,Completed,EGP
ORD2025000000836,2025-01-04 04:20:14,C0019052,P001,S031,CMP001,Amazon Egypt,أمازون مصر,Credit Card,بطاقة ائتمان,2,249.0,0.15,498.0,74.7,423.3,300.0,Completed,EGP
ORD2025000000837,2025-06-16 15:47:46,C0005459,P010,S015,CMP004,TikTok,تيك توك,Cash on Delivery,الدفع عند الاستلام,3,195.0,0.1,585.0,58.5,526.5,324.0,Completed,جنيه
ORD2025000000838,2025-01-02 11:33:38,C0024861,P006,S007,CMP005,Marketplace,ماركت بليس,Debit Card,بطاقة خصم,1,325.0,0.1,325.0,32.5,292.5,190.0,Completed,EGP 
ORD2025000000839,2025-12-21 20:07:06,C0023632,P017,S035,CMP001,Marketplace,ماركت بليس,InstaPay,إنستاباي,5,159.0,0.2,795.0,159.0,636.0,440.0,Completed,جنيه
ORD2025000000840,2025-03-24 01:36:58,C0021943,P017,S014,CMP001,Website,الموقع الإلكتروني,Credit Card,بطاقة ائتمان,2,159.0,0.0,318.0,0.0,318.0,176.0,Completed,جنيه
ORD2025000000841,2025-10-30 10:39:38,C0015133,P004,S008,CMP002,Amazon Egypt,أمازون مصر,InstaPay,إنستاباي,1,129.0,0.05,129.0,6.45,122.55,70.0,Completed,EGP
ORD2025000000842,2025-07-28 15:00:48,C0023362,P005,S001,CMP002,TikTok,تيك توك,Meeza,ميزة,5,299.0,0.0,1495.0,0.0,1495.0,875.0,Completed,EGP
ORD2025000000843,2025-09-09 17:57:08,C0022298,P012,S005,CMP007,Amazon Egypt,أمازون مصر,Vodafone Cash,فودافون كاش,1,239.0,0.1,239.0,23.9,215.1,138.0,Completed,EGP
ORD2025000000844,2025-05-13 20:29:35,C0020187,P012,S006,CMP004,Amazon Egypt,أمازون مصر,Credit Card,بطاقة ائتمان,1,239.0,0.0,239.0,0.0,239.0,138.0,Completed,جنيه
ORD2025000000845,2025-05-13 10:55:53,C0006543,P020,S022,CMP004,Noon,نون,Cash on Delivery,الدفع عند الاستلام,2,699.0,0.05,1398.0,69.9,1328.1,790.0,Completed,جنيه
ORD2025000000846,2025-07-02 09:45:03,C0000570,P015,S001,CMP007,Jumia,جوميا,Vodafone Cash,فودافون كاش,1,549.0,0.0,549.0,0.0,549.0,305.0,Completed,EGP
ORD2025000000847,2025-06-07 11:06:31,C0005644,P008,S030,CMP007,Amazon Egypt,أمازون مصر,Vodafone Cash,فودافون كاش,2,179.0,0.05,358.0,17.9,340.1,196.0,Completed,EGP
ORD2025000000848,2025-11-30 14:47:03,C0015834,P003,S034,CMP003,TikTok,تيك توك,Meeza,ميزة,2,145.0,0.15,290.0,43.5,246.5,164.0,Completed,EGP
ORD2025000000849,2025-08-26 10:18:52,C0015962,P013,S003,CMP002,Amazon Egypt,أمازون مصر,Meeza,ميزة,2,199.0,0.1,398.0,39.8,358.2,224.0,Completed,EGP
ORD2025000000850,2025-06-01 18:16:35,C0004760,P007,S017,CMP002,Instagram,إنستجرام,InstaPay,إنستاباي,5,215.0,0.05,1075.0,53.75,1021.25,600.0,Completed,EGP
ORD2025000000851,2025-09-04 14:19:32,C0015483,P019,S024,CMP003,Retail Store,فرع,Meeza,ميزة,3,99.0,0.05,297.0,14.85,282.15,156.0,Completed,EGP
ORD2025000000852,2025-11-04 03:36:18,C0020320,P002,S017,CMP004,Website,الموقع الإلكتروني,Cash on Delivery,الدفع عند الاستلام,3,189.0,0.05,567.0,28.35,538.65,315.0,Completed,جنيه
ORD2025000000853,2025-09-06 05:24:15,C0019024,P007,S030,CMP007,TikTok,تيك توك,Cash on Delivery,الدفع عند الاستلام,3,215.0,0.15,645.0,96.75,548.25,360.0,Completed,EGP
ORD2025000000854,2025-03-09 08:42:31,C0000300,P002,S005,CMP007,Pharmacy,صيدلية,Debit Card,بطاقة خصم,1,189.0,0.1,189.0,18.9,170.1,105.0,Pending,جنيه
ORD2025000000855,2025-05-18 00:03:59,C0013190,P009,S020,CMP004,Jumia,جوميا,Credit Card,بطاقة ائتمان,1,165.0,0.05,165.0,8.25,156.75,92.0,Completed,EGP
ORD2025000000856,2025-09-10 10:30:56,C0020354,P018,S015,CMP006,Noon,نون,InstaPay,إنستاباي,1,149.0,0.05,149.0,7.45,141.55,80.0,Completed,EGP
ORD2025000000857,2025-11-13 04:41:11,C0011083,P016,S031,CMP006,Retail Store,فرع,Meeza,ميزة,1,479.0,0.15,479.0,71.85,407.15,265.0,Completed,EGP 
ORD2025000000858,2025-08-25 03:46:22,C0004607,P019,S033,CMP006,Jumia,جوميا,Credit Card,بطاقة ائتمان,4,99.0,0.0,396.0,0.0,396.0,208.0,Completed,EGP
ORD2025000000859,2025-06-15 14:02:09,C0012458,P020,S003,CMP007,Instagram,إنستجرام,Vodafone Cash,فودافون كاش,3,699.0,0.15,2097.0,314.55,1782.45,1185.0,Completed,EGP
ORD2025000000860,2025-05-14 14:54:09,C0010338,P005,S008,CMP005,Jumia,جوميا,Cash on Delivery,الدفع عند الاستلام,1,299.0,0.0,299.0,0.0,299.0,175.0,Returned,EGP
ORD2025000000861,2025-09-05 01:36:57,C0019930,P002,S021,CMP007,Noon,نون,InstaPay,إنستاباي,3,189.0,0.0,567.0,0.0,567.0,315.0,Completed,EGP
ORD2025000000862,2025-03-03 09:14:09,C0013051,P003,S004,CMP002,TikTok,تيك توك,Meeza,ميزة,3,145.0,0.0,435.0,0.0,435.0,246.0,Completed,EGP
ORD2025000000863,2025-09-25 06:14:25,C0020267,P008,S030,CMP007,Amazon Egypt,أمازون مصر,Meeza,ميزة,2,179.0,0.1,358.0,35.8,322.2,196.0,Completed,EGP
ORD2025000000864,2025-11-02 16:21:34,C0010617,P004,S031,CMP006,Marketplace,ماركت بليس,Meeza,ميزة,1,129.0,0.1,129.0,12.9,116.1,70.0,Completed,EGP
ORD2025000000865,2025-11-27 06:41:09,C0017577,P006,S030,CMP001,Facebook,فيسبوك,InstaPay,إنستاباي,1,325.0,0.15,325.0,48.75,276.25,190.0,Cancelled,جنيه
ORD2025000000866,2025-09-23 12:28:01,C0005839,P018,S003,CMP004,Pharmacy,صيدلية,Vodafone Cash,فودافون كاش,2,149.0,0.2,298.0,59.6,238.4,160.0,Completed,EGP
ORD2025000000867,2025-02-10 15:31:06,C0003977,P010,S019,CMP001,Marketplace,ماركت بليس,Cash on Delivery,الدفع عند الاستلام,5,195.0,0.0,975.0,0.0,975.0,540.0,Completed,EGP
ORD2025000000868,2025-10-04 11:40:46,C0008097,P017,S032,CMP002,Website,الموقع الإلكتروني,Credit Card,بطاقة ائتمان,2,159.0,0.1,318.0,31.8,286.2,176.0,Completed,جنيه
ORD2025000000869,2025-04-30 07:44:07,C0017694,P003,S014,CMP001,Amazon Egypt,أمازون مصر,Cash on Delivery,الدفع عند الاستلام,3,145.0,0.0,435.0,0.0,435.0,246.0,Completed,EGP
ORD2025000000870,2025-08-20 03:21:12,C0023715,P017,S007,CMP003,Website,الموقع الإلكتروني,Meeza,ميزة,5,159.0,0.2,795.0,159.0,636.0,440.0,Completed,EGP
ORD2025000000871,2025-06-02 01:29:48,C0024264,P018,S019,CMP003,Noon,نون,Vodafone Cash,فودافون كاش,1,149.0,0.2,149.0,29.8,119.2,80.0,Completed,EGP
ORD2025000000872,2025-09-08 13:58:58,C0004768,P012,S026,CMP005,Website,الموقع الإلكتروني,Vodafone Cash,فودافون كاش,1,239.0,0.0,239.0,0.0,239.0,138.0,Completed,EGP
ORD2025000000873,2025-03-08 19:12:08,C0013986,P011,S027,CMP001,Instagram,إنستجرام,InstaPay,إنستاباي,1,219.0,0.2,219.0,43.8,175.2,126.0,Completed,EGP
ORD2025000000874,2025-01-10 13:35:19,C0010457,P005,S004,CMP005,Facebook,فيسبوك,Cash on Delivery,الدفع عند الاستلام,1,299.0,0.0,299.0,0.0,299.0,175.0,Cancelled,جنيه
ORD2025000000875,2025-12-17 11:12:48,C0008277,P009,S005,CMP006,Instagram,إنستجرام,Debit Card,بطاقة خصم,2,165.0,0.0,330.0,0.0,330.0,184.0,Completed,EGP
ORD2025000000876,2025-08-16 14:26:42,C0008722,P002,S023,CMP003,Instagram,إنستجرام,Debit Card,بطاقة خصم,1,189.0,0.05,189.0,9.45,179.55,105.0,Completed,EGP
ORD2025000000877,2025-09-06 18:05:10,C0018447,P002,S020,CMP006,Pharmacy,صيدلية,InstaPay,إنستاباي,2,189.0,0.15,378.0,56.7,321.3,210.0,Completed,EGP
ORD2025000000878,2025-10-27 22:05:00,C0012041,P001,S026,CMP002,Marketplace,ماركت بليس,Cash on Delivery,الدفع عند الاستلام,1,249.0,0.2,249.0,49.8,199.2,150.0,Completed,جنيه
ORD2025000000879,2025-05-05 11:49:34,C0002516,P011,S018,CMP005,Noon,نون,InstaPay,إنستاباي,3,219.0,0.2,657.0,131.4,525.6,378.0,Completed,EGP
ORD2025000000880,2025-12-29 07:44:32,C0007438,P013,S013,CMP004,Pharmacy,صيدلية,Credit Card,بطاقة ائتمان,1,199.0,0.05,199.0,9.95,189.05,112.0,Returned,EGP
ORD2025000000881,2025-01-06 22:54:58,C0022471,P013,S001,CMP006,Retail Store,فرع,Debit Card,بطاقة خصم,1,199.0,0.15,199.0,29.85,169.15,112.0,Completed,EGP
ORD2025000000882,2025-01-17 07:32:05,C0013005,P012,S026,CMP006,Retail Store,فرع,Credit Card,بطاقة ائتمان,1,239.0,0.0,239.0,0.0,239.0,138.0,Completed,جنيه
ORD2025000000883,2025-12-02 19:16:21,C0008430,P010,S029,CMP001,Marketplace,ماركت بليس,InstaPay,إنستاباي,2,195.0,0.2,390.0,78.0,312.0,216.0,Completed,جنيه
ORD2025000000884,2025-08-20 08:26:11,C0010666,P010,S034,CMP006,Facebook,فيسبوك,Cash on Delivery,الدفع عند الاستلام,2,195.0,0.0,390.0,0.0,390.0,216.0,Completed,جنيه
ORD2025000000885,2025-11-29 10:49:01,C0000515,P017,S018,CMP001,Website,الموقع الإلكتروني,Credit Card,بطاقة ائتمان,1,159.0,0.1,159.0,15.9,143.1,88.0,Completed,EGP
ORD2025000000886,2025-12-11 09:22:11,C0010331,P007,S025,CMP006,Noon,نون,Debit Card,بطاقة خصم,1,215.0,0.0,215.0,0.0,215.0,120.0,Completed,جنيه مصري
ORD2025000000887,2025-01-26 02:06:34,C0001156,P017,S025,CMP003,Jumia,جوميا,InstaPay,إنستاباي,4,159.0,0.2,636.0,127.2,508.8,352.0,Completed,EGP
ORD2025000000888,2025-12-27 01:45:56,C0014232,P017,S009,CMP006,Marketplace,ماركت بليس,Vodafone Cash,فودافون كاش,1,159.0,0.15,159.0,23.85,135.15,88.0,Completed,EGP
ORD2025000000889,2025-03-04 05:39:47,C0000650,P004,S020,CMP006,Facebook,فيسبوك,Vodafone Cash,فودافون كاش,2,129.0,0.05,258.0,12.9,245.1,140.0,Completed,EGP
ORD2025000000890,2025-07-28 06:11:42,C0021990,P004,S015,CMP007,Retail Store,فرع,Debit Card,بطاقة خصم,5,129.0,0.1,645.0,64.5,580.5,350.0,completed,EGP
ORD2025000000891,2025-10-31 13:37:47,C0022754,P015,S003,CMP005,TikTok,تيك توك,Cash on Delivery,الدفع عند الاستلام,1,549.0,0.0,549.0,0.0,549.0,305.0,Cancelled,جنيه
ORD2025000000892,2025-02-21 02:27:12,C0020671,P014,S011,CMP002,Marketplace,ماركت بليس,Credit Card,بطاقة ائتمان,1,229.0,0.0,229.0,0.0,229.0,125.0,Completed,EGP
ORD2025000000893,2025-11-15 21:10:59,C0001888,P016,S002,CMP006,Instagram,إنستجرام,Cash on Delivery,الدفع عند الاستلام,2,479.0,0.0,958.0,0.0,958.0,530.0,Cancelled,EGP
ORD2025000000894,2025-02-25 12:18:54,C0019096,P008,S021,CMP004,Marketplace,ماركت بليس,Meeza,ميزة,1,179.0,0.1,179.0,17.9,161.1,98.0,Completed,EGP
ORD2025000000895,2025-04-09 12:00:40,C0004916,P002,S025,CMP004,TikTok,تيك توك,Credit Card,بطاقة ائتمان,1,189.0,0.2,189.0,37.8,151.2,105.0,Completed,جنيه
ORD2025000000896,2025-07-20 16:14:57,C0003221,P012,S017,CMP001,Instagram,إنستجرام,InstaPay,إنستاباي,4,239.0,0.15,956.0,143.4,812.6,552.0,Completed,جنيه
ORD2025000000897,2025-02-19 17:10:37,C0019767,P008,S022,CMP004,Instagram,إنستجرام,Debit Card,بطاقة خصم,1,179.0,0.05,179.0,8.95,170.05,98.0,Completed,EGP
ORD2025000000898,2025-08-15 22:35:06,C0014540,P015,S003,CMP001,Noon,نون,Vodafone Cash,فودافون كاش,2,549.0,0.2,1098.0,219.6,878.4,610.0,Completed,جنيه
ORD2025000000899,2025-06-25 22:56:09,C0017612,P005,S013,CMP005,Retail Store,فرع,Vodafone Cash,فودافون كاش,1,299.0,0.2,299.0,59.8,239.2,175.0,Completed,جنيه
ORD2025000000900,2025-04-19 03:38:58,C0016824,P017,S013,CMP002,Amazon Egypt,أمازون مصر,Credit Card,بطاقة ائتمان,3,159.0,0.0,477.0,0.0,477.0,264.0,Completed,EGP
ORD2025000000901,2025-04-08 20:23:04,C0016285,P015,S021,CMP002,Amazon Egypt,أمازون مصر,Debit Card,بطاقة خصم,1,549.0,0.2,549.0,109.8,439.2,305.0,Complete,EGP
ORD2025000000902,2025-02-10 02:59:03,C0015440,P015,S006,CMP004,Facebook,فيسبوك,InstaPay,إنستاباي,1,549.0,0.15,549.0,82.35,466.65,305.0,Completed,EGP
ORD2025000000903,2025-07-31 03:08:56,C0013209,P016,S027,CMP004,Retail Store,فرع,Meeza,ميزة,1,479.0,0.0,479.0,0.0,479.0,265.0,Completed,EGP
ORD2025000000904,2025-03-01 00:49:01,C0004284,P015,S017,CMP001,Jumia,جوميا,Vodafone Cash,فودافون كاش,2,549.0,0.05,1098.0,54.9,1043.1,610.0,Completed,EGP 
ORD2025000000905,2025-05-01 04:36:01,C0000291,P005,S015,CMP004,Marketplace,ماركت بليس,Meeza,ميزة,1,299.0,0.1,299.0,29.9,269.1,175.0,Completed,EGP
ORD2025000000906,2025-01-30 20:25:23,C0023576,P020,S006,CMP001,Jumia,جوميا,Debit Card,بطاقة خصم,2,699.0,0.1,1398.0,139.8,1258.2,790.0,Completed,جنيه
ORD2025000000907,2025-05-22 04:07:11,C0013135,P001,S021,CMP003,Website,الموقع الإلكتروني,Credit Card,بطاقة ائتمان,2,249.0,0.0,498.0,0.0,498.0,300.0,Completed,EGP
ORD2025000000908,2025-06-24 08:38:59,C0017175,P017,S011,CMP007,Amazon Egypt,أمازون مصر,Credit Card,بطاقة ائتمان,6,159.0,0.15,954.0,143.1,810.9,528.0,Completed,EGP 
ORD2025000000909,2025-06-02 20:22:17,C0004601,P013,S031,CMP003,Instagram,إنستجرام,Vodafone Cash,فودافون كاش,5,199.0,0.05,995.0,49.75,945.25,560.0,Completed,EGP
ORD2025000000910,2025-01-08 19:46:08,C0010744,P007,S029,CMP003,Amazon Egypt,أمازون مصر,Meeza,ميزة,1,215.0,0.1,215.0,21.5,193.5,120.0,Completed,EGP
ORD2025000000911,2025-10-17 18:57:18,C0011967,P008,S019,CMP002,Jumia,جوميا,Vodafone Cash,فودافون كاش,2,179.0,0.2,358.0,71.6,286.4,196.0,Completed,EGP
ORD2025000000912,2025-03-22 11:09:02,C0014434,P006,S030,CMP004,TikTok,تيك توك,Cash on Delivery,الدفع عند الاستلام,1,325.0,0.1,325.0,32.5,292.5,190.0,Completed,جنيه
ORD2025000000913,2025-12-25 16:44:10,C0003297,P001,S023,CMP006,Amazon Egypt,أمازون مصر,Debit Card,بطاقة خصم,2,249.0,0.05,498.0,24.9,473.1,300.0,Completed,EGP
ORD2025000000914,2025-10-11 09:12:48,C0016985,P015,S011,CMP001,Pharmacy,صيدلية,Meeza,ميزة,1,549.0,0.05,549.0,27.45,521.55,305.0,Completed,EGP
ORD2025000000915,2025-12-21 16:23:04,C0023350,P015,S014,CMP006,Retail Store,فرع,Debit Card,بطاقة خصم,2,549.0,0.0,1098.0,0.0,1098.0,610.0,Completed,EGP
ORD2025000000916,2025-09-30 00:56:18,C0008480,P007,S004,CMP007,Pharmacy,صيدلية,Debit Card,بطاقة خصم,2,215.0,0.0,430.0,0.0,430.0,240.0,Completed,EGP
ORD2025000000917,2025-11-06 02:58:07,C0005550,P015,S017,CMP007,Instagram,إنستجرام,Credit Card,بطاقة ائتمان,3,549.0,0.2,1647.0,329.4,1317.6,915.0,Completed,EGP
ORD2025000000918,2025-03-20 18:30:01,C0007931,P011,S024,CMP005,TikTok,تيك توك,Cash on Delivery,الدفع عند الاستلام,1,219.0,0.2,219.0,43.8,175.2,126.0,Pending,جنيه مصري
ORD2025000000919,2025-07-01 01:56:19,C0024713,P017,S035,CMP004,Retail Store,فرع,InstaPay,إنستاباي,2,159.0,0.15,318.0,47.7,270.3,176.0,Completed,EGP
ORD2025000000920,2025-03-12 18:07:57,C0015412,P015,S022,CMP006,Retail Store,فرع,Debit Card,بطاقة خصم,1,549.0,0.15,549.0,82.35,466.65,305.0,Completed,جنيه
ORD2025000000921,2025-05-11 00:02:10,C0014331,P015,S024,CMP007,Jumia,جوميا,Meeza,ميزة,1,549.0,0.0,549.0,0.0,549.0,305.0,Completed,EGP
ORD2025000000922,2025-11-11 03:21:16,C0001784,P007,S025,CMP003,Retail Store,فرع,Vodafone Cash,فودافون كاش,1,215.0,0.1,215.0,21.5,193.5,120.0,Completed,جنيه
ORD2025000000923,2025-09-30 14:21:10,C0024316,P009,S017,CMP007,Noon,نون,Debit Card,بطاقة خصم,2,165.0,0.2,330.0,66.0,264.0,184.0,Completed,جنيه
ORD2025000000924,2025-07-09 03:03:14,C0005408,P007,S035,CMP001,Facebook,فيسبوك,Credit Card,بطاقة ائتمان,1,215.0,0.0,215.0,0.0,215.0,120.0,Completed,EGP
ORD2025000000925,2025-10-01 19:49:40,C0022144,P001,S032,CMP007,Amazon Egypt,أمازون مصر,InstaPay,إنستاباي,3,249.0,0.2,747.0,149.4,597.6,450.0,Completed,EGP
ORD2025000000926,2025-03-10 23:57:04,C0024883,P017,S013,CMP006,Facebook,فيسبوك,Cash on Delivery,الدفع عند الاستلام,4,159.0,0.1,636.0,63.6,572.4,352.0,Completed,EGP
ORD2025000000927,2025-01-08 22:51:51,C0023081,P018,S005,CMP003,Noon,نون,Vodafone Cash,فودافون كاش,1,149.0,0.1,149.0,14.9,134.1,80.0,Completed,EGP
ORD2025000000928,2025-05-02 07:50:05,C0010906,P002,S012,CMP003,Facebook,فيسبوك,Cash on Delivery,الدفع عند الاستلام,1,189.0,0.05,189.0,9.45,179.55,105.0,Completed,جنيه
ORD2025000000929,2025-09-10 06:58:01,C0007362,P002,S011,CMP002,Website,الموقع الإلكتروني,Credit Card,بطاقة ائتمان,1,189.0,0.2,189.0,37.8,151.2,105.0,Completed,جنيه
ORD2025000000930,2025-06-19 18:33:33,C0020391,P010,S017,CMP006,Pharmacy,صيدلية,Cash on Delivery,الدفع عند الاستلام,3,195.0,0.0,585.0,0.0,585.0,324.0,Completed,EGP
ORD2025000000931,2025-03-22 07:10:57,C0020357,P001,S026,CMP006,Jumia,جوميا,Meeza,ميزة,1,249.0,0.0,249.0,0.0,249.0,150.0,Returned,EGP
ORD2025000000932,2025-07-07 14:59:49,C0019438,P017,S010,CMP002,Instagram,إنستجرام,Credit Card,بطاقة ائتمان,2,159.0,0.15,318.0,47.7,270.3,176.0,Completed,جنيه
ORD2025000000933,2025-10-18 16:14:28,C0010138,P014,S016,CMP004,Website,الموقع الإلكتروني,Credit Card,بطاقة ائتمان,1,229.0,0.2,229.0,45.8,183.2,125.0,Completed,جنيه
ORD2025000000934,2025-11-06 00:32:02,C0002200,P016,S023,CMP004,Noon,نون,Vodafone Cash,فودافون كاش,3,479.0,0.1,1437.0,143.7,1293.3,795.0,Completed,جنيه
ORD2025000000935,2025-09-17 08:43:57,C0013212,P004,S017,CMP004,Instagram,إنستجرام,Credit Card,بطاقة ائتمان,2,129.0,0.0,258.0,0.0,258.0,140.0,Completed,EGP 
ORD2025000000936,2025-03-26 05:43:25,C0017026,P014,S002,CMP006,Instagram,إنستجرام,InstaPay,إنستاباي,5,229.0,0.1,1145.0,114.5,1030.5,625.0,Completed,جنيه
ORD2025000000937,2025-01-18 18:47:54,C0022592,P007,S030,CMP007,TikTok,تيك توك,Credit Card,بطاقة ائتمان,2,215.0,0.0,430.0,0.0,430.0,240.0,Completed,جنيه
ORD2025000000938,2025-07-06 13:43:50,C0007597,P002,S010,CMP006,Facebook,فيسبوك,Credit Card,بطاقة ائتمان,1,189.0,0.15,189.0,28.35,160.65,105.0,Completed,EGP
ORD2025000000939,2025-09-04 08:03:56,C0003504,P019,S022,CMP002,Facebook,فيسبوك,Credit Card,بطاقة ائتمان,1,99.0,0.0,99.0,0.0,99.0,52.0,Completed,EGP
ORD2025000000940,2025-05-03 18:48:45,C0014668,P012,S015,CMP003,Jumia,جوميا,Vodafone Cash,فودافون كاش,3,239.0,0.0,717.0,0.0,717.0,414.0,completed,EGP
ORD2025000000941,2025-12-25 01:05:13,C0000310,P010,S014,CMP006,Amazon Egypt,أمازون مصر,Cash on Delivery,الدفع عند الاستلام,1,195.0,0.0,195.0,0.0,195.0,108.0,Completed,EGP
ORD2025000000942,2025-08-05 21:23:50,C0002189,P001,S007,CMP007,Facebook,فيسبوك,Debit Card,بطاقة خصم,2,249.0,0.0,498.0,0.0,498.0,300.0,Completed,EGP
ORD2025000000943,2025-10-06 19:15:22,C0014364,P015,S030,CMP002,TikTok,تيك توك,Vodafone Cash,فودافون كاش,2,549.0,0.0,1098.0,0.0,1098.0,610.0,Completed,EGP
ORD2025000000944,2025-01-11 14:57:04,C0010022,P003,S003,CMP006,Facebook,فيسبوك,Cash on Delivery,الدفع عند الاستلام,2,145.0,0.05,290.0,14.5,275.5,164.0,Completed,جنيه
ORD2025000000945,2025-12-14 16:52:06,C0020284,P018,S004,CMP006,Jumia,جوميا,Vodafone Cash,فودافون كاش,2,149.0,0.05,298.0,14.9,283.1,160.0,Completed,EGP 
ORD2025000000946,2025-12-11 18:11:18,C0007178,P019,S003,CMP002,Website,الموقع الإلكتروني,Vodafone Cash,فودافون كاش,1,99.0,0.2,99.0,19.8,79.2,52.0,Completed,EGP
ORD2025000000947,2025-01-27 01:10:02,C0007678,P016,S026,CMP005,TikTok,تيك توك,InstaPay,إنستاباي,1,479.0,0.0,479.0,0.0,479.0,265.0,Pending,EGP
ORD2025000000948,2025-05-16 00:27:05,C0016462,P014,S007,CMP005,Jumia,جوميا,Meeza,ميزة,4,229.0,0.0,916.0,0.0,916.0,500.0,Completed,جنيه
ORD2025000000949,2025-01-06 20:27:18,C0003891,P009,S029,CMP002,Jumia,جوميا,InstaPay,إنستاباي,1,165.0,0.0,165.0,0.0,165.0,92.0,Completed,EGP
ORD2025000000950,2025-07-09 13:08:23,C0001573,P013,S009,CMP002,Pharmacy,صيدلية,Credit Card,بطاقة ائتمان,2,199.0,0.1,398.0,39.8,358.2,224.0,Completed,EGP
ORD2025000000951,2025-09-16 12:55:10,C0013945,P007,S034,CMP006,Pharmacy,صيدلية,Meeza,ميزة,2,215.0,0.0,430.0,0.0,430.0,240.0,Completed,EGP
ORD2025000000952,2025-05-09 01:48:23,C0023483,P001,S025,CMP002,Retail Store,فرع,Cash on Delivery,الدفع عند الاستلام,1,249.0,0.05,249.0,12.45,236.55,150.0,Completed,EGP 
ORD2025000000953,2025-09-27 03:16:51,C0024946,P005,S007,CMP003,Jumia,جوميا,InstaPay,إنستاباي,1,299.0,0.1,299.0,29.9,269.1,175.0,Completed,EGP
ORD2025000000954,2025-10-23 12:32:10,C0018765,P019,S003,CMP004,Marketplace,ماركت بليس,Cash on Delivery,الدفع عند الاستلام,2,99.0,0.0,198.0,0.0,198.0,104.0,Completed,EGP
ORD2025000000955,2025-07-28 07:11:58,C0004088,P013,S013,CMP003,Marketplace,ماركت بليس,Cash on Delivery,الدفع عند الاستلام,1,199.0,0.1,199.0,19.9,179.1,112.0,Completed,EGP
ORD2025000000956,2025-07-17 21:57:04,C0010010,P002,S018,CMP007,Pharmacy,صيدلية,Cash on Delivery,الدفع عند الاستلام,1,189.0,0.05,189.0,9.45,179.55,105.0,Completed,جنيه
ORD2025000000957,2025-10-21 06:44:05,C0016539,P020,S023,CMP005,Marketplace,ماركت بليس,Credit Card,بطاقة ائتمان,1,699.0,0.1,699.0,69.9,629.1,395.0,Completed,جنيه
ORD2025000000958,2025-07-19 20:33:46,C0004907,P008,S015,CMP004,Amazon Egypt,أمازون مصر,InstaPay,إنستاباي,4,179.0,0.0,716.0,0.0,716.0,392.0,Pending,EGP
ORD2025000000959,2025-08-18 16:43:15,C0014404,P020,S035,CMP001,TikTok,تيك توك,Debit Card,بطاقة خصم,1,699.0,0.1,699.0,69.9,629.1,395.0,Returned,EGP
ORD2025000000960,2025-10-19 08:19:56,C0010401,P001,S018,CMP004,Instagram,إنستجرام,Vodafone Cash,فودافون كاش,1,249.0,0.0,249.0,0.0,249.0,150.0,Completed,EGP
ORD2025000000961,2025-01-28 04:18:50,C0007980,P018,S028,CMP007,TikTok,تيك توك,Meeza,ميزة,2,149.0,0.2,298.0,59.6,238.4,160.0,Returned,EGP
ORD2025000000962,2025-02-15 05:44:15,C0013558,P009,S020,CMP001,Marketplace,ماركت بليس,Vodafone Cash,فودافون كاش,2,165.0,0.05,330.0,16.5,313.5,184.0,Completed,EGP
ORD2025000000963,2025-06-25 10:22:17,C0006038,P016,S019,CMP002,Retail Store,فرع,Debit Card,بطاقة خصم,1,479.0,0.0,479.0,0.0,479.0,265.0,Completed,EGP 
ORD2025000000964,2025-08-12 16:27:07,C0008929,P020,S023,CMP003,Website,الموقع الإلكتروني,Vodafone Cash,فودافون كاش,1,699.0,0.2,699.0,139.8,559.2,395.0,Completed,جنيه
ORD2025000000965,2025-12-07 05:05:07,C0021258,P019,S030,CMP001,Jumia,جوميا,Meeza,ميزة,1,99.0,0.0,99.0,0.0,99.0,52.0,Returned,جنيه
ORD2025000000966,2025-05-03 14:28:03,C0002418,P007,S004,CMP006,Amazon Egypt,أمازون مصر,Meeza,ميزة,4,215.0,0.1,860.0,86.0,774.0,480.0,Completed,EGP
ORD2025000000967,2025-11-21 11:44:24,C0003639,P009,S011,CMP005,Instagram,إنستجرام,Credit Card,بطاقة ائتمان,3,165.0,0.2,495.0,99.0,396.0,276.0,Completed,جنيه
ORD2025000000968,2025-02-15 16:59:47,C0009667,P016,S011,CMP003,Marketplace,ماركت بليس,Meeza,ميزة,2,479.0,0.1,958.0,95.8,862.2,530.0,Completed,جنيه مصري
ORD2025000000969,2025-09-04 09:32:57,C0004594,P020,S003,CMP005,Website,الموقع الإلكتروني,Debit Card,بطاقة خصم,5,699.0,0.0,3495.0,0.0,3495.0,1975.0,Completed,جنيه
ORD2025000000970,2025-12-12 20:49:34,C0018126,P008,S013,CMP001,Retail Store,فرع,Meeza,ميزة,1,179.0,0.0,179.0,0.0,179.0,98.0,Completed,جنيه
ORD2025000000971,2025-04-30 09:27:36,C0005314,P020,S016,CMP007,Instagram,إنستجرام,Vodafone Cash,فودافون كاش,1,699.0,0.15,699.0,104.85,594.15,395.0,Completed,EGP
ORD2025000000972,2025-12-19 06:28:13,C0006065,P006,S023,CMP001,Retail Store,فرع,Cash on Delivery,الدفع عند الاستلام,2,325.0,0.1,650.0,65.0,585.0,380.0,Completed,EGP
ORD2025000000973,2025-02-20 13:54:47,C0001343,P019,S005,CMP007,Retail Store,فرع,Debit Card,بطاقة خصم,3,99.0,0.0,297.0,0.0,297.0,156.0,Returned,EGP
ORD2025000000974,2025-02-11 01:31:34,C0007448,P006,S022,CMP005,Website,الموقع الإلكتروني,Credit Card,بطاقة ائتمان,2,325.0,0.0,650.0,0.0,650.0,380.0,Completed,EGP
ORD2025000000975,2025-10-29 20:12:59,C0008923,P007,S022,CMP005,Marketplace,ماركت بليس,Cash on Delivery,الدفع عند الاستلام,1,215.0,0.1,215.0,21.5,193.5,120.0,Completed,EGP
ORD2025000000976,2025-09-11 10:50:37,C0011679,P011,S032,CMP001,Website,الموقع الإلكتروني,InstaPay,إنستاباي,2,219.0,0.0,438.0,0.0,438.0,252.0,Completed,EGP
ORD2025000000977,2025-11-07 02:31:12,C0019430,P003,S023,CMP005,TikTok,تيك توك,Credit Card,بطاقة ائتمان,3,145.0,0.0,435.0,0.0,435.0,246.0,Completed,جنيه
ORD2025000000978,2025-07-12 19:28:53,C0013795,P002,S034,CMP002,TikTok,تيك توك,InstaPay,إنستاباي,2,189.0,0.0,378.0,0.0,378.0,210.0,Completed,EGP
ORD2025000000979,2025-12-26 18:49:15,C0004970,P014,S022,CMP006,Jumia,جوميا,Debit Card,بطاقة خصم,6,229.0,0.0,1374.0,0.0,1374.0,750.0,Completed,EGP
ORD2025000000980,2025-02-23 13:53:20,C0016558,P013,S017,CMP003,Noon,نون,InstaPay,إنستاباي,5,199.0,0.15,995.0,149.25,845.75,560.0,Completed,جنيه
ORD2025000000981,2025-07-23 21:41:53,C0013747,P012,S008,CMP007,Retail Store,فرع,Vodafone Cash,فودافون كاش,3,239.0,0.2,717.0,143.4,573.6,414.0,Completed,جنيه مصري
ORD2025000000982,2025-07-24 14:04:50,C0005634,P019,S002,CMP004,Amazon Egypt,أمازون مصر,Debit Card,بطاقة خصم,3,99.0,0.2,297.0,59.4,237.6,156.0,Completed,جنيه
ORD2025000000983,2025-04-11 06:50:51,C0012163,P001,S001,CMP003,Retail Store,فرع,InstaPay,إنستاباي,2,249.0,0.0,498.0,0.0,498.0,300.0,completed,EGP
ORD2025000000984,2025-03-28 05:28:00,C0007900,P006,S015,CMP001,Website,الموقع الإلكتروني,Credit Card,بطاقة ائتمان,3,325.0,0.0,975.0,0.0,975.0,570.0,Returned,EGP
ORD2025000000985,2025-02-09 02:36:17,C0002235,P010,S002,CMP003,Marketplace,ماركت بليس,Vodafone Cash,فودافون كاش,2,195.0,0.1,390.0,39.0,351.0,216.0,Completed,جنيه
ORD2025000000986,2025-11-21 15:46:46,C0014651,P020,S019,CMP007,Marketplace,ماركت بليس,InstaPay,إنستاباي,1,699.0,0.0,699.0,0.0,699.0,395.0,Completed,EGP
ORD2025000000987,2025-06-08 10:56:17,C0008465,P003,S016,CMP004,Website,الموقع الإلكتروني,Cash on Delivery,الدفع عند الاستلام,1,145.0,0.0,145.0,0.0,145.0,82.0,Completed,جنيه
ORD2025000000988,2025-09-12 22:00:35,C0018667,P002,S006,CMP003,Retail Store,فرع,Vodafone Cash,فودافون كاش,1,189.0,0.2,189.0,37.8,151.2,105.0,Completed,EGP
ORD2025000000989,2025-05-16 12:51:21,C0011295,P011,S013,CMP003,Facebook,فيسبوك,Cash on Delivery,الدفع عند الاستلام,2,219.0,0.0,438.0,0.0,438.0,252.0,Completed,EGP
ORD2025000000990,2025-09-24 06:04:47,C0015079,P017,S027,CMP003,Instagram,إنستجرام,Meeza,ميزة,4,159.0,0.05,636.0,31.8,604.2,352.0,Returned,جنيه
ORD2025000000991,2025-11-04 05:34:18,C0011598,P017,S011,CMP004,Amazon Egypt,أمازون مصر,Cash on Delivery,الدفع عند الاستلام,2,159.0,0.2,318.0,63.6,254.4,176.0,Completed,EGP
ORD2025000000992,2025-11-04 13:21:03,C0014556,P010,S012,CMP007,Retail Store,فرع,Vodafone Cash,فودافون كاش,4,195.0,0.2,780.0,156.0,624.0,432.0,Completed,EGP
ORD2025000000993,2025-03-22 12:39:33,C0020645,P003,S008,CMP004,Pharmacy,صيدلية,Debit Card,بطاقة خصم,2,145.0,0.2,290.0,58.0,232.0,164.0,Completed,EGP
ORD2025000000994,2025-01-25 04:22:49,C0007723,P016,S035,CMP002,Pharmacy,صيدلية,Vodafone Cash,فودافون كاش,1,479.0,0.0,479.0,0.0,479.0,265.0,Completed,جنيه
ORD2025000000995,2025-02-21 09:11:29,C0013522,P008,S004,CMP005,Retail Store,فرع,Cash on Delivery,الدفع عند الاستلام,2,179.0,0.0,358.0,0.0,358.0,196.0,Completed,جنيه
ORD2025000000996,2025-05-06 22:58:47,C0014069,P017,S024,CMP004,Retail Store,فرع,Cash on Delivery,الدفع عند الاستلام,1,159.0,0.2,159.0,31.8,127.2,88.0,Completed,EGP
ORD2025000000997,2025-01-19 04:31:05,C0011304,P004,S017,CMP007,TikTok,تيك توك,Debit Card,بطاقة خصم,2,129.0,0.15,258.0,38.7,219.3,140.0,Completed,EGP
ORD2025000000998,2025-09-08 22:05:40,C0015895,P020,S027,CMP006,Pharmacy,صيدلية,InstaPay,إنستاباي,1,699.0,0.1,699.0,69.9,629.1,395.0,completed,EGP
ORD2025000000999,2025-11-25 00:00:47,C0001172,P020,S016,CMP005,Facebook,فيسبوك,Credit Card,بطاقة ائتمان,4,699.0,0.0,2796.0,0.0,2796.0,1580.0,Completed,EGP
ORD2025000001000,2025-09-23 13:00:49,C0012449,P002,S021,CMP003,TikTok,تيك توك,Debit Card,بطاقة خصم,2,189.0,0.15,378.0,56.7,321.3,210.0,Completed,EGP
